,,,,,,,,,,,,"Normalized abundance",,,,,,"Raw abundance",,,,,
,,,,,,,,,,,,"Control_3_meses",,,"STZ_1_mes",,,"Control_3_meses",,,"STZ_1_mes",,
"Accession","Peptide count","Unique peptides","Confidence score","Anova (p)","q Value","Max fold change","Power","Highest mean condition","Lowest mean condition","Mass","Description","20260129_HDMSE_947_089_Control_pool_lagrimas_3_meses_N1","20260129_HDMSE_948_089_Control_pool_lagrimas_3_meses_N2","20260129_HDMSE_949_089_Control_pool_lagrimas_3_meses_N3","20260129_HDMSE_944_089_STZ_pool_lagrimas_1_mes_N1","20260129_HDMSE_945_089_STZ_pool_lagrimas_1_mes_N2","20260129_HDMSE_946_089_STZ_pool_lagrimas_1_mes_N3","20260129_HDMSE_947_089_Control_pool_lagrimas_3_meses_N1","20260129_HDMSE_948_089_Control_pool_lagrimas_3_meses_N2","20260129_HDMSE_949_089_Control_pool_lagrimas_3_meses_N3","20260129_HDMSE_944_089_STZ_pool_lagrimas_1_mes_N1","20260129_HDMSE_945_089_STZ_pool_lagrimas_1_mes_N2","20260129_HDMSE_946_089_STZ_pool_lagrimas_1_mes_N3"
"Q3V1U8","2","1","11.1461","8.04651227297448E-05","0.0147561223398596","2616.80034080026","1","STZ_1_mes","Control_3_meses","38604.8084","ELMO domain-containing protein 1 OS=Mus musculus OX=10090 GN=Elmod1 PE=1 SV=2","0","1.03632885154133","0","446.691449066492","1142.20900200093","1122.96524082708","0","1.27469920809428","0","442.873648542072","753.936907480628","780.006514868442"
"Q8CDG5;B8JJI2;B8JJI3","11","6","57.7598","0.000220313703174435","0.0149437588739857","2.46532802237429","0.999999999989953","Control_3_meses","STZ_1_mes","73111.547","CREB3 regulatory factor OS=Mus musculus OX=10090 GN=Crebrf PE=2 SV=1","2687.94365991262","3370.684021958","3097.79898771746","1277.21815409945","1259.58222663523","1177.28009313661","2687.94365991262","4145.98922642708","3453.80425815311","1266.30197437694","831.411350289946","817.733362606264"
"Q6P5G3;A2ABG6;Q5NC75;Q6P5G3-2;Q5NC76","6","5","30.3017","0.0002543477765381","0.0149437588739857","2.10845175178342","0.999999999915466","STZ_1_mes","Control_3_meses","71810.0766","MBT domain-containing protein 1 OS=Mus musculus OX=10090 GN=Mbtd1 PE=1 SV=1","20419.8077087518","18795.9657088232","21256.1470421076","38885.0161594363","42578.2530646598","46038.857402829","20419.8077087518","23119.304812145","23698.946076567","38552.6721322654","28104.5906530782","31978.3795666349"
"P17047;P17047-2;P17047-3","6","6","27.1471","0.000381054704977957","0.0149437588739857","1.90207811444259","0.999999989667985","Control_3_meses","STZ_1_mes","46194.3512","Lysosome-associated membrane glycoprotein 2 OS=Mus musculus OX=10090 GN=Lamp2 PE=1 SV=2","3636.51530912802","3503.9999445476","3662.13401696196","1921.98197302488","2060.60138367871","1696.80971796167","3636.51530912802","4309.96970491957","4082.99380039187","1905.55509984457","1360.13937207593","1178.5962613833"
"P08228","5","5","33.0613","0.000533227780044832","0.0149437588739857","11.6793092383287","0.999999754409794","Control_3_meses","STZ_1_mes","16113.7799","Superoxide dismutase [Cu-Zn] OS=Mus musculus OX=10090 GN=Sod1 PE=1 SV=2","8433.11018682033","15666.4313137605","12649.501103153","1105.30378541908","1287.95945713911","753.244984412298","8433.11018682033","19269.9330522475","14103.2071308711","1095.8569303686","850.14228427093","523.200517498515"
"Q91XL1","4","4","21.0671","0.000573600545576536","0.0149437588739857","4.7487145334324","0.999999544384054","Control_3_meses","STZ_1_mes","37830.1868","Leucine-rich HEV glycoprotein OS=Mus musculus OX=10090 GN=Lrg1 PE=1 SV=1","85491.1797316949","87716.124156164","119030.170570916","19732.4247914305","16810.0896260434","24997.8187403383","85491.1797316949","107892.078689756","132709.356416129","19563.7749059799","11095.8213119748","17363.3704464472"
"P24369","12","8","78.892","0.00066940845996899","0.0149437588739857","1.70256819571316","0.999998446921813","STZ_1_mes","Control_3_meses","23713.5186","Peptidyl-prolyl cis-trans isomerase B OS=Mus musculus OX=10090 GN=Ppib PE=1 SV=2","7426.10291844769","8381.77159424291","7478.78201183331","12282.1838543846","14075.9427535049","13288.9941752614","7426.10291844769","10309.6981211301","8338.25863481904","12177.2099891846","9291.09535195482","9230.4745114981"
"A8DUK4;E9Q223;P02089","9","3","62.2591","0.000726526470663513","0.0149437588739857","1.61624145676908","0.999997140015551","STZ_1_mes","Control_3_meses","15805.1198","Beta-globin OS=Mus musculus OX=10090 GN=Hbb-bs PE=1 SV=1","4324.05052944242","3640.52600764054","4096.20867221886","6410.36869685635","6607.82802388984","6474.94433571475","4324.05052944242","4477.89870183012","4566.95318530576","6355.58029868187","4361.62332530038","4497.46669055249"
"G3X977;Q61703;F6SGM1","6","5","32.0148","0.000739111786495217","0.0149437588739857","1.27357422767742","0.999996759990162","STZ_1_mes","Control_3_meses","106760.7795","Inter-alpha-trypsin inhibitor heavy chain H2 OS=Mus musculus OX=10090 GN=Itih2 PE=1 SV=1","1572.78568209361","1548.79570478394","1474.59114091813","1998.27966620238","1968.62768592806","1886.65952522911","1572.78568209361","1905.04071699983","1644.05411123544","1981.2006888154","1299.4303729959","1310.46506829851"
"P35700;B1AXW5;B1AXW6","7","5","39.6823","0.000814883045927917","0.0149437588739857","1.55768020308749","0.999993554944741","STZ_1_mes","Control_3_meses","22404.6355","Peroxiredoxin-1 OS=Mus musculus OX=10090 GN=Prdx1 PE=1 SV=1","174225.341009913","172929.933094644","186525.777461782","257704.577695193","275303.939539359","298295.89155325","174225.341009913","212706.274117226","207961.693772617","255502.017798588","181719.633123123","207194.960548075"
"P07901;B7ZC50","23","12","138.422","0.000957167479760157","0.0159573150249027","1.59757928698124","0.9999814161371","STZ_1_mes","Control_3_meses","85187.2283","Heat shock protein HSP 90-alpha OS=Mus musculus OX=10090 GN=Hsp90aa1 PE=1 SV=4","47063.4544505486","46466.0190653111","54499.4154512008","79068.1205964203","76339.0127170031","81080.7535751976","47063.4544505486","57153.8634843108","60762.5975405545","78392.3379887416","50389.0260601664","56318.3202113338"
"Q99N75;D3Z4E7;D3Z617","29","28","116.1191","0.00134177925085344","0.0205052181895608","1.37504815786852","0.999869722177978","STZ_1_mes","Control_3_meses","16316.897","Prolactin-induced protein OS=Mus musculus OX=10090 GN=Sval2 PE=1 SV=1","251822.533503039","267849.852392007","254396.098147344","338730.446723501","379608.289595639","346042.706727423","251822.533503039","329459.123158113","283631.807784351","335835.371655821","250567.715199563","240359.679762932"
"P04344","2","2","6.2961","0.0015520617417677","0.0218942569474012","1.90876844026707","0.999727980551366","STZ_1_mes","Control_3_meses","21599.0254","Gamma-crystallin B OS=Mus musculus OX=10090 GN=Crygb PE=2 SV=4","411.6309319727","332.192485054376","356.20401725906","659.040922270652","660.357425860799","780.299301861886","411.6309319727","408.601475298015","397.139697074753","653.408204689159","435.881554613201","541.992322532886"
"REVERSE22921","3","1","21.2769","0.00208217867866156","0.0272743574868648","57.5642692145003","0.99898179677969","STZ_1_mes","Control_3_meses","59144.592","Reversed Sequence 22921","70.730638303988","38.5925016169788","46.740407141513","1632.14461089657","6174.01432309164","1177.5251036862","70.730638303988","47.4693251822278","52.1119084399066","1618.19493139312","4075.27629123782","817.903545812252"
"P11672;A0A0A6YW77","7","7","36.4694","0.00226295532905829","0.0276661859220467","1.47702505627326","0.99857364253359","Control_3_meses","STZ_1_mes","23046.1184","Neutrophil gelatinase-associated lipocalin OS=Mus musculus OX=10090 GN=Lcn2 PE=1 SV=1","3657.76543650284","3452.0107651012","3618.72603167389","2654.72564051725","2404.44403979679","2204.41883344309","3657.76543650284","4246.02227571191","4034.59728240596","2632.0361241548","1587.09929653762","1531.17922894737"
"REVERSE35176","1","1","6.9377","0.00270610633701895","0.0302869579788101","338.195535683286","0.997201524154882","Control_3_meses","STZ_1_mes","26310.3022","Reversed Sequence 35176","505.611117510658","1369.40698901787","970.310722115552","0","8.41326548824901","0","505.611117510658","1684.39004845195","1081.8207756739","0","5.55333686997047","0"
"P20029","27","14","159.6384","0.00280763085929248","0.0302869579788101","2.26718922977845","0.996810711842792","Control_3_meses","STZ_1_mes","72536.2072","Endoplasmic reticulum chaperone BiP OS=Mus musculus OX=10090 GN=Hspa5 PE=1 SV=3","54228.0265119949","45208.2308952925","68564.7395966206","23826.1019574968","24471.9912608976","25802.9102608454","54228.0265119949","55606.7661687353","76444.3369362888","23622.4640666477","16153.2060934668","17922.5833305418"
"F6TZH1","8","7","51.0576","0.00309191128218334","0.0307242140315982","2.34495269116285","0.995564037569313","Control_3_meses","STZ_1_mes","18544.9769","Predicted gene 1330 OS=Mus musculus OX=10090 GN=Gm1330 PE=4 SV=1","36148.1713740426","47544.95411802","45348.6623137738","16974.1407774401","15805.137208958","22250.3131401696","36148.1713740426","58480.9689250478","50560.221506259","16829.0655052424","10432.4832397172","15454.9656358133"
"P70694;A0A1Y7VP26","3","1","16.3057","0.0031832431530362","0.0307242140315982","13.068078432406","0.995116273646639","STZ_1_mes","Control_3_meses","37446.9161","Estradiol 17 beta-dehydrogenase 5 OS=Mus musculus OX=10090 GN=Akr1c6 PE=1 SV=1","32.0814605009943","128.104525419509","73.6206636378976","1244.29651400395","1043.66236802313","767.444752420176","32.0814605009943","157.570385947157","82.081297904995","1233.66171028512","688.889316073367","533.06361134424"
"Q02819;A0A1B0GR41","13","3","59.5481","0.00355328168854563","0.032580985105973","4.81093939763055","0.993073054605357","STZ_1_mes","Control_3_meses","53408.7608","Nucleobindin-1 OS=Mus musculus OX=10090 GN=Nucb1 PE=1 SV=2","25.7037651013433","42.952993180023","39.6872440616897","178.015631829768","227.318380863062","115.902416676356","25.7037651013433","52.83279174407","44.2481817180863","176.494160635333","150.045846934465","80.50528797309"
"Q8K385;A0A0G2JFP4","7","5","36.307","0.00403910388114714","0.0346502773385107","3.86275512018742","0.989860098007105","Control_3_meses","STZ_1_mes","66731.8045","Ferric-chelate reductase 1 OS=Mus musculus OX=10090 GN=FRRS1 PE=1 SV=1","4479.02742984382","2856.7399509924","2544.96375358704","1110.02677772918","763.483893523465","684.438467895439","4479.02742984382","3513.83071873887","2837.43609053886","1100.53955601721","503.95215287743","475.407826151252"
"P49183;E9Q797;H3BKL7;D3YXC7","22","20","71.5371","0.00415685453114567","0.0346502773385107","1.79524557854962","0.988996387126162","STZ_1_mes","Control_3_meses","32255.5621","Deoxyribonuclease-1 OS=Mus musculus OX=10090 GN=Dnase1 PE=1 SV=2","123519.324634033","154831.667129029","156332.258919993","243795.742280746","294003.783567336","242563.658010249","123519.324634033","190445.149899814","174298.275545118","241712.058980615","194062.822987785","168483.606294854"
"Q3UWK8;W4VSP4","25","21","178.8624","0.00456453022350001","0.0354520268237088","4.10632221346262","0.985769726990579","Control_3_meses","STZ_1_mes","43486.2292","OTTMUSG00000000712 protein OS=Mus musculus OX=10090 GN=Serpinb6d PE=1 SV=1","38721.4358328954","36419.9523046908","25297.4741051024","11033.5740831099","5298.8180665033","8127.17459198316","38721.4358328954","44797.0586677904","28204.7105480847","10939.2718863502","3497.58625554828","5645.09826194729"
"A2AAN0;O35250;O35250-2;A2AAN3;A2AAN4","7","7","40.0101","0.00463967694008438","0.0354520268237088","1.89765393048669","0.98513698294957","Control_3_meses","STZ_1_mes","78733.7579","Exocyst complex component 7 OS=Mus musculus OX=10090 GN=Exoc7 PE=1 SV=1","32894.247349834","41268.2134578915","39975.7768775971","16780.1412563354","22408.4956896778","20958.3876782553","32894.247349834","50760.488754126","44569.8733036762","16636.7240670828","14791.1563575252","14557.600124949"
"Q5SW46;A7M7R7","77","68","515.8827","0.00513868921608707","0.0363486237552862","1.84019689303364","0.98066187257444","STZ_1_mes","Control_3_meses","80922.1158","Lactoperoxidase OS=Mus musculus OX=10090 GN=Lpo PE=1 SV=1","65384.3655412829","80714.6155375004","83517.8292491374","122129.510160415","140069.313222208","160341.317571111","65384.3655412829","99280.1236347541","93115.8656310738","121085.688728614","92455.4303622979","111372.345074495"
"Q0VGU8","21","20","145.1956","0.00515343438528382","0.0363486237552862","1.59334080534168","0.980522824731606","STZ_1_mes","Control_3_meses","40101.9387","BPI fold containing family A_ member 6 OS=Mus musculus OX=10090 GN=Bpifa6 PE=1 SV=1","75894.9326920522","65949.012711371","67284.7875367139","95913.6776721739","118428.741531311","118870.924559438","75894.9326920522","81118.2224182548","75017.2902194858","95093.9187766742","78171.1569340845","82567.199957594"
"A0A3B2WD20;A8R0U0","25","22","171.7372","0.0059995328615251","0.0407491206695271","1.81561742355394","0.971976628143572","STZ_1_mes","Control_3_meses","17466.8196","Exocrine gland secreted peptide 6 OS=Mus musculus OX=10090 GN=Esp6 PE=1 SV=1","55898.5974878416","72275.4817100716","60540.0316464589","96385.9789848866","120841.041804074","125405.60693057","55898.5974878416","88899.8691519944","67497.4134597835","95562.1834054452","79763.4418875177","87106.1604140412"
"A0A3B2WCZ8;Q8R0C3","1","1","4.9842","0.00658389086063949","0.0421900358396009","4.26224078423905","0.965521088938001","Control_3_meses","STZ_1_mes","102531.383","Solute carrier family 26_ member 8 OS=Mus musculus OX=10090 GN=Slc26a8 PE=1 SV=1","11870.703019076","18582.5849966368","15643.6484821523","2340.2458094389","5550.25826930219","2924.68418287069","11870.703019076","22856.8435051553","17441.4479296215","2320.24410200254","3663.55417261285","2031.47224298024"
"O88852","4","2","17.9239","0.00683563754291172","0.0421900358396009","1.89442236934855","0.962626941227137","STZ_1_mes","Control_3_meses","43221.8347","Testis-specific Y-encoded-like protein 1 OS=Mus musculus OX=10090 GN=Tspyl1 PE=2 SV=1","14819.6626936223","16620.0651986606","12007.2575220624","23221.5678997353","28941.5250542492","30143.8480957112","14819.6626936223","20442.9162767192","13387.1556298095","23023.0968649959","19103.4073965002","20937.7788759893"
"Q9CQV3;A0A087WST6","18","16","127.2771","0.0069018669002946","0.0421900358396009","2.70890833638859","0.961855506977696","Control_3_meses","STZ_1_mes","43767.4408","Serpin B11 OS=Mus musculus OX=10090 GN=Serpinb11 PE=2 SV=1","8420.11582716136","12663.5728758863","7508.31333743947","4308.00584551062","3046.50140451397","3200.29877881462","8420.11582716136","15576.3745190806","8371.18375957113","4271.18600709516","2010.90154562867","2222.91287944265"
"P04939","23","17","78.9484","0.00718708195960538","0.0425163009780156","1.95851176540959","0.958489270407317","Control_3_meses","STZ_1_mes","21749.8459","Major urinary protein 3 OS=Mus musculus OX=10090 GN=Mup3 PE=1 SV=1","26658.8421471276","32472.3661949183","29318.0898054317","17722.1405175779","11729.6222108643","15709.7214707502","26658.8421471276","39941.4716786538","32687.3834656153","17570.67221098","7742.36158188493","10911.9006078308"
"Q61646","34","33","185.1709","0.00767543661357983","0.0439863251615791","1.4386602461268","0.952577577677699","STZ_1_mes","Control_3_meses","39265.6041","Haptoglobin OS=Mus musculus OX=10090 GN=Hp PE=1 SV=1","40485.0225185155","37784.917438285","47350.4894217821","61263.633544047","56574.376582729","62887.1077215695","40485.0225185155","46475.9851709762","52792.1025989762","60740.0230456567","37342.9997913747","43681.097099613"
"Q61781","42","11","292.7857","0.00838616673581039","0.0466030265634106","8.95091026762212","0.943705575664998","Control_3_meses","STZ_1_mes","53209.2697","Keratin_ type I cytoskeletal 14 OS=Mus musculus OX=10090 GN=Krt14 PE=1 SV=2","12475.85831422","17360.0494241299","18796.0725057503","3588.91805135437","703.055823269105","1141.2143475862","12475.85831422","21353.1073852704","20956.154842296","3558.24414155109","464.065448839216","792.6822608712"
"Q9EPK6;A0A494B9H1;A0A494B9B2;A0A494B9L8","18","14","121.9037","0.00870408301793812","0.0469470898811105","1.37085651132767","0.939656598058031","STZ_1_mes","Control_3_meses","52772.1901","Nucleotide exchange factor SIL1 OS=Mus musculus OX=10090 GN=Sil1 PE=1 SV=2","2766.20905208753","3328.05396710739","2928.23228155674","4337.52281843392","4200.78531960285","3830.23829342196","2766.20905208753","4093.55365341542","3264.75060615667","4300.45070316171","2772.8087305416","2660.46598215925"
"Q5S006","5","2","30.8789","0.00910480226606913","0.0477053452514677","75.5909241064439","0.934498463440058","Control_3_meses","STZ_1_mes","288724.2476","Leucine-rich repeat serine/threonine-protein kinase 2 OS=Mus musculus OX=10090 GN=Lrrk2 PE=1 SV=2","2944.2289642906","6231.3630070611","12189.5824623648","244.54048652195","29.7145354498494","8.38703706204738","2944.2289642906","7664.66501307475","13590.4337177942","242.450438011649","19.6136476993592","5.82559754389355"
"Q3UV11;Q9Z331","26","1","210.4656","0.0100079200558318","0.0480245385741979","12.5620644850009","0.922713701106614","Control_3_meses","STZ_1_mes","59868.6585","Keratin 6B OS=Mus musculus OX=10090 GN=Krt6b PE=1 SV=1","2630.06183161834","3490.5593122841","5456.32490531789","662.951773345578","162.524179676272","96.1039403979947","2630.06183161834","4293.43753631586","6083.37670280517","657.285630344109","107.277194630142","66.7533569959425"
"Q497J0;D6REU3;L7N257;A0A384DV91;P35175","5","5","39.9897","0.0102341475093003","0.0480245385741979","1.75481742992361","0.919738342346416","Control_3_meses","STZ_1_mes","11016.4195","Cystatin domain containing 5 OS=Mus musculus OX=10090 GN=Cstdc5 PE=1 SV=1","10206.4297988316","13097.5512314492","14747.3477755359","7107.84898323031","6615.87210557857","7960.2034932903","10206.4297988316","16110.1740609378","16442.1425488103","7047.09933236417","4366.93297533929","5529.12090125956"
"Q9JI91","11","1","81.6689","0.0102984251607842","0.0480245385741979","1.57315623020072","0.918891824777055","STZ_1_mes","Control_3_meses","104404.1584","Alpha-actinin-2 OS=Mus musculus OX=10090 GN=Actn2 PE=1 SV=2","2924.30731562651","3491.11743080288","3407.69635153466","5106.51352749754","4449.27534397453","5897.51528380623","2924.30731562651","4294.12403002184","3799.31564833241","5062.86897136381","2936.82932588481","4096.38711481136"
"Q9CR35","1","1","5.6579","0.0104480038466025","0.0480245385741979","9.48307214467342","0.916920300872589","Control_3_meses","STZ_1_mes","28449.1978","Chymotrypsinogen B OS=Mus musculus OX=10090 GN=Ctrb1 PE=1 SV=1","3880.95541673043","2907.51339633286","5604.17395312761","306.120720846911","147.79319472149","852.90338763558","3880.95541673043","3576.28277772714","6248.21685961126","303.504355901874","97.5537261392652","592.422788099067"
"A0A0R4J135;P17563;Q63836;D6RHN2;G3UWK0;G3UZT2","2","2","11.1236","0.0104751107409129","0.0480245385741979","2.56686144116129","0.916562801655317","Control_3_meses","STZ_1_mes","53198.4065","Methanethiol oxidase OS=Mus musculus OX=10090 GN=Selenbp2 PE=1 SV=1","2086.44231814234","2238.02535531391","1851.46826160787","1121.81637208724","739.491139252318","544.718710422544","2086.44231814234","2752.80297742419","2064.24270623457","1112.22838659388","488.115276329055","378.35912230675"
"A0A589M9T4;Q8BVF4;Q8BVF4-2;A0A571BDK5;A0A571BEI9","4","2","25.3685","0.0116843133779402","0.0522617452779033","3.22293254780812","0.900589005424265","STZ_1_mes","Control_3_meses","76638.1518","Coiled-coil domain containing 30 OS=Mus musculus OX=10090 GN=Ccdc30 PE=1 SV=1","5301.552689392","6821.45582591989","4903.16122926437","12932.4215511446","14465.7589757259","27476.0161074303","5301.552689392","8390.48756233862","5466.64234806352","12821.8902081265","9548.40100840845","19084.7149913931"
"Q61493;F6T1D2","9","5","61.3524","0.0129718142062311","0.0553932989533556","2.20711854818933","0.883656663956934","Control_3_meses","STZ_1_mes","354247.2904","DNA polymerase zeta catalytic subunit OS=Mus musculus OX=10090 GN=Rev3l PE=1 SV=3","4704.51811287555","5317.63399677214","7003.14360630232","1990.11019636129","2437.76352937966","3285.93744671154","4704.51811287555","6540.76535120989","7807.95891011853","1973.10104212921","1609.09246319183","2282.39710607379"
"Q5RJH2","2","2","11.3686","0.0134414451761605","0.0553932989533556","1.72352769993713","0.877531363315871","STZ_1_mes","Control_3_meses","100976.4943","Multiple C2 and transmembrane domain-containing protein 2 OS=Mus musculus OX=10090 GN=Mctp2 PE=2 SV=1","7439.38570807215","9969.80947321653","11026.9064833332","14837.5043256634","18088.8961551889","16084.0084163519","7439.38570807215","12263.007269805","12294.140684207","14710.6905442176","11939.9220309859","11171.8786066017"
"Q8K203","1","1","4.618","0.013594396942667","0.0553932989533556","3.275946969408","0.875544128158655","STZ_1_mes","Control_3_meses","69184.3257","Endonuclease 8-like 3 OS=Mus musculus OX=10090 GN=Neil3 PE=1 SV=1","117.589416048052","88.2157489410968","146.661973787969","276.673937224437","575.455905828852","302.533812039519","117.589416048052","108.506624272223","163.516661857799","274.309249239394","379.840681759672","210.138600714844"
"A2ALR9;Q3V0C5;Q3V0C5-2;Q3V0C5-5","3","2","13.917","0.0141257945298995","0.0553932989533556","8.04099493689834","0.868672629287028","Control_3_meses","STZ_1_mes","120766.7659","Ubiquitin carboxyl-terminal hydrolase 48 OS=Mus musculus OX=10090 GN=Usp48 PE=1 SV=1","1406.26227320755","1566.04064494914","2282.80099784311","474.058080801311","84.2042435712612","95.2766912889471","1406.26227320755","1926.25223836153","2545.14506529558","470.006382043094","55.5806221835488","66.1787535522945"
"A8R0U8","10","7","49.6451","0.0143987937462328","0.0553932989533556","1.42540415442967","0.865163726619437","STZ_1_mes","Control_3_meses","9992.8493","Exocrine gland secreted peptide 15 OS=Mus musculus OX=10090 GN=Esp15 PE=4 SV=1","49083.9213861975","50421.3823914723","50936.3013745154","60101.4259305872","77042.767038826","77295.8960135802","49083.9213861975","62019.0165600782","56790.0032505005","59587.748635184","50853.5525663415","53689.3754777139"
"Q61171","5","3","32.7969","0.0144256876849362","0.0553932989533556","5.04360246490116","0.86481887852228","Control_3_meses","STZ_1_mes","21949.7644","Peroxiredoxin-2 OS=Mus musculus OX=10090 GN=Prdx2 PE=1 SV=3","3663.01803417415","3842.71978280816","7100.21421717554","1625.81051729894","781.37646601298","488.749430353081","3663.01803417415","4726.59991738002","7916.18507020985","1611.91497428256","515.762487716313","339.483116621548"
"Q9QWR8","4","4","18.075","0.0147230053912608","0.0553932989533556","1.6265373094367","0.861016703727436","Control_3_meses","STZ_1_mes","47748.0514","Alpha-N-acetylgalactosaminidase OS=Mus musculus OX=10090 GN=Naga PE=1 SV=2","790.514703869867","704.514199884517","727.573125223403","566.896912963922","396.599219335385","402.966239072622","790.514703869867","866.562473242263","811.187287483081","562.051735524038","261.78290348889","279.898504709889"
"Q14C51;A0A0U1RP36;A0A0U1RQ61","5","5","17.9806","0.0148009210214878","0.0553932989533556","1.99627324066566","0.860023453770889","Control_3_meses","STZ_1_mes","78366.5906","Small ribosomal subunit protein mS39 OS=Mus musculus OX=10090 GN=Ptcd3 PE=1 SV=2","21327.6307149973","31714.8420026469","27661.1994829644","10566.5850700478","16048.2340091475","13812.3481825858","21327.6307149973","39009.7061617868","30840.0799853959","10476.2741538526","10592.9439342418","9593.99380884957"
"P81117;Q3UKN6","14","12","84.3814","0.0156506781593121","0.0562971131442314","1.57738260619432","0.84928078599912","STZ_1_mes","Control_3_meses","50418.6216","Nucleobindin-2 OS=Mus musculus OX=10090 GN=Nucb2 PE=1 SV=2","16794.4314140057","17426.8119144495","18152.9902205901","22043.6657132193","31447.1246486467","29123.414651157","16794.4314140057","21435.226196702","20239.1682516116","21855.2620204781","20757.2763524229","20228.9904773781"
"P40142;A0A286YE28","34","29","255.5312","0.015656393646078","0.0562971131442314","1.51590235394197","0.849209107794637","STZ_1_mes","Control_3_meses","68314.9178","Transketolase OS=Mus musculus OX=10090 GN=Tkt PE=1 SV=1","14085.2036074258","13541.1049959523","16009.1211561475","18337.7635716721","24026.9195437082","23782.3675723539","14085.2036074258","16655.7514918068","17848.9214560471","18181.0336330827","15859.4279902676","16519.123630015"
"F6WYC8","42","21","323.6874","0.0166455576495242","0.0587029024690068","1.36240454690647","0.836926735013803","STZ_1_mes","Control_3_meses","44953.4182","Lipase OS=Mus musculus OX=10090 GN=Lipo1 PE=3 SV=2","108664.978983134","135409.614110338","128547.269713425","158446.680486194","182936.20999719","166278.829681489","108664.978983134","166555.748803174","143320.179672896","157092.461995741","120750.545819456","115496.513801921"
"O70456","16","7","105.3673","0.0171879027776188","0.0594718691255398","2.36392906358533","0.830299713235442","Control_3_meses","STZ_1_mes","27820.1408","14-3-3 protein sigma OS=Mus musculus OX=10090 GN=Sfn PE=1 SV=2","52695.1770177723","65983.0832690348","94395.6501364724","38583.9577708787","25615.8380471553","25935.6966997129","52695.1770177723","81160.1296881419","105243.787503689","38254.1868417066","16908.2240517844","18014.8161830266"
"P17156","25","10","159.0606","0.0177871797199101","0.060405697368989","1.84537357038386","0.823068579039946","STZ_1_mes","Control_3_meses","69926.8927","Heat shock-related 70 kDa protein 2 OS=Mus musculus OX=10090 GN=Hspa2 PE=1 SV=2","31516.6646320101","44329.4213373371","40519.8600127612","55655.9198320017","78876.4918593593","80206.2295167383","31516.6646320101","54525.8179292597","45176.4835635638","55180.2375677324","52063.9377217215","55710.8798042691"
"Q9D3H2","69","58","212.2351","0.0186328543841556","0.0621271268630259","1.41380872843054","0.813031429566196","Control_3_meses","STZ_1_mes","18754.2527","Odorant-binding protein 1a OS=Mus musculus OX=10090 GN=Obp1a PE=1 SV=2","573826.539188473","604645.399152637","671576.298281682","379851.847924316","429580.294599875","499124.099504758","573826.539188473","743722.429739744","748755.19292136","376605.314803437","283552.693296828","346689.314314678"
"REVERSE11897","12","8","77.5023","0.0191553766668916","0.0627288373906731","1.42447222958316","0.806928881980255","Control_3_meses","STZ_1_mes","195527.5509","Reversed Sequence 11897","152337.004578808","153706.465005561","180638.572224582","105812.469517842","104118.738576326","131726.587475049","152337.004578808","189061.135304834","201397.91910632","104908.107228258","68725.5656674952","91496.6845601128"
"O08759;A0A0J9YUF2;A0A0J9YUK0;A0A140LHS2;A0A140LI50","3","1","14.2444","0.0199417871470029","0.064158439157949","7.26366957482702","0.797888355774917","Control_3_meses","STZ_1_mes","100789.1487","Ubiquitin-protein ligase E3A OS=Mus musculus OX=10090 GN=Ube3a PE=1 SV=2","185.113608851986","333.883719618118","737.88006849425","45.4366038984767","31.8969148770142","95.7026283147058","185.113608851986","410.681717834827","822.67872533897","45.0482644965159","21.054168999212","66.4746074602665"
"Q922U2","47","24","372.0145","0.0213209056873817","0.0664024557093615","1.3308874629951","0.78245244706609","Control_3_meses","STZ_1_mes","61994.8946","Keratin_ type II cytoskeletal 5 OS=Mus musculus OX=10090 GN=Krt5 PE=1 SV=1","124743.899177279","155985.339102269","157287.674269745","111306.052038599","109274.708785713","108535.655648316","124743.899177279","191864.182814417","175363.489142373","110354.736975971","72128.8624616177","75388.3694911628"
"Q61753;F6ZSB7","9","5","52.2163","0.0215186275461698","0.0664024557093615","1.45117807856567","0.780282938056888","STZ_1_mes","Control_3_meses","57384.0209","D-3-phosphoglycerate dehydrogenase OS=Mus musculus OX=10090 GN=Phgdh PE=1 SV=3","6498.25635972094","8842.89819836996","6551.93935789715","10665.3915360736","11002.7850313811","10102.6013954067","6498.25635972094","10876.8903943528","7304.90136486871","10574.2361367825","7262.59879382986","7017.22067526548"
"Q60997;A0A140LI59;A0A1D5RM72;E9QPG8;Q60997-2;Q60997-3;Q60997-4;A0A140LHB2","14","11","80.1533","0.0217255521138261","0.0664024557093615","3.24602842446756","0.778024071313039","Control_3_meses","STZ_1_mes","232233.1624","Scavenger receptor cysteine-rich domain-containing protein DMBT1 OS=Mus musculus OX=10090 GN=Dmbt1 PE=1 SV=2","7303.07148899529","17092.0120992563","18095.6013448994","4213.06230461342","3870.54071636702","5006.45023082393","7303.07148899529","21023.4176682969","20175.1841312678","4177.05393348928","2554.82446107812","3477.45740868271"
"P16627","12","2","83.2323","0.0229292001514216","0.0684670467032892","5.4909797301839","0.765118436837382","Control_3_meses","STZ_1_mes","71036.5741","Heat shock 70 kDa protein 1-like OS=Mus musculus OX=10090 GN=Hspa1l PE=1 SV=4","19578.7594790798","38421.3588479554","64144.7668971667","12672.4247068973","4446.45627064632","5125.76227851721","19578.7594790798","47258.8171453043","71516.4121126247","12564.1155154122","2934.96854259269","3560.33101074942"
"P52480;P52480-2;A0A1L1SU37;A0A1L1SQV8;A0A1L1SSN6;A0A1L1STV8;A0A1L1SUV0;A0A1L1ST52;A0A1L1SVH2","13","11","80.0434","0.023147746387585","0.0684670467032892","1.61534559601995","0.762817592051383","STZ_1_mes","Control_3_meses","58415.2929","Pyruvate kinase PKM OS=Mus musculus OX=10090 GN=Pkm PE=1 SV=4","4480.82215630104","5399.16934805376","4558.73787042019","7487.53367241518","9490.40336279849","6345.60087245294","4480.82215630104","6641.05499146818","5082.63716628768","7423.53891710723","6264.32233466691","4407.62531315994"
"B1AZM5","2","1","16.4812","0.0240832221742414","0.0701033241711226","5.74776541377231","0.753114113780893","STZ_1_mes","Control_3_meses","13672.6566","Predicted gene 12886 OS=Mus musculus OX=10090 GN=Gm12886 PE=4 SV=1","799.940218708395","984.601937173298","713.014759576921","2853.37190641088","2300.74371455978","9201.25563663022","799.940218708395","1211.0743686584","794.955845268485","2828.98459211725","1518.64991260091","6391.15003796162"
"REVERSE29220","1","1","12.5544","0.0248262598001776","0.0711370565020622","2.02573082577564","0.745572142568779","STZ_1_mes","Control_3_meses","35260.256","Reversed Sequence 29220","650.637274237856","531.450776708425","866.771582422747","1018.51707552706","1558.9868477485","1572.93419372745","650.637274237856","653.692004428675","966.382710462309","1009.81197263511","1029.03909944278","1092.55288940477"
"P02815;A0A2I3BRY2","15","12","65.6697","0.025854253602018","0.072512453797259","2.27479035776835","0.735374014671837","STZ_1_mes","Control_3_meses","14859.5094","Mucin-like protein 2 OS=Mus musculus OX=10090 GN=Mucl2 PE=2 SV=2","35790.8751613088","55490.3770265672","57153.3920430395","76279.7234924265","134064.248711808","127313.725251028","35790.8751613088","68253.9519645876","63721.5744432763","75627.7728697749","88491.6726277142","88431.5306632579"
"A2AJD1","19","5","136.4511","0.0262336050731887","0.072512453797259","12.2412672036175","0.731678661652663","STZ_1_mes","Control_3_meses","62688.3485","BPI fold containing family B_ member 9B OS=Mus musculus OX=10090 GN=Bpifb9b PE=1 SV=1","710.171874130659","840.171861451683","152.272021651734","4150.10176372408","13873.3540997863","2818.71856588146","710.171874130659","1033.42332394077","169.771427669635","4114.63150629458","9157.37283461548","1957.86901057495"
"O88312","8","7","68.3336","0.0264924934281362","0.072512453797259","1.677421249804","0.729177485364638","STZ_1_mes","Control_3_meses","19977.0413","Anterior gradient protein 2 homolog OS=Mus musculus OX=10090 GN=Agr2 PE=1 SV=1","11926.1044485443","16790.2534499681","18399.5766743799","22357.7421043262","28184.0660489709","28491.4617036473","11926.1044485443","20652.2502432936","20514.0929150513","22166.6540507959","18603.4320863928","19790.0388533859"
"Q99KW3;Q99KW3-2;Q99KW3-4;Q99KW3-5;A0A2R8VI64","58","38","338.328","0.0269451250329888","0.0726667705359931","1.27736259509823","0.724844476521721","Control_3_meses","STZ_1_mes","225306.726","TRIO and F-actin-binding protein OS=Mus musculus OX=10090 GN=Triobp PE=1 SV=3","95665.5372367322","77637.4233004222","91920.6876258234","70603.840391272","65140.1255751689","71889.8329100501","95665.5372367322","95495.13347268","102484.397339272","70000.4006356303","42996.9863159969","49934.3487972462"
"A2AEN9","41","31","137.219","0.0278066013707873","0.0739032247965393","1.31192901698481","0.71673595520787","Control_3_meses","STZ_1_mes","18793.3791","Predicted gene 5938 OS=Mus musculus OX=10090 GN=Gm5938 PE=1 SV=1","1142471.22832881","1117763.0054487","1251950.77983632","999511.703007924","775223.236666211","902380.184805578","1142471.22832881","1374864.37414477","1395827.47348717","990969.036001688","511700.930946409","626789.144887634"
"P07724","19","15","130.0215","0.0282294386663562","0.0739552094861182","1.44820914008125","0.712821271193701","Control_3_meses","STZ_1_mes","70745.5714","Albumin OS=Mus musculus OX=10090 GN=Alb PE=1 SV=3","209214.38250009","186706.935457509","225904.60060694","172208.910493818","129663.561969932","127503.30024381","209214.38250009","229652.182721176","251866.010224092","170737.068419905","85586.9151383674","88563.2085852898"
"P02762;A2AKN9;A2BIM8;A2BIN1;A2CEK7;A2CEL1;A9R9W0;P04938;P11588;P11589;Q4FZE8;A2AKN8;B8JI96;Q58EV3;A2CEL0;A9C496;A9C497;B5X0G2;E9PVW0;E9QA79;L7MUC7;A2CEK6;A2BIN0;L7N222","11","8","89.8253","0.0298749028943824","0.0771636429471065","1.99707472926874","0.697983815185341","STZ_1_mes","Control_3_meses","20934.5736","Major urinary protein 6 OS=Mus musculus OX=10090 GN=Mup6 PE=1 SV=2","3256.03959726758","4522.98660932548","4993.18234615035","8464.77648355564","10835.4958871393","6206.78256693901","3256.03959726758","5563.33777695495","5567.00887218508","8392.4293899062","7152.17639316258","4311.2027537189"
"E9PX29","9","6","40.1657","0.0306374630958023","0.0772349943894796","1.65764082282183","0.69131522564346","Control_3_meses","STZ_1_mes","290078.7727","Spectrin beta chain OS=Mus musculus OX=10090 GN=Sptbn4 PE=1 SV=1","9885.99348064483","11189.5976993111","11946.5669218354","5784.90524068145","5393.68713577746","8742.58575040292","9885.99348064483","13763.3641145777","13319.4903441261","5735.46257884462","3560.20640000418","6072.56003497296"
"A0A2I3BR96;A6H603;A6H603-2;A6H603-3;E0CX99","4","1","21.6347","0.0308150369476399","0.0772349943894796","2.00690985623562","0.689780687091993","Control_3_meses","STZ_1_mes","175578.3999","NACHT domain- and WD repeat-containing protein 1 OS=Mus musculus OX=10090 GN=Nwd1 PE=1 SV=1","3057.4893630163","3859.0612730323","4221.71222141326","2344.45403091128","1207.53871647148","1997.9639797988","3057.4893630163","4746.70018248102","4706.87985399524","2324.41635647763","797.059035574726","1387.77663284373"
"B1AVM1","3","2","22.516","0.0315416580751127","0.0772349943894796","1.73691940743352","0.683572330042025","STZ_1_mes","Control_3_meses","13589.5858","Predicted gene 12887 OS=Mus musculus OX=10090 GN=Gm12887 PE=1 SV=1","29875.9116553572","34918.1159140137","33480.0167082573","41532.0999719585","71077.3783611591","58084.6164196762","29875.9116553572","42949.778574183","37327.6073523474","41177.1317419094","46915.9836243342","40345.3086291552"
"Q61838","17","17","116.5311","0.0317423142760681","0.0772349943894796","4.42069272894543","0.681877721692714","Control_3_meses","STZ_1_mes","167221.5021","Pregnancy zone protein OS=Mus musculus OX=10090 GN=Pzp PE=1 SV=3","2728.61939637178","7682.34519834327","9480.17129681233","1985.16074333661","1017.43829198701","1496.95275692964","2728.61939637178","9449.39371905976","10569.6515890068","1968.19389128961","671.579612898578","1039.77653128019"
"P62259;D6REF3;F6WA09","5","2","37.2307","0.0320882565108579","0.0772349943894796","1.27059180010919","0.678975990103451","STZ_1_mes","Control_3_meses","29345.0493","14-3-3 protein epsilon OS=Mus musculus OX=10090 GN=Ywhae PE=1 SV=1","18458.5185859886","20045.3353857517","18216.9564349748","21796.5326496556","27218.8799457049","23053.5840029597","18458.5185859886","24656.0472616379","20310.4855915991","21610.2411637668","17966.3425304842","16012.9138993934"
"P63154","6","3","29.5977","0.0326529267329603","0.0772349943894796","2.0768338936865","0.674292935271666","Control_3_meses","STZ_1_mes","83700.9527","Crooked neck-like protein 1 OS=Mus musculus OX=10090 GN=Crnkl1 PE=1 SV=1","5823.58498362808","3692.97123192801","7216.47912831289","3108.26208750515","2705.85223433296","2242.87829309216","5823.58498362808","4542.40707267026","8045.81137803425","3081.69626751349","1786.04954266581","1557.89299353593"
"P02525","4","1","17.7175","0.032850664045518","0.0772349943894796","4.44594261466299","0.672668460676827","Control_3_meses","STZ_1_mes","23857.5657","Beta-crystallin A1 OS=Mus musculus OX=10090 GN=Cryba1 PE=2 SV=2","34.7887256109594","32.2458952496149","60.9287907915596","7.61388913225041","3.31674830849011","17.8514280834754","34.7887256109594","39.662909198988","67.9308495852611","7.54881443699324","2.18928318566394","12.3995202153906"
"REVERSE8730","3","3","24.3611","0.0351359897116651","0.0815623385145839","1.91549748681575","0.654455522247027","Control_3_meses","STZ_1_mes","94178.5616","Reversed Sequence 8730","25410.5309099365","17886.5426205886","32030.0309206698","15810.9021233378","12747.998416617","10766.186007883","25410.5309099365","22000.7014955711","35710.9862909785","15675.7688662669","8414.56028271114","7478.14350892038"
"P17879;Q61696","19","9","127.3413","0.0356811739630414","0.0817925441431376","4.22767472938259","0.650258241038316","Control_3_meses","STZ_1_mes","70461.5006","Heat shock 70 kDa protein 1B OS=Mus musculus OX=10090 GN=Hspa1b PE=1 SV=3","11834.6601252203","11977.1365379238","24184.1245258735","7402.58234244878","2318.01110098421","1632.20076645336","11834.6601252203","14732.0480727923","26963.4126030599","7339.31365260005","1530.04758141485","1133.71917947274"
"A2A5R2;G3X9K3","9","5","54.0655","0.0366816399141445","0.0830478308738216","2.31785789389465","0.642697334570975","Control_3_meses","STZ_1_mes","204692.1831","Brefeldin A-inhibited guanine nucleotide-exchange protein 2 OS=Mus musculus OX=10090 GN=Arfgef2 PE=1 SV=1","6346.0601490126","7925.18675768391","13047.8984801688","4581.69109583584","2806.65049083973","4398.03473036493","6346.0601490126","9748.09228653041","14547.3891331992","4542.53211326528","1852.58336060721","3054.85478764749"
"REVERSE4129","3","2","22.5129","0.0374477193268942","0.0837483173121455","1.21361783567167","0.637028384642631","Control_3_meses","STZ_1_mes","46020.8252","Reversed Sequence 4129","28433.8505236164","31345.1412686492","30673.4172756244","27293.7056271822","22429.1528436916","24808.3542463732","28433.8505236164","38554.9690074966","34198.4678859742","27060.4306811885","14804.7915072984","17231.7692763877"
"Q9Z0S1;A0A1B0GRV0;D3Z0E6","7","5","34.6851","0.0383651636869121","0.0847663596122324","1.38452360953512","0.630372822022728","Control_3_meses","STZ_1_mes","33538.2313","3'(2')_5'-bisphosphate nucleotidase 1 OS=Mus musculus OX=10090 GN=Bpnt1 PE=1 SV=2","5596.03356551885","6550.76198334479","7609.46132500738","5110.84600975643","4918.91039507192","4239.59713873782","5596.03356551885","8057.53029085739","8483.95587666161","5067.16442458829","3246.82092763949","2944.80476189765"
"Q8VE42","2","2","10.78","0.0392065445945839","0.0849880195613794","9.80597750239622","0.624393306706964","Control_3_meses","STZ_1_mes","27225.2111","Ankyrin repeat domain-containing protein 49 OS=Mus musculus OX=10090 GN=Ankrd49 PE=1 SV=1","4396.24001086639","4148.51144002476","26282.6151804767","1161.94320717387","792.342379582152","1597.36101072571","4396.24001086639","5102.72799942281","29303.0660109472","1152.01226402516","523.000748795991","1109.51964465546"
"A8R0V1","19","17","108.1399","0.0393923659414104","0.0849880195613794","1.29802872458724","0.623088387485651","STZ_1_mes","Control_3_meses","10817.7247","Exocrine gland secreted peptide 18 OS=Mus musculus OX=10090 GN=Esp18 PE=2 SV=1","104978.02363875","99231.7657092723","108195.933114637","155580.087137432","132125.210547615","117806.303796914","104978.02363875","122056.481375846","120630.026669847","154250.368962831","87211.7733847229","81827.7192502293"
"P33173;A0A087WQE8;E9Q9G6;E9QAN4;G3UW47;Q6TA13;A0A5F8MPF0;Q60575;Q60575-2","5","3","31.6995","0.0400985812202006","0.0855057113735685","1.94068909133448","0.618179751185487","STZ_1_mes","Control_3_meses","193264.9301","Kinesin-like protein KIF1A OS=Mus musculus OX=10090 GN=Kif1a PE=1 SV=2","1040.92274682987","1802.64486624501","1457.11584810337","3681.87561622971","2264.96307241292","2399.45078974859","1040.92274682987","2217.27879143784","1624.57052273426","3650.40721295522","1495.03221510368","1666.64753285835"
"Q8CCX5;Q8CCX5-2","7","3","44.6141","0.0426583975655199","0.0890228083344383","1.17882658649255","0.601034873071198","Control_3_meses","STZ_1_mes","34425.9595","Keratin-like protein KRT222 OS=Mus musculus OX=10090 GN=Krt222 PE=2 SV=1","27176.626482228","24057.2063449656","28061.2801739768","21869.0471063187","21620.9696433957","23776.122231001","27176.626482228","29590.7055287318","31286.13875154","21682.1358509419","14271.3347216825","16514.785644505"
"P70227","5","3","23.834","0.0431313123562186","0.0890228083344383","23.1873724538346","0.597973914378993","Control_3_meses","STZ_1_mes","307126.8071","Inositol 1_4_5-trisphosphate-gated calcium channel ITPR3 OS=Mus musculus OX=10090 GN=Itpr3 PE=1 SV=3","152.436920759158","786.331361095188","368.557937231414","40.9079189522762","15.1411402313247","0.331896514963607","152.436920759158","967.198743716303","410.913354298663","40.5582854977846","9.99419932931514","0.230533799731037"
"A0A0J9YV20;A0A0R4J0B7;Q80UZ2;Q80UZ2-2;Q80UZ2-3;A0A0J9YU58","5","2","29.5897","0.043726156627692","0.0890228083344383","2.88241824831304","0.594169031418347","Control_3_meses","STZ_1_mes","79801.1831","Protein SDA1 OS=Mus musculus OX=10090 GN=Sdad1 PE=1 SV=1","5998.53031762307","12103.6696205144","9757.74303825093","1948.74672871481","2186.95457870668","5529.7741983257","5998.53031762307","14887.6855617381","10879.1224314742","1932.09110143921","1443.54121617172","3840.95584051088"
"H3BL44;Q3UZR5;Q80XR2;Q8BMS7;H3BJ99;H3BJJ5;H3BJY0;H3BKB1;H3BLC2","3","2","15.4884","0.0438160040311629","0.0890228083344383","2.00713854346642","0.593598656666555","STZ_1_mes","Control_3_meses","97831.5813","Calcium-transporting ATPase OS=Mus musculus OX=10090 GN=Atp2c1 PE=1 SV=1","1557.55954870979","2192.60100466549","3700.6371867003","4641.88229430304","4647.60448866399","5665.29654071117","1557.55954870979","2696.9303808892","4125.92183159142","4602.20886716553","3067.74027278552","3935.0890390532"
"Q9JLC8;E9QNY8;Q9JLC8-3","18","10","96.3805","0.0441751582183292","0.0890228083344383","1.86872333955633","0.591329867678411","Control_3_meses","STZ_1_mes","526274.0601","Sacsin OS=Mus musculus OX=10090 GN=Sacs PE=1 SV=2","23977.3995664508","29199.3168662176","41664.6983059537","12694.9346495443","20134.1708788385","17922.877245664","23977.3995664508","35915.5745118007","46452.8889686927","12586.433069172","13289.9447478401","12449.1484763223"
"I7HJI3","4","3","27.0944","0.0466708415329397","0.0929855661825145","1.57875486928004","0.576044344198063","Control_3_meses","STZ_1_mes","49593.0503","Serine (or cysteine) peptidase inhibitor_ clade B_ member 6e OS=Mus musculus OX=10090 GN=Serpinb6e PE=1 SV=1","20027.3230781872","23918.0270241527","28977.4765859465","18618.8135593305","12227.0596436651","15344.2150160457","20027.3230781872","29419.5129871371","32307.6262920525","18459.6815313514","8070.70467767034","10658.0214978363"
"A0A0A0MQ97;G3X9C2","6","3","37.2373","0.0471556699318413","0.0929855661825145","1.67908858816451","0.573168690576607","Control_3_meses","STZ_1_mes","33198.6553","F-box only protein 50 OS=Mus musculus OX=10090 GN=Nccrp1 PE=1 SV=1","1636.44779394257","1358.49244486389","2225.33277579089","827.972710308305","1157.62558774995","1123.39371784478","1636.44779394257","1670.96500410517","2481.07247994726","820.896159695512","764.112919894436","780.304133043188"
"Q9JJV0;E9QAS6","4","2","25.2351","0.0487251924937815","0.0949768263894115","11.7753893435278","0.564058639737952","Control_3_meses","STZ_1_mes","22696.9692","Beta-crystallin A4 OS=Mus musculus OX=10090 GN=Cryba4 PE=2 SV=3","15.8342924825636","65.1611318928929","68.2096119572351","7.78866545660795","0","4.88225624117015","15.8342924825636","80.149117819948","76.0483973165908","7.72209697600033","0","3.39119283208183"
"A0A0H2UH22;D3YUJ4;Q812E0","2","1","19.0882","0.0492013126829326","0.0949768263894115","1.93746673763948","0.561353641810703","Control_3_meses","STZ_1_mes","108362.9959","Cytoplasmic polyadenylation element binding protein 2 OS=Mus musculus OX=10090 GN=Cpeb2 PE=1 SV=2","5651.99981964688","4803.03336145562","6587.86610499059","2002.61942755216","2393.47961200567","4400.38709101561","5651.99981964688","5907.79926004378","7344.95688576753","1985.50335891753","1579.86201617418","3056.48872658536"
"J3KMP9","2","2","12.4073","0.0500599340507614","0.0953882540997105","8.88188329470946","0.556542337762568","Control_3_meses","STZ_1_mes","10896.5452","Secretoglobin_ family 2A_ member 2 OS=Mus musculus OX=10090 GN=Scgb2a2 PE=4 SV=1","1380.84448925755","882.172214792288","5398.95117098477","176.797538175208","82.9994959369037","602.854232607245","1380.84448925755","1085.08435515043","6019.40946389407","175.286477832834","54.7854054551297","418.739789847224"
"A0A494BBH0;A0A0G2JET8;A0A1Y7VLR3;A2AM74;P08032;Q0VDM6;Q3UUG6;Q3UUG6-2;Q6VGS5;Q6VGS5-2;Q8BJD1;Q8BQM9;Q8BQM9-2;Q8BQM9-3;Q8BQM9-4;Q8C0V0;Q9WVF7","70","40","317.1815","0.0505744578622447","0.0953882540997105","1.3997935642359","0.553699582414025","STZ_1_mes","Control_3_meses","45118.7246","Lipase OS=Mus musculus OX=10090 GN=Gm8978 PE=3 SV=1","85611.0802859363","99493.8390723402","83960.1051050626","101692.395548502","145852.842745688","129090.251310568","85611.0802859363","122378.835335083","93608.9687150793","100823.246873581","96272.9596897824","89665.4975305267"
"Q64511;F6XX57","13","6","86.0848","0.0509749028125683","0.0953882540997105","1.42759807600016","0.551507673675048","Control_3_meses","STZ_1_mes","182821.5668","DNA topoisomerase 2-beta OS=Mus musculus OX=10090 GN=Top2b PE=1 SV=2","7911.83774634725","9341.53052102692","11521.4049815252","7601.92955459296","6197.85598415111","6356.2890123792","7911.83774634725","11490.2152341232","12845.4679412297","7536.95707593732","4091.01343582072","4415.04924621789"
"Q7SIG6;D3YX85;E9PX52","5","3","28.9227","0.0519522074946628","0.0962350730742865","3.64823507027365","0.546232289949067","Control_3_meses","STZ_1_mes","108059.5925","Arf-GAP with SH3 domain_ ANK repeat and PH domain-containing protein 2 OS=Mus musculus OX=10090 GN=Asap2 PE=1 SV=3","4772.80554450983","6639.90143359759","8137.48810166684","3847.89404144121","917.512842608848","593.402157360702","4772.80554450983","8167.17308086387","9072.66454913395","3815.00670518253","605.621908003235","412.174421656575"
"Q6IFZ8","12","3","97.6999","0.052913633779556","0.0970358370197358","1.57472910873724","0.541142696388968","STZ_1_mes","Control_3_meses","60684.3589","Predicted gene 5414 OS=Mus musculus OX=10090 GN=Gm5414 PE=1 SV=1","2521.44636823664","2969.74327491648","3559.80690686791","4211.0856767191","6047.44297337263","3994.33908030671","2521.44636823664","3652.82641233923","3968.90705365052","4175.0941995181","3991.73044996391","2774.44963740656"
"A0A0N4SVK8","5","1","24.4518","0.0544551858494767","0.0987097987129298","1.65031835978724","0.533181923569136","Control_3_meses","STZ_1_mes","186002.0134","ADP-ribosylhydrolase like 1 OS=Mus musculus OX=10090 GN=Adprhl1 PE=1 SV=1","5766.85343821318","8592.10171649056","5955.55353398767","3851.05201076513","5194.5382925623","3263.8580938354","5766.85343821318","10568.4071591625","6639.97768638354","3818.13768384664","3428.75439540698","2267.06088865465"
"P08730;P08730-2","26","10","217.5342","0.054902973849312","0.0987097987129298","3.11114875560218","0.530914265977079","STZ_1_mes","Control_3_meses","48096.3274","Keratin_ type I cytoskeletal 13 OS=Mus musculus OX=10090 GN=Krt13 PE=1 SV=2","16877.0867677303","21153.3918017739","47980.4116872924","47494.3952330963","90699.7630162787","129398.515941293","16877.0867677303","26018.9723929093","53494.4167941681","47088.4682170165","59868.1140823851","89879.6167316626"
"E9Q7N9","7","4","39.7856","0.0573807216184169","0.10137497729444","1.63685782442605","0.51871498754725","Control_3_meses","STZ_1_mes","520367.9891","Dynein axonemal heavy chain 11 OS=Mus musculus OX=10090 GN=Dnah11 PE=1 SV=2","3230.13948790813","4911.81700741663","4618.50475497308","2738.58182447347","1973.66552179557","3083.45797393629","3230.13948790813","6041.60468981046","5149.27258103983","2715.17560268997","1302.75569295721","2141.7557913208"
"REVERSE12943","3","2","26.3849","0.0583486815415266","0.10137497729444","1.93716988085455","0.514103409175659","Control_3_meses","STZ_1_mes","93514.5176","Reversed Sequence 12943","14572.9841417717","21965.5473576138","29801.4521797759","12389.1156371554","8800.70383425662","13056.007048406","14572.9841417717","27017.9352629854","33226.2948131108","12283.2278430741","5809.07296372973","9068.64271989801"
"E9Q3M9","6","1","38.8594","0.0585242014775677","0.10137497729444","3.10602234357355","0.513276145151127","Control_3_meses","STZ_1_mes","126480.7566","Capping protein inhibiting regulator of actin like OS=Mus musculus OX=10090 GN=Cracdl PE=1 SV=1","2477.51612497836","2531.07439294686","5640.74811137334","1947.48650507013","921.494974081304","559.628315408595","2477.51612497836","3113.2574563745","6288.99419345","1930.84164872489","608.250390078113","388.715265667581"
"F6XVM5","1","1","14.7008","0.0589880680888492","0.10137497729444","1.76002466048214","0.511102863113611","STZ_1_mes","Control_3_meses","7839.2361","Oligomycin sensitivity conferral protein (Fragment) OS=Mus musculus OX=10090 GN=Atp5po PE=1 SV=1","47631.8079848158","40317.5416337745","47203.4529677496","52314.2249883061","100575.654288353","84982.3862085743","47631.8079848158","49591.1489064925","52628.1684208534","51867.1036565403","66386.8850877252","59028.3763751521"
"Q9D478;Q9D478-2;Q9D478-3;A0A0G2JFI3","3","2","19.6493","0.0591493502695222","0.10137497729444","8.40016138360093","0.510351625727073","Control_3_meses","STZ_1_mes","74834.9428","Protein BCAP OS=Mus musculus OX=10090 GN=Odf2l PE=2 SV=1","803.971992992692","188.992013277183","714.237597470679","174.512016771574","22.2854114358958","6.43695334541435","803.971992992692","232.462860898127","796.319214144657","173.020490415875","14.7099122406487","4.47107832262866"
"Q8BGZ7","26","11","211.1681","0.0600558140669227","0.101975506710435","1.55841499239533","0.506170951669474","Control_3_meses","STZ_1_mes","59968.7134","Keratin_ type II cytoskeletal 75 OS=Mus musculus OX=10090 GN=Krt75 PE=1 SV=1","22114.984828164","20880.0830064656","25572.8358655883","10649.4949145931","19181.721099725","14167.2722155898","22114.984828164","25682.7986924216","28511.7174341576","10558.4753811888","12661.2620463928","9840.52241718172"
"P17897","3","1","22.8368","0.0615441839249337","0.103533857552103","3.43660727485417","0.499455801870463","Control_3_meses","STZ_1_mes","17250.4463","Lysozyme C-1 OS=Mus musculus OX=10090 GN=Lyz1 PE=1 SV=1","5448.21357947512","3469.42617479338","6912.59351226162","3052.30632842267","1072.19707959532","481.851639403553","5448.21357947512","4267.44347701325","7707.00261772709","3026.2187533735","707.724198446826","334.691942609012"
"F8WIR1;P18242","15","8","98.3189","0.0623493518624079","0.103533857552103","1.30155958295047","0.495898121180089","STZ_1_mes","Control_3_meses","44671.3174","Cathepsin D OS=Mus musculus OX=10090 GN=Ctsd PE=1 SV=2","20518.1533119049","20301.3299659403","20116.5470519655","26126.5001923092","31100.3221774195","22085.051852997","20518.1533119049","24970.9242315857","22428.3809707774","25903.2011648845","20528.3627453635","15340.1759023792"
"Q9WV92;A0A3B2WBE1;A0A5F8MPR1;A7YY80;D0VYV6;Q9WV92-2;Q9WV92-3;Q9WV92-4;Q9WV92-5;Q9WV92-6;Q9WV92-7;Q9WV92-8;A0A3B2WD96;A0A5F8MPE1;A0A286YCY8;A0A286YD94;A0A286YDD0","8","5","40.84","0.0629550228384628","0.103533857552103","1.68890154978268","0.49325570933871","Control_3_meses","STZ_1_mes","103794.0457","Band 4.1-like protein 3 OS=Mus musculus OX=10090 GN=Epb41l3 PE=1 SV=1","2711.02003067247","3543.91020970879","4913.51482819056","1877.40715592623","2613.34579621739","2122.09258050976","2711.02003067247","4359.05989797956","5478.18580333619","1861.36125659365","1724.98889811414","1473.99579058431"
"F6W1B2;F6WC15;P18872","1","1","5.6032","0.0633258833185731","0.103533857552103","5.00662422597836","0.491651804392754","Control_3_meses","STZ_1_mes","8934.4001","Guanine nucleotide binding protein_ alpha O (Fragment) OS=Mus musculus OX=10090 GN=Gnao1 PE=1 SV=1","688.376420073662","645.44666496999","1465.94898838886","314.32291174726","32.8577735323243","212.032858030709","688.376420073662","793.908566263174","1634.41878521089","311.636443985645","21.6884021402934","147.277052411987"
"P17742","2","1","10.1609","0.0637964143282053","0.103533857552103","1.51654121296962","0.489632027155069","STZ_1_mes","Control_3_meses","18142.461","Peptidyl-prolyl cis-trans isomerase A OS=Mus musculus OX=10090 GN=Ppia PE=1 SV=2","2375.58888988846","2123.9684416925","3033.09271573507","3066.13380113638","4693.08759995157","3664.35283854439","2375.58888988846","2612.51135353023","3381.66181166511","3039.92804488476","3097.76227069193","2545.2427046951"
"P07744","6","1","51.7206","0.0652988533664982","0.104236365129192","2.2561572455512","0.483293994817831","STZ_1_mes","Control_3_meses","56625.623","Keratin_ type II cytoskeletal 4 OS=Mus musculus OX=10090 GN=Krt4 PE=1 SV=2","394.60761787374","559.592323926972","864.661586293066","1523.71218151064","826.541750312363","1753.38368344011","394.60761787374","688.306507248583","964.030229347081","1510.68925667562","545.574697837672","1217.89227878507"
"A0A0U1RNJ1;P19096","11","10","57.9407","0.0655290062316771","0.104236365129192","2.18359502176955","0.482337762419177","STZ_1_mes","Control_3_meses","274965.8558","Fatty acid synthase OS=Mus musculus OX=10090 GN=Fasn PE=1 SV=1","744.87258374965","1007.72330394558","1044.33969781488","1541.35030665526","1372.55504351813","3193.46927055658","744.87258374965","1239.51397821944","1164.35730968105","1528.17663157963","905.981219762925","2218.16913427499"
"Q01853","6","4","42.7051","0.0659344941375647","0.104236365129192","1.57444225891988","0.480662348902231","STZ_1_mes","Control_3_meses","90006.2895","Transitional endoplasmic reticulum ATPase OS=Mus musculus OX=10090 GN=Vcp PE=1 SV=4","44577.8326604687","46136.0027152825","47161.5163540797","51269.7636508572","91322.2954140132","74484.7211620181","44577.8326604687","56747.9386860057","52581.4123674621","50831.5691634493","60279.0285034168","51736.7462965668"
"P35918","5","2","27.7568","0.0665278836711145","0.104275532349724","1.41366922014876","0.478231694644326","Control_3_meses","STZ_1_mes","152343.8222","Vascular endothelial growth factor receptor 2 OS=Mus musculus OX=10090 GN=Kdr PE=1 SV=2","24378.1601907918","33744.9045924426","28455.1046267285","19943.558693035","17030.3797997705","24269.6453498508","24378.1601907918","41506.7119835832","31725.2222999794","19773.1042798238","11241.2280563072","16857.5845433005"
"Q9CPN9","9","6","36.0488","0.0690312729476208","0.106678141063167","1.83520008374084","0.468245215240035","STZ_1_mes","Control_3_meses","27106.3718","trypsin OS=Mus musculus OX=10090 GN=Prss3b PE=1 SV=1","49596.6070018895","49971.09552707","61988.5619126571","61961.7059324773","128369.832288035","106156.5318116","49596.6070018895","61465.1573206918","69112.4117283268","61432.1291207936","84732.9641068341","73735.8409668154"
"P27773","5","4","29.0741","0.0700344379717613","0.106678141063167","2.23032377060581","0.464360622946533","Control_3_meses","STZ_1_mes","57134.6581","Protein disulfide-isomerase A3 OS=Mus musculus OX=10090 GN=Pdia3 PE=1 SV=2","5839.87521356548","7760.29285789926","13209.25879525","5487.46434747924","2615.49433683931","3917.46060190582","5839.87521356548","9545.27044753359","14727.2932992003","5440.56386548584","1726.4070834631","2721.05019829151"
"P28665","8","3","47.1746","0.0706487792150907","0.106678141063167","1.81925200668862","0.462013613072058","Control_3_meses","STZ_1_mes","166723.6185","Murinoglobulin-1 OS=Mus musculus OX=10090 GN=Mug1 PE=1 SV=3","9237.00740668879","10944.9597134507","19306.5505919865","7439.3775482112","7068.59866790974","7197.93234791722","9237.00740668879","13462.4559169701","21525.2980936584","7375.79437561124","4665.76380554669","4999.65085368327"
"P08074;F6YNX9","9","8","59.2626","0.0713927226706812","0.106678141063167","2.54101412311813","0.459203278704923","STZ_1_mes","Control_3_meses","26072.2937","Carbonyl reductase [NADPH] 2 OS=Mus musculus OX=10090 GN=Cbr2 PE=1 SV=1","832.191386206444","608.779696580797","879.437317084374","2263.74443761625","2700.38084608663","932.065231772834","832.191386206444","748.807674302667","980.504016744741","2244.39657519545","1782.43804816101","647.408242600385"
"D3Z5N5;Q9Z1T6;Q9Z1T6-1;Q9Z1T6-3","6","3","31.175","0.072055930980362","0.106678141063167","2.04332417646461","0.456726793493814","Control_3_meses","STZ_1_mes","234817.3342","1-phosphatidylinositol 3-phosphate 5-kinase OS=Mus musculus OX=10090 GN=Pikfyve PE=1 SV=2","3613.17945654697","4730.9939220387","4955.21457760603","3501.29881504988","1174.85574351358","1832.54734462769","3613.17945654697","5819.18972626526","5524.67777155819","3471.3737728755","775.486013898321","1272.87899540123"
"E9PZW8;Q9QY06;Q9QY06-2;A0A1D5RLW4;E9PWZ6;Q9QY06-3;A0A8V5KX73","6","1","37.7045","0.072346359098596","0.106678141063167","1.36059954767592","0.455650747552115","STZ_1_mes","Control_3_meses","241856.0725","Myosin IXb OS=Mus musculus OX=10090 GN=Myo9b PE=1 SV=1","400.601768222949","598.873611552427","414.167765414183","674.861000078965","649.595661516665","598.945562324453","400.601768222949","736.623049005208","461.764755379193","669.093070817286","428.778046135822","416.024845364343"
"A0A087WPA9","3","1","41.0248","0.0724339619321458","0.106678141063167","1.23859316769402","0.455327176449561","Control_3_meses","STZ_1_mes","12795.5744","ABPBG18 OS=Mus musculus OX=10090 GN=Scgb2b18 PE=3 SV=1","6438.89401974863","6781.69702882208","7158.87685008776","4594.67711542107","5832.03744049096","6027.00764296014","6438.89401974863","8341.58367714814","7981.58933050886","4555.40714341364","3849.54790628712","4186.33191460885"
"Q9WU78","5","5","24.4868","0.0732751228863142","0.106678141063167","1.2940102672297","0.452243606481515","Control_3_meses","STZ_1_mes","96594.6173","Programmed cell death 6-interacting protein OS=Mus musculus OX=10090 GN=Pdcd6ip PE=1 SV=3","3124.94209053591","3146.4471298149","3500.31856157753","2079.82942977419","2484.91563353112","2986.74662837059","3124.94209053591","3870.17466388237","3902.58218845138","2062.05345957307","1640.21611177355","2074.58053347633"
"P11590;Q3KQQ2;Q5FW60;Q80YX8","62","51","439.7535","0.0737541428898375","0.106678141063167","1.96432951289934","0.450506270763475","Control_3_meses","STZ_1_mes","20826.8606","Major urinary protein 4 OS=Mus musculus OX=10090 GN=Mup4 PE=1 SV=1","299399.948323416","456437.617192976","487946.011475936","328768.969154927","144074.473554975","160341.350790711","299399.948323416","561424.752688285","544021.74539613","325959.0332462","95099.1130770733","111372.368148677"
"P14069","3","2","21.4435","0.0751831915174692","0.106678141063167","1.49960754018426","0.445402013842335","STZ_1_mes","Control_3_meses","10107.6646","Protein S100-A6 OS=Mus musculus OX=10090 GN=S100a6 PE=1 SV=3","3662.46244734355","3019.88526122631","4647.87759866122","4747.97451027357","6993.03404522621","5249.8827472105","3662.46244734355","3714.50176775016","5182.02101081412","4707.39432989819","4615.88593044576","3646.54452002776"
"P45376","3","2","15.3355","0.0754171107571519","0.106678141063167","2.65539401744876","0.444577530595253","Control_3_meses","STZ_1_mes","36074.4534","Aldo-keto reductase family 1 member B1 OS=Mus musculus OX=10090 GN=Akr1b1 PE=1 SV=3","414.459832961009","465.705593307904","1045.45911222195","179.844783880896","389.941076393736","155.388831630776","414.459832961009","572.824494958092","1165.60536943609","178.307679215808","257.388068839367","107.932371014915"
"E9Q557;E9PZW0","63","42","359.8622","0.0757794810335243","0.106678141063167","1.32272138621441","0.443306324362967","STZ_1_mes","Control_3_meses","335364.922","Desmoplakin OS=Mus musculus OX=10090 GN=Dsp PE=1 SV=1","142729.892735301","167992.394488018","192056.920302808","199792.046814961","206883.934072485","258360.829451297","142729.892735301","206633.031495021","214128.486638304","198084.456077106","136557.699325423","179456.249251671"
"P18761;B1ARR4","15","14","98.0761","0.075814833563434","0.106678141063167","1.32973128447997","0.443182696382984","STZ_1_mes","Control_3_meses","36609.0124","Carbonic anhydrase 6 OS=Mus musculus OX=10090 GN=Ca6 PE=1 SV=3","17837.0385296427","17250.1663781093","25043.8132719547","27287.7992447943","24673.3809353021","27996.9158610932","17837.0385296427","21217.9496778137","27921.8985034279","27054.5747797083","16286.1372015679","19446.5295753879"
"B1AQ77;Q61414","17","4","160.3329","0.0762047715879581","0.106678141063167","2.13193194645268","0.441823648639229","Control_3_meses","STZ_1_mes","49665.1683","Keratin 15 OS=Mus musculus OX=10090 GN=Krt15 PE=1 SV=1","8467.5063237252","9581.73982600563","20499.5185501376","5246.28593338399","6829.72013193206","6005.60520000119","8467.5063237252","11785.6760913384","22855.3643213378","5201.44676480444","4508.0874570299","4171.465875719"
"Q61362;Q61362-2;Q61362-3;D3YXU4;D3Z2Z5","4","3","22.2315","0.0778027483030714","0.107914705770859","1.48024980450109","0.43634028200638","STZ_1_mes","Control_3_meses","44178.3342","Chitinase-3-like protein 1 OS=Mus musculus OX=10090 GN=Chi3l1 PE=1 SV=3","69272.6286623702","90821.9159836797","75480.3432931825","86419.6202831084","135031.727719761","127258.333814546","69272.6286623702","111712.246754316","84154.6956747309","85681.0055808871","89130.2756592348","88393.0560250836"
"P05064;A6ZI44;A0A0U1RPN8;A0A0U1RPT5;A6ZI47;D3YV98;D3YWI1;D3Z510","6","6","31.8022","0.0782650203948578","0.107914705770859","2.35117398490027","0.434779306340294","STZ_1_mes","Control_3_meses","39812.1919","Fructose-bisphosphate aldolase A OS=Mus musculus OX=10090 GN=Aldoa PE=1 SV=2","2603.34011639024","1678.30636826861","2578.30079137689","2953.35857897519","8365.42500833895","4810.14598588856","2603.34011639024","2064.34067274085","2874.60428754883","2928.11669454876","5521.75884579749","3341.1053789145"
"P07309","1","1","6.0779","0.0788966362446319","0.107973768229231","2.29529749268236","0.432664443817028","Control_3_meses","STZ_1_mes","15889.9971","Transthyretin OS=Mus musculus OX=10090 GN=Ttr PE=1 SV=1","847.130683282926","519.979986755473","1352.20228802299","560.254231878567","331.762026940108","292.715989062408","847.130683282926","639.582769847879","1507.60008598858","555.465828373765","218.985874014785","203.319185825091"
"REVERSE3914","6","2","42.3808","0.0807734488933397","0.109667011345135","1.57482937139057","0.426499624538949","STZ_1_mes","Control_3_meses","54354.5154","Reversed Sequence 3914","115554.688568277","117425.684865244","173017.590025737","190381.121912802","173004.99140866","275991.404258933","115554.688568277","144435.260376117","192901.118353901","188753.964848127","114195.254960222","191702.365792823"
"D3YYP5;E9Q5V3;Q9Z2D3;E9Q308","2","1","22.1562","0.0813299204269775","0.109667011345135","2.19327949662367","0.424705270250521","Control_3_meses","STZ_1_mes","44847.9088","Gasdermin E OS=Mus musculus OX=10090 GN=Gsdme PE=1 SV=2","992.749165855285","1275.98369973154","1381.67188010662","267.555930067544","999.315778248722","397.487417510092","992.749165855285","1569.47807558375","1540.45638267796","265.269172234462","659.61750093861","276.09294033692"
"Q45VK7;Q45VK7-2;D3Z025;Q45VK7-3","8","6","47.9711","0.0872528686296795","0.116472915331163","1.65298319275024","0.406496288196902","Control_3_meses","STZ_1_mes","495761.6297","Cytoplasmic dynein 2 heavy chain 1 OS=Mus musculus OX=10090 GN=Dync2h1 PE=1 SV=1","57498.7824664506","40373.5698713841","63468.41380739","44755.4229548697","28908.89762204","23941.4910567739","57498.7824664506","49660.0644346144","70762.3311697527","44372.9054977192","19081.8710355577","16629.6500737585"
"Q64191;B7ZNK6","5","5","29.4726","0.0876474859121102","0.116472915331163","1.52482546265511","0.40533792229557","Control_3_meses","STZ_1_mes","37535.3228","N(4)-(beta-N-acetylglucosaminyl)-L-asparaginase OS=Mus musculus OX=10090 GN=Aga PE=1 SV=1","395.971798187697","452.236940873055","373.483391766412","326.21284923408","299.272989246181","175.71545356787","395.971798187697","556.257861145606","416.404851943852","323.424760074367","197.540863020238","122.051149548544"
"P97861;Q9ERE2;Q6IMF0;E9Q1Y9","7","3","41.4494","0.0898591115825506","0.118122821331472","4.11758630888698","0.398964630955914","Control_3_meses","STZ_1_mes","55133.2466","Keratin_ type II cuticular Hb6 OS=Mus musculus OX=10090 GN=Krt86 PE=2 SV=2","31870.4575695788","21980.9432105264","28100.8768344203","19308.9306034105","348.491882432001","245.567146128996","31870.4575695788","27036.8723807607","31330.2859395888","19143.9002551964","230.028735251266","170.569815390896"
"A0A0A0MQA3;A0A0R4J0X5;P07758;Q00896;P22599;Q00897","4","3","33.8221","0.0904879982779341","0.118122821331472","1.45449953385924","0.39718828356455","STZ_1_mes","Control_3_meses","49024.2217","Serine (or cysteine) peptidase inhibitor_ clade A_ member 1A OS=Mus musculus OX=10090 GN=Serpina1a PE=1 SV=1","474.006622311812","472.119679553149","623.879378014164","620.493777202409","690.22152216698","972.857230171153","474.006622311812","580.713912149654","695.576846949298","615.190515917794","455.593922817569","675.742177924828"
"Q06890;E9PUU2;E9PXG5;E9Q8Y5;E9Q9B8;E9Q2G2","17","17","125.0581","0.0913150355353096","0.118122821331472","1.86275341371218","0.394875813593257","Control_3_meses","STZ_1_mes","52283.0131","Clusterin OS=Mus musculus OX=10090 GN=Clu PE=1 SV=1","168033.420774","159919.93848526","164868.808473922","147761.478617098","47865.4728798571","68939.5574705772","168033.420774","196703.79594514","183815.862488686","146498.584841691","31594.5212609241","47885.1009845977"
"M0QW55","1","1","13.6948","0.0914655576670267","0.118122821331472","2.12500122819031","0.39445778715357","STZ_1_mes","Control_3_meses","4939.6321","RAB29_ member RAS oncogene family OS=Mus musculus OX=10090 GN=Rab29 PE=1 SV=1","80509.4730182705","71432.6017881859","100955.95929936","94160.8994196284","251520.483976918","191727.24968523","80509.4730182705","87863.1148752527","112558.020548319","93356.1212401145","166020.908192276","133172.869822884"
"Q8BVM7;A0A087WNN1","5","4","28.7866","0.094452655258042","0.121127485866205","1.42872448488588","0.386338313159712","Control_3_meses","STZ_1_mes","45485.8919","Flagellum-associated coiled-coil domain-containing protein 1 OS=Mus musculus OX=10090 GN=Flacc1 PE=1 SV=1","5852.06200214021","5338.03585429735","7314.51786000134","3423.1568597607","4012.91566550399","5515.77082325675","5852.06200214021","6565.85992576734","8155.11691732588","3393.89968440693","2648.80177054337","3831.22916030136"
"P45700;A0A1W2P788;A0A1W2P6N0","5","3","25.0177","0.0957141839731025","0.121212847060137","1.42213008336151","0.383006904062847","Control_3_meses","STZ_1_mes","73504.0174","Mannosyl-oligosaccharide 1_2-alpha-mannosidase IA OS=Mus musculus OX=10090 GN=Man1a1 PE=1 SV=1","60274.4471133117","81645.7073406018","94743.2274244081","52630.1245728868","48922.5126072831","64862.0844034686","60274.4471133117","100425.379778411","105631.309070411","52180.3032977883","32292.2405590417","45052.9068605811"
"E9Q720","2","2","16.0814","0.0958411652207292","0.121212847060137","5.35012250239734","0.382674689301643","Control_3_meses","STZ_1_mes","42530.3138","Regulator of G-protein signaling 20 OS=Mus musculus OX=10090 GN=Rgs20 PE=1 SV=1","6098.35433107628","6901.92001087158","17834.90907203","5551.00607050557","34.0567312159724","178.390913620654","6098.35433107628","8489.45965279555","19884.5325797391","5503.56250754657","22.4797971009585","123.90951185182"
"Q8VFX0","2","1","11.5306","0.097252047326392","0.121717428453768","11.0464606856795","0.379021040211965","STZ_1_mes","Control_3_meses","35085.2119","Olfactory receptor OS=Mus musculus OX=10090 GN=Or5b101 PE=3 SV=1","0","3.4822881764497","144.088299347866","264.932036277285","98.6502023886745","1266.55045478402","0","4.28326392175088","160.647215591087","262.667704445662","65.115953718595","879.74014708907"
"Q8VED5","17","7","136.8788","0.097567580168847","0.121717428453768","2.08408383523108","0.378213241678419","Control_3_meses","STZ_1_mes","57837.5262","Keratin_ type II cytoskeletal 79 OS=Mus musculus OX=10090 GN=Krt79 PE=1 SV=2","120026.730122236","81721.0121228755","120820.333235383","92745.4633075872","36409.0849266954","25622.3710179739","120026.730122236","100518.005730286","134705.248163088","91952.7826346232","24032.5131790634","17797.1815990283"
"P63017;Q504P4;D3Z5E2","8","2","51.569","0.100231444477318","0.12387337496599","1.64000596465722","0.371525078101214","Control_3_meses","STZ_1_mes","71099.2839","Heat shock cognate 71 kDa protein OS=Mus musculus OX=10090 GN=Hspa8 PE=1 SV=1","628.722147522759","711.129289850302","401.202580631176","446.318581813199","349.093072883611","266.202787887328","628.722147522759","874.699127865278","447.309585567066","442.503968125683","230.425562512389","184.903237677534"
"REVERSE289","2","2","11.3264","0.100646730042797","0.12387337496599","2.02269182978911","0.370503139116991","Control_3_meses","STZ_1_mes","10524.0816","Reversed Sequence 289","1044.53910937064","2024.31500838489","2142.83998794848","644.356447247742","1321.94816029241","610.308413261636","1044.53910937064","2489.93621501879","2389.09945553648","638.849235530667","872.577178147429","423.91742960137"
"Q07797","2","2","11.8325","0.10977227175673","0.134204155093549","1.86485919491199","0.349347989535931","Control_3_meses","STZ_1_mes","65403.6665","Galectin-3-binding protein OS=Mus musculus OX=10090 GN=Lgals3bp PE=1 SV=1","646.090852210438","755.883990210233","489.971266388986","573.705511707485","194.456405155182","246.362994171672","646.090852210438","929.748045033273","546.279746664215","568.802142260774","128.35467106779","171.12260779761"
"P57780;A0A1L1SV25;E9Q2W9;A0A1L1SVJ6;D3Z0L8;D3Z761","45","20","310.6523","0.113670072233878","0.138049156653637","1.49455072309308","0.341007414157791","Control_3_meses","STZ_1_mes","105433.5004","Alpha-actinin-4 OS=Mus musculus OX=10090 GN=Actn4 PE=1 SV=1","52123.5098018669","67151.8965178373","91627.491485533","43935.8408293254","56479.4888582886","40699.2504644455","52123.5098018669","82597.7865867632","102157.506510712","43560.3282097989","37280.3673332194","28269.5130342137"
"P13745;Q6P8Q0;P30115","5","3","28.1861","0.114576613509209","0.138234664587081","2.10872203151285","0.339122145182094","STZ_1_mes","Control_3_meses","25722.1182","Glutathione S-transferase A1 OS=Mus musculus OX=10090 GN=Gsta1 PE=1 SV=2","4379.02016216803","4562.60757993976","3202.26328347155","5542.36870646508","14247.3174283452","5818.40441912006","4379.02016216803","5612.07213361291","3570.27380021539","5494.99896567802","9404.21448526866","4041.43707040336"
"Q6UGQ3;G5E8B4;A0A0U1RPN9;Q9EST1","27","20","112.8885","0.115880455895065","0.138893951446769","1.66250357664002","0.336445402363234","Control_3_meses","STZ_1_mes","13028.1121","Secretoglobin family 2B member 2 OS=Mus musculus OX=10090 GN=Scgb2b2 PE=2 SV=1","120846.873783586","186076.98650591","128877.573068204","129711.832806123","57773.9295675808","74649.8741934504","120846.873783586","228877.336562499","143688.442151431","128603.206472787","38134.7876919901","51851.4608360592"
"P70704;A0A140LHU4;A0A140LIB1","7","6","44.539","0.116821920965856","0.139113152242368","1.79043958160101","0.334537621827851","STZ_1_mes","Control_3_meses","132725.2113","Phospholipid-transporting ATPase IA OS=Mus musculus OX=10090 GN=Atp8a1 PE=1 SV=2","4333.24444284692","5810.44899583018","8293.69920977675","6896.53660766818","14229.2828509855","11885.2181206575","4333.24444284692","7146.93480032052","9246.827750975","6837.59300995109","9392.31041739799","8255.41809105104"
"A0A3Q4EBW1;A0A3Q4EC06;Q78JT3","1","1","4.9083","0.117643213042978","0.139187344234229","1.36293791533947","0.332890175755361","Control_3_meses","STZ_1_mes","7713.8069","3-hydroxyanthranilate 3_4-dioxygenase OS=Mus musculus OX=10090 GN=Haao PE=1 SV=1","17913.6050914959","27015.4708545542","26612.9109686981","17618.5362141051","19365.0098298218","15507.4633480373","17913.6050914959","33229.4128966658","29671.3200533599","17467.953396954","12782.2452798493","10771.4130418177"
"E9PY58;Q60649;Q8CCN6","1","1","4.4527","0.11842491500335","0.139214045006592","1.32991963003149","0.331336478464852","Control_3_meses","STZ_1_mes","79966.0221","Mitochondrial disaggregase OS=Mus musculus OX=10090 GN=Clpb PE=1 SV=1","1285.5012974166","1667.16581488271","1467.10074953487","1369.12918186385","1078.6692529261","875.536120193295","1285.5012974166","2050.63763382843","1635.70290905696","1357.42745325579","711.996280296241","608.14338051143"
"A0A1B0GT39","1","1","4.4737","0.121315567894785","0.141434204720364","6.52755861731546","0.325709302983726","STZ_1_mes","Control_3_meses","8403.4742","Predicted gene_ 40193 OS=Mus musculus OX=10090 GN=Gm40193 PE=4 SV=1","33.1569519354404","48.0140905971883","0","158.152854082139","250.486550198881","121.20933387932","33.1569519354404","59.0580134583487","0","156.801146879068","165.338440418176","84.1914483649569"
"Q6IFX2","34","14","274.9775","0.121856014735126","0.141434204720364","2.07546244462288","0.324677371852656","Control_3_meses","STZ_1_mes","50475.3422","Keratin_ type I cytoskeletal 42 OS=Mus musculus OX=10090 GN=Krt42 PE=1 SV=1","32826.8003309522","18439.2262391906","27303.2135591094","19765.9910572138","12909.7088648788","5180.55728593838","32826.8003309522","22680.5101971342","30440.9536014468","19597.0542862466","8521.30035835069","3598.39137202944"
"Q8K2C7;Q8K2C7-2","14","9","75.6116","0.125024757856224","0.144199404524592","1.66997156122228","0.318749831576521","Control_3_meses","STZ_1_mes","76564.113","Protein OS-9 OS=Mus musculus OX=10090 GN=Os9 PE=1 SV=2","44413.1121425949","44244.1157838542","29540.7533449847","28452.7640534","13477.5886562515","28848.0868854052","44413.1121425949","54420.8908867392","32935.6359455511","28209.58282002","8896.1402807977","20037.7490718539"
"P15864;P43277","1","1","5.6778","0.126370828343086","0.144442699042523","2.37071364619883","0.316293543613556","Control_3_meses","STZ_1_mes","21266.6702","Histone H1.2 OS=Mus musculus OX=10090 GN=H1-2 PE=1 SV=2","264.665378477627","156.803747965853","471.583880723344","129.183256917413","183.004710322198","64.5142163407359","264.665378477627","192.870837341844","525.779245773066","128.079148237839","120.795760769703","44.8112792968942"
"P08113","19","9","107.6025","0.126810992572946","0.144442699042523","1.38204891199316","0.315498098958496","STZ_1_mes","Control_3_meses","92761.0585","Endoplasmin OS=Mus musculus OX=10090 GN=Hsp90b1 PE=1 SV=2","31870.4993861751","51747.308811025","53802.1417896661","57603.659225736","61064.2425271164","71253.190612651","31870.4993861751","63649.9248904613","59985.1917918745","57111.3299437224","40306.6217197469","49492.1399722907"
"REVERSE12630","4","3","21.5927","0.128868252087389","0.145879911986047","3.27873403640149","0.311829935880609","Control_3_meses","STZ_1_mes","18754.2527","Reversed Sequence 12630","17005.8495971247","29874.3386679009","62047.7672768881","29864.5409143525","1975.0594321779","1382.96492792081","17005.8495971247","36745.860916326","69178.4210917159","29609.2934494578","1303.67577017698","960.601107135169"
"O88968","17","12","114.16","0.130068497349252","0.14607001228697","1.2568436220098","0.309726846443273","Control_3_meses","STZ_1_mes","48042.063","Transcobalamin-2 OS=Mus musculus OX=10090 GN=Tcn2 PE=1 SV=1","32088.1962209871","43455.0784754631","41817.4919993028","31127.05793464","27380.2273720631","34870.0964459158","32088.1962209871","53450.363789412","46623.2420196171","30861.0199382672","18072.84298657","24220.6093412767"
"Q3TTY5","47","36","323.1627","0.130629223314679","0.14607001228697","1.39155420660056","0.308753477873785","Control_3_meses","STZ_1_mes","71379.0367","Keratin_ type II cytoskeletal 2 epidermal OS=Mus musculus OX=10090 GN=Krt2 PE=1 SV=1","111503.667052982","87903.8360077563","104994.292163608","79807.5141332329","88414.7214471381","50527.2703896269","111503.667052982","108122.966933598","117060.446721766","79125.4120470002","58359.8286713223","35096.0106774108"
"REVERSE17784","5","2","35.939","0.134503230110759","0.149490412084217","1.37751828903304","0.302182832544483","Control_3_meses","STZ_1_mes","45134.8528","Reversed Sequence 17784","42882.1780600632","33536.7741079687","31729.2519285534","29847.3309598874","18887.9232475123","29774.1964166648","42882.1780600632","41250.7085312576","35375.6411740572","29592.2305857267","12467.335152336","20681.0205121455"
"A0A0J9YUR3","3","1","24.2636","0.137865783185769","0.150062496928506","2.12240271563949","0.296689148483508","STZ_1_mes","Control_3_meses","8097.0205","Transducin (beta)-like 1X-linked receptor 1 (Fragment) OS=Mus musculus OX=10090 GN=Tbl1xr1 PE=1 SV=1","31689.9739968341","51609.8855877365","136775.796434306","191783.018820574","95379.9346823022","179926.216477731","31689.9739968341","63480.8923737664","152494.345181888","190143.879966767","62957.3509437465","124975.926187079"
"P21956;P21956-2","15","11","86.9946","0.13795125017581","0.150062496928506","1.65183852723784","0.296551952925786","STZ_1_mes","Control_3_meses","52381.5735","Lactadherin OS=Mus musculus OX=10090 GN=Mfge8 PE=1 SV=3","4840.15595441448","4002.87356835221","8687.61353233803","8891.49491241651","7249.71257300338","12816.5841202565","4840.15595441448","4923.59134852919","9686.01149724257","8815.5007244587","4785.31150414548","8902.34065018484"
"Q8C6C9;D3YTP1;D3Z001","50","35","249.1019","0.138218797978866","0.150062496928506","1.2642009921027","0.296123239246894","STZ_1_mes","Control_3_meses","38626.3357","Protein LEG1 homolog OS=Mus musculus OX=10090 GN=Leg1 PE=2 SV=2","157730.950568588","188596.071000257","243977.986528934","271755.659997543","237179.534524932","237328.982357929","157730.950568588","231975.846273284","272016.425891514","269433.007743015","156554.890098192","164847.624553313"
"Q7TPR4;A1BN54","27","7","202.7225","0.138291123188753","0.150062496928506","1.52218992276422","0.296007545681008","Control_3_meses","STZ_1_mes","103695.9952","Alpha-actinin-1 OS=Mus musculus OX=10090 GN=Actn1 PE=1 SV=1","20513.3092467834","24877.9165994918","38689.9458858279","18684.9160799049","21409.860870825","15142.2013492025","20513.3092467834","30600.1907997088","43136.2720363745","18525.2190842322","14131.9883368658","10517.703729751"
"P47739","31","21","183.3823","0.146564173007197","0.158104222796107","1.4681730156262","0.283308492457754","STZ_1_mes","Control_3_meses","50880.1354","Aldehyde dehydrogenase_ dimeric NADP-preferring OS=Mus musculus OX=10090 GN=Aldh3a1 PE=1 SV=2","25966.5906321408","20333.3555623993","35612.6185791944","29773.7335916791","48367.0364544642","42121.047195387","25966.5906321408","25010.316170143","39705.2921059391","29519.2622424786","31925.5878955608","29257.0865339386"
"Q61286;Q61286-2;V9GWU2;V9GXC3;V9GXG5;V9GXR6","4","2","35.3417","0.148111293470941","0.158204775167015","2.57315693755974","0.281045545621115","Control_3_meses","STZ_1_mes","76039.2818","Transcription factor 12 OS=Mus musculus OX=10090 GN=Tcf12 PE=1 SV=2","12766.4980835705","10925.4775351979","10218.5403484484","7070.04138670402","5435.75717970503","672.766437626766","12766.4980835705","13438.4925609814","11392.8754924106","7009.6148713314","3587.97553749194","467.300487366126"
"REVERSE6773","1","1","5.049","0.148382767058508","0.158204775167015","2.82094035024756","0.280651918667194","Control_3_meses","STZ_1_mes","74424.1315","Reversed Sequence 6773","149.389543219576","234.307885760173","426.358650735031","282.937485082442","0","4.2206888377153","149.389543219576","288.202027748743","475.356641682579","280.519263553502","0","2.9316711425776"
"Q6P5H2;Q6P5H2-2","7","5","37.7579","0.149500285383583","0.158474900492479","1.28259924160908","0.2790422559044","Control_3_meses","STZ_1_mes","207751.8418","Nestin OS=Mus musculus OX=10090 GN=Nes PE=1 SV=1","9040.46165956683","9859.7117885993","12111.7274349901","9174.69826266058","6369.91123731157","8634.33890190769","9040.46165956683","12127.5855538256","13503.6314345823","9096.28358086673","4204.58179787736","5997.37226960805"
"Q9Z0K8","7","7","42.364","0.152745159761584","0.16098402364228","1.70547474024779","0.274463741858041","Control_3_meses","STZ_1_mes","57889.8359","Pantetheinase OS=Mus musculus OX=10090 GN=Vnn1 PE=1 SV=3","1717.14981632566","2004.192442862","1084.78886844793","895.035075414986","547.583566461069","1375.44193340828","1717.14981632566","2465.18517359144","1209.45498009966","887.385353470599","361.443010833962","955.375669590211"
"REVERSE10617","2","1","9.5886","0.15407997777705","0.161462892249412","2.65780187111766","0.272620371636663","STZ_1_mes","Control_3_meses","19069.561","Reversed Sequence 10617","619.290277448164","835.803943581904","1108.97656555103","816.841838731278","2346.88607501151","3651.06422051059","619.290277448164","1028.05072291615","1236.42237584768","809.860421901397","1549.10706053259","2536.01249144974"
"A0A571BEG7;Q63ZW7;A2ADS6;A2ADS8","5","5","19.4663","0.158269768725675","0.163257964295219","2.93135933214133","0.266979715236317","Control_3_meses","STZ_1_mes","201927.1796","InaD-like protein OS=Mus musculus OX=10090 GN=Patj PE=1 SV=1","4313.88499982391","6851.18965442721","6837.80436544872","2708.69411820564","3234.16626139644","198.617678821028","4313.88499982391","8427.06059376153","7623.61855221792","2685.54334187762","2134.77332530551","137.958930353309"
"P60710;P63260;E9Q1F2;E9Q5F4;G3UZ07;B1ATY1;E9Q606;G3UYG0;F8WGM8;Q8BFZ3;E9Q2D1;F6WX90","27","18","219.9474","0.159396759985343","0.163257964295219","1.72200754500497","0.265498930443292","STZ_1_mes","Control_3_meses","42079.017","Actin_ cytoplasmic 1 OS=Mus musculus OX=10090 GN=Actb PE=1 SV=1","27022.7169592344","46984.2584574096","61773.2494603367","60021.8502662915","60800.0094670585","112992.711967283","27022.7169592344","57791.3052980061","68872.3551373065","59508.8530913909","40132.2096324623","78484.2204040276"
"Q9QWL7","36","11","329.1176","0.159405314141997","0.163257964295219","1.40055841763832","0.265487748547364","STZ_1_mes","Control_3_meses","48447.0528","Keratin_ type I cytoskeletal 17 OS=Mus musculus OX=10090 GN=Krt17 PE=1 SV=3","28905.2016014861","25791.640165327","33107.1765942555","30912.2455942885","54559.7427263801","37502.6686973958","28905.2016014861","31724.0837648182","36911.9197049386","30648.0435647052","36013.202165283","26049.1819741249"
"Q8K1H9","5","5","28.6418","0.16004282576664","0.163257964295219","1.56013952700289","0.264656824707923","STZ_1_mes","Control_3_meses","20167.2155","Odorant-binding protein 2a OS=Mus musculus OX=10090 GN=Obp2a PE=1 SV=1","6512.37178095728","7547.22774104151","6813.28724527935","7615.63296302735","15970.9396450933","8978.04308016547","6512.37178095728","9283.19732728112","7596.28387544439","7550.54336352684","10541.9243102512","6236.10761820274"
"A0A1L1SRG5;P23927","4","4","28.6305","0.160244197600944","0.163257964295219","2.57480003934792","0.264395349742484","Control_3_meses","STZ_1_mes","15385.4598","Alpha-crystallin B chain (Fragment) OS=Mus musculus OX=10090 GN=Cryab PE=1 SV=1","297.157999405978","310.48719103799","1037.43934477367","320.287799579662","184.958051421951","133.67154455438","297.157999405978","381.903655341548","1156.66395423385","317.550350873724","122.085100938992","92.8476428425792"
"P24472;A0A1L1SS61","13","10","78.6095","0.161456731306378","0.163584499754772","1.26841330487305","0.262830868005596","STZ_1_mes","Control_3_meses","25563.9437","Glutathione S-transferase A4 OS=Mus musculus OX=10090 GN=Gsta4 PE=1 SV=3","12196.1456300092","12772.4825333468","17136.9629259563","17648.6610396968","20695.1895636233","15063.4413439076","12196.1456300092","15710.3349447816","19106.3770632487","17497.8207504693","13660.2558655993","10462.9973906698"
"P97805;I7HJS7;I7HLV5;I7HPY1;Q9D8T0","2","2","12.0758","0.162934952832935","0.164175157057035","1.77016704440951","0.260946369802807","STZ_1_mes","Control_3_meses","25216.242","Protein FAM3D OS=Mus musculus OX=10090 GN=Fam3d PE=2 SV=2","344.105569714414","900.384457561824","562.925454784442","1263.58930453988","1275.71823412879","660.119783230667","344.105569714414","1107.48567245566","627.617976655692","1252.78960841942","842.062230792086","458.51617912433"
"P20060","32","29","210.3245","0.164504608820027","0.164850986071139","1.28875513549306","0.258972186001384","Control_3_meses","STZ_1_mes","61514.9503","Beta-hexosaminidase subunit beta OS=Mus musculus OX=10090 GN=Hexb PE=1 SV=2","15142.9107669033","17591.4448641639","20304.1709305835","17301.8363076056","11156.9858467407","12696.0296099177","15142.9107669033","21637.7270634056","22637.5669616928","17153.9602740109","7364.38199257861","8818.6040392531"
"B1AVU4;Q9D3N5","8","7","46.4576","0.165523708426961","0.164970751952707","5.71098391036458","0.257704995796547","STZ_1_mes","Control_3_meses","19741.1679","Predicted gene 14744 OS=Mus musculus OX=10090 GN=Gm14744 PE=3 SV=1","977.552518573091","835.599012584546","1049.01430097708","2219.11487019355","12956.866289571","1169.80185635213","977.552518573091","1027.79865487843","1169.56912761075","2200.14844956276","8552.42751885715","812.5390135743"
"Q9D541;D3YVX2;G3X9U4","12","6","71.4016","0.168022311262413","0.165882833351931","1.59589246420213","0.254645498665038","STZ_1_mes","Control_3_meses","185281.7329","Coiled-coil domain-containing protein 7A OS=Mus musculus OX=10090 GN=Ccdc7a PE=2 SV=2","7849.83199000308","7823.71246841882","8296.29120804128","7475.51628710025","14043.3526373577","16734.4111838141","7849.83199000308","9623.27746932661","9249.71762687678","7411.62424246664","9269.5836221931","11623.6453910619"
"P05213;P68369;P68373;A0A2R8VHF3;P05214;A0A0A0MQA5;P68368;Q9JJZ2","7","5","38.4504","0.168247964884108","0.165882833351931","1.49266631493084","0.254372447179311","Control_3_meses","STZ_1_mes","50836.0402","Tubulin alpha-1B chain OS=Mus musculus OX=10090 GN=Tuba1b PE=1 SV=2","109547.882743891","162886.101366828","161942.035311997","70876.9673885013","76202.7810934486","143927.032523115","109547.882743891","200352.218422802","180552.738687114","70271.1932600047","50299.1037703019","99971.0578316994"
"P28666","8","2","52.2975","0.17434189768831","0.170971897461506","1.77894915962132","0.247194762836129","Control_3_meses","STZ_1_mes","163807.927","Murinoglobulin-2 OS=Mus musculus OX=10090 GN=Mug2 PE=1 SV=2","8637.64305452715","12024.8417873824","23352.9636659118","8304.1503437738","7430.18742509848","9008.04920141692","8637.64305452715","14790.7262072633","26036.7330706797","8233.17609610557","4904.43738358457","6256.94973264328"
"A2AEP0","35","12","204.4839","0.178700151228947","0.17431374759947","1.474466515719","0.242283034975311","STZ_1_mes","Control_3_meses","19622.2442","Odorant-binding protein 1b OS=Mus musculus OX=10090 GN=Obp1b PE=1 SV=1","56577.3047048952","111296.73119626","102220.848325479","99542.7219874814","143237.933478187","155465.207393504","56577.3047048952","136896.560303567","113968.273157291","98691.9462294044","94546.938792531","107985.421270025"
"Q921L8","1","1","4.9434","0.181211476490939","0.174948774094049","2.48106736177777","0.239532138814665","STZ_1_mes","Control_3_meses","70056.9367","Polypeptide N-acetylgalactosaminyltransferase 11 OS=Mus musculus OX=10090 GN=Galnt11 PE=1 SV=1","47.6905460252798","517.986732119852","715.570082272479","846.342153276639","1134.0221736247","1198.49668139471","47.6905460252798","637.131038332562","797.804830771374","839.108601966509","748.533034759225","832.470307671828"
"O70570","8","8","45.9715","0.182012330477498","0.174948774094049","1.37895511330172","0.238666696463475","STZ_1_mes","Control_3_meses","86310.5057","Polymeric immunoglobulin receptor OS=Mus musculus OX=10090 GN=Pigr PE=1 SV=1","2656.42058591036","2793.54736842341","2644.56425031745","2541.25775165896","4599.88236232003","4020.85645941026","2656.42058591036","3436.1029445499","2948.48287604224","2519.53802723342","3036.24037014849","2792.86848752411"
"REVERSE27225","1","1","6.101","0.182213143984731","0.174948774094049","2.25129622612209","0.238450569927741","Control_3_meses","STZ_1_mes","28887.3335","Reversed Sequence 27225","927.566117981444","1470.82292108704","1352.87322204967","1581.53845575358","6.0878503310981","78.6414278508953","927.566117981444","1809.13308547581","1508.34812509876","1568.02129898153","4.01840209960915","54.6239757314988"
"Q8C9J3;Q8C9J3-4;A0A140LIV1;E0CX63;E0CY95;Q8C9J3-2;Q8C9J3-3","8","6","38.2781","0.183732310711714","0.175488587132513","1.58963046539658","0.236826902664369","Control_3_meses","STZ_1_mes","198428.9451","Sperm flagellar protein 2 OS=Mus musculus OX=10090 GN=Spef2 PE=1 SV=3","2992.35491285121","2706.78195950784","1561.77903017649","1137.9427082952","2229.82070727769","1199.91194080253","2992.35491285121","3329.38025911066","1741.26180753009","1128.21689357998","1471.83582456115","833.45334037684"
"G3UZJ4;P99029;P99029-2;A0A494BAZ4;H3BJQ7","5","4","30.2826","0.185466476397401","0.176227094610993","1.57089331362843","0.234997592114196","STZ_1_mes","Control_3_meses","17538.3371","thioredoxin-dependent peroxiredoxin OS=Mus musculus OX=10090 GN=Prdx5 PE=1 SV=1","1081.24977663746","1462.86362797789","2094.06334451659","2187.29028232527","1695.34986583712","3403.44069447582","1081.24977663746","1799.34304189251","2334.71730244926","2168.59586136787","1119.04811878369","2364.01432399127"
"P01592","3","3","17.0145","0.189126795586433","0.17877875292989","2.084340089846","0.231218590990808","STZ_1_mes","Control_3_meses","18469.784","Immunoglobulin J chain OS=Mus musculus OX=10090 GN=Jchain PE=1 SV=4","1158.5751833427","2058.56237564171","2083.07674612892","1822.39214985313","3000.50999959694","6224.54701147289","1158.5751833427","2532.06096321687","2322.46810214788","1806.81645499721","1980.54403878614","4323.54185555899"
"A2RTS9;J3QMJ1;Q6XQH0;Q3ULK5;A0A087WRM6","4","3","22.9852","0.190568597277438","0.179217863250982","2.07613556945839","0.22975980208662","Control_3_meses","STZ_1_mes","47340.332","Galactose-3-O-sulfotransferase 2 OS=Mus musculus OX=10090 GN=Gal3st2 PE=2 SV=1","1141.07913367981","2214.87079048772","2808.38004454916","2247.88501595466","284.52510216617","436.726415831425","1141.07913367981","2724.32253378526","3131.12470978082","2228.67270147969","187.806237958188","303.348168918179"
"Q80WJ6;D6RCU5;D6RGU5;Q80WJ6-2;Q80WJ6-3;Q80WJ6-4","3","2","19.9351","0.19448014908445","0.181963288350234","2.00383517685978","0.22588386759584","Control_3_meses","STZ_1_mes","154429.2033","ATP-binding cassette sub-family C member 12 OS=Mus musculus OX=10090 GN=Abcc12 PE=1 SV=1","37013.4268602511","22576.3940908819","10427.4022602668","33540.0305570993","803.0575179296","598.519907481869","37013.4268602511","27769.285421775","11625.7402338817","33253.3692688262","530.073480892087","415.729187459511"
"P11499;E9Q3D6;E9PX27;E9Q0C3;D3Z1R1;B7ZC49","26","14","170.325","0.196742176580515","0.182399162582318","1.38995902014427","0.223695303624362","Control_3_meses","STZ_1_mes","83623.5369","Heat shock protein HSP 90-beta OS=Mus musculus OX=10090 GN=Hsp90ab1 PE=1 SV=3","6601.1274681677","11649.9241849855","11542.1098044802","7346.07816567264","7544.66903093733","6543.8138414134","6601.1274681677","14329.5722307382","12868.5522039497","7283.29240800491","4980.00315807799","4545.30313389703"
"REVERSE54119","1","1","5.6134","0.197569137066478","0.182399162582318","3.91170665361897","0.222904607240489","STZ_1_mes","Control_3_meses","18887.0901","Reversed Sequence 54119","12.2954096793765","1577.50040751593","14233.189480445","20227.8908074686","7673.2896106881","33993.696450738","12.2954096793765","1940.34790910071","15868.8961516132","20055.006253054","5064.90163284556","23611.8659171562"
"P10078;P10078-2;A0A140LIA3;A0A140LJ19","6","5","31.1472","0.197929873602728","0.182399162582318","1.32361426866527","0.222561246483162","STZ_1_mes","Control_3_meses","95761.5109","Zinc finger protein 28 OS=Mus musculus OX=10090 GN=Zfp28 PE=2 SV=3","14245.5373913966","12132.0258647462","8761.46371314896","12079.3358960609","16813.7244430957","17617.4571444116","14245.5373913966","14922.564144934","9768.34868889428","11976.0957399867","11098.2205425209","12237.0050723348"
"A8R0V5","3","2","15.044","0.199101053900098","0.182561053141771","1.54878941256174","0.221452938287562","Control_3_meses","STZ_1_mes","12275.209","Exocrine gland secreted peptide 23 OS=Mus musculus OX=10090 GN=Esp23 PE=2 SV=1","457.459018468057","633.914105740513","926.799046525517","1283.10684824199","16.3726673351535","3.58477086834285","457.459018468057","779.723354594842","1033.30865108864","1272.14033879045","10.8070923589732","2.48996543255305"
"P35917","6","4","28.9678","0.205178149680782","0.18671653909689","2.26150934369756","0.21585611277133","Control_3_meses","STZ_1_mes","155126.7075","Vascular endothelial growth factor receptor 3 OS=Mus musculus OX=10090 GN=Flt4 PE=1 SV=1","1355.36725015993","613.111957453478","2669.31531582661","660.875350024422","773.76404817174","616.112475266029","1355.36725015993","754.136416714356","2976.07838362304","655.226953881687","510.737765659649","427.94890449617"
"Q6IFZ9","14","5","102.2158","0.205669356446796","0.18671653909689","1.29956531144124","0.215414680326195","STZ_1_mes","Control_3_meses","55374.0486","Keratin_ type II cytoskeletal 74 OS=Mus musculus OX=10090 GN=Krt74 PE=3 SV=1","27516.2636726439","19022.8687834246","21148.8973340031","29353.1701495145","35809.127692565","22802.7176728986","27516.2636726439","23398.3988169856","23579.3710169826","29102.2932889334","23636.4999267352","15838.6632951051"
"P07743;B7ZCG3","12","12","67.4403","0.210952708411999","0.190569606365872","3.09526239628239","0.210765765003868","Control_3_meses","STZ_1_mes","24923.9731","BPI fold-containing family A member 2 OS=Mus musculus OX=10090 GN=Bpifa2 PE=1 SV=1","4524.81020365119","18738.1094694526","32584.8794803706","2191.48554144135","14488.3802144114","1363.12769780443","4524.81020365119","23048.140815891","36329.5991595741","2172.75526427383","9563.33258985112","946.822257919563"
"Q9Z315","6","4","41.3431","0.214692675161739","0.192532363756919","1.47454173309941","0.207580712713453","Control_3_meses","STZ_1_mes","91056.6243","U4/U6.U5 tri-snRNP-associated protein 1 OS=Mus musculus OX=10090 GN=Sart1 PE=1 SV=1","10219.3857149668","11748.7523359096","15725.0334040285","11272.170920644","9585.90517703135","4704.55845433282","10219.3857149668","14451.1322601951","17532.185769888","11175.8294747933","6327.36013454012","3267.76476292028"
"A2BHD2","22","3","194.6088","0.215225157672123","0.192532363756919","1.48214803211121","0.207134123765093","STZ_1_mes","Control_3_meses","19594.2308","Predicted gene 14743 OS=Mus musculus OX=10090 GN=Gm14743 PE=1 SV=1","20874.5007261442","46192.1123105166","38751.0026524024","37365.092178819","57457.1153942545","62015.1632831721","20874.5007261442","56816.9542851614","43204.3455689762","37045.7386993346","37925.6684347743","43075.4484848327"
"Q8C3Y4;A0A0G2JFE7","14","10","84.3774","0.216751299131637","0.192956342287427","1.9280874620653","0.205863474045061","Control_3_meses","STZ_1_mes","253267.0464","Kinetochore-associated protein 1 OS=Mus musculus OX=10090 GN=Kntc1 PE=1 SV=2","21827.5360814066","44317.3912879655","61535.7679043206","42214.0190350518","12208.6726168884","11798.7312792197","21827.5360814066","54511.0207976498","68607.5817247471","41853.2225516028","8058.567968818","8195.34472696167"
"P01887","1","1","5.7536","0.218275498683542","0.193374504033342","1.31273804964856","0.204608047561833","Control_3_meses","STZ_1_mes","13893.0765","Beta-2-microglobulin OS=Mus musculus OX=10090 GN=B2m PE=1 SV=2","2634.42095302174","2023.1782812281","3101.13343511807","2008.1176718811","2421.59817594007","1480.62755347283","2634.42095302174","2488.53802446911","3457.52190693422","1990.9546106297","1598.42221233649","1028.43711970277"
"Q9JHU4","9","4","49.667","0.222312395656671","0.195013073104945","1.65851334311303","0.20134707202915","Control_3_meses","STZ_1_mes","534783.7004","Cytoplasmic dynein 1 heavy chain 1 OS=Mus musculus OX=10090 GN=Dync1h1 PE=1 SV=2","4990.64961714666","9082.26595561864","13340.3255776196","4600.30768134069","6573.67128186155","5354.82453676252","4990.64961714666","11171.3161359061","14873.4225389752","4560.98958578497","4339.07751414908","3719.43660658267"
"Q01320","16","7","85.8109","0.2224922454245","0.195013073104945","1.5273077855599","0.201203911465551","Control_3_meses","STZ_1_mes","173588.9291","DNA topoisomerase 2-alpha OS=Mus musculus OX=10090 GN=Top2a PE=1 SV=2","102898.188771268","115713.624115333","94307.5734527762","129783.502351407","35067.4512207833","40032.0368099109","102898.188771268","142329.401334487","105145.588870918","128674.263469906","23146.9421798547","27806.0694845604"
"A1L317","12","6","84.1633","0.223315286019994","0.195013073104945","1.29442672750686","0.20055103810468","Control_3_meses","STZ_1_mes","55067.5256","Keratin_ type I cytoskeletal 24 OS=Mus musculus OX=10090 GN=Krt24 PE=2 SV=2","4885.70092103048","7804.29974140086","7882.52092698893","4895.8419360059","5255.16865011153","5742.14207540407","4885.70092103048","9599.39953934335","8788.39603555919","4853.99795634203","3468.77462304486","3988.46559561951"
"Q149S1;A0A3Q4EH78;A0AAA9WUT0;A0AAA9WW41","4","4","20.3866","0.224838128654681","0.195412380744223","1.2266289822592","0.199352778172907","STZ_1_mes","Control_3_meses","52672.8114","Tektin-4 OS=Mus musculus OX=10090 GN=Tekt4 PE=1 SV=2","2337.68420994587","2461.31942127433","2965.77945583078","2835.71679885275","3943.91632554372","2744.87485113634","2337.68420994587","3027.45785037167","3306.61277697649","2811.48037994571","2603.25743592797","1906.57750440076"
"P62806","7","7","54.1385","0.229488136206059","0.198512997468234","1.40625180468004","0.195770201532446","STZ_1_mes","Control_3_meses","11367.3627","Histone H4 OS=Mus musculus OX=10090 GN=H4c1 PE=1 SV=2","5747.17738317545","6905.97843075828","9137.15355710316","6800.58888711494","11907.708768658","11934.3642217842","5747.17738317545","8494.45156690466","10187.213562935","6742.46533925242","7859.91102197128","8289.55474788199"
"Q9JI02;J3QK77;D3YYY1;A0A087WR49;J3QM75;S4R2L0;A0A087WQA9","22","14","71.3588","0.231823578431273","0.199591743121112","1.28393480452237","0.194012986182125","STZ_1_mes","Control_3_meses","12760.6937","Secretoglobin family 2B member 20 OS=Mus musculus OX=10090 GN=Scgb2b20 PE=2 SV=1","183883.147587335","200274.267571894","208550.996819788","180881.275863121","286854.301748839","293263.381461081","183883.147587335","246340.193941203","232518.095497537","179335.312466483","189343.670711026","203699.402079015"
"P05784;Q9R0N5","21","14","131.1086","0.232969615043006","0.199641156899135","1.25306155478289","0.193160713320609","STZ_1_mes","Control_3_meses","47538.1754","Keratin_ type I cytoskeletal 18 OS=Mus musculus OX=10090 GN=Krt18 PE=1 SV=5","33021.9082746004","34569.7192348025","39844.8312589036","33960.2334236425","54505.8679014224","46158.3947395171","33021.9082746004","42521.2457098971","44423.8791519501","33669.9807285323","35977.6410561965","32061.409653406"
"A0A1D5RLF0","3","2","16.0697","0.237396364724365","0.202488411565345","5.07233085681317","0.189929003991153","Control_3_meses","STZ_1_mes","54724.9729","F-box and WD-40 domain protein 27 OS=Mus musculus OX=10090 GN=Fbxw27 PE=4 SV=1","55.2867735448677","41.6677598312603","2038.19426581682","420.94036439382","0","0","55.2867735448677","51.2519364687899","2272.42763721358","417.342654280293","0","0"
"P06797;A0A1Y7VNM3;A0A1Y7VNQ4","4","2","20.1806","0.243384952005229","0.206635312434288","3.11946689825733","0.185703918487261","STZ_1_mes","Control_3_meses","38117.7169","Procathepsin L OS=Mus musculus OX=10090 GN=Ctsl PE=1 SV=2","9.44067058641738","1979.03157711388","730.451877083871","1032.94845455294","3877.84376133173","3570.80159025282","9.44067058641738","2434.23695131972","814.396871278954","1024.12000896766","2559.6449756479","2480.26243594898"
"REVERSE26875","1","1","4.285","0.2456907150561","0.207631661670191","1.19803130213117","0.184120333362811","Control_3_meses","STZ_1_mes","23851.1047","Reversed Sequence 26875","24.0971738128807","191.356300537136","115.399427378242","276.163820711284","0","0","24.0971738128807","235.370967811766","128.661360936488","273.803492610666","0","0"
"A0A3B2W725;A0A3Q4EGS4;G5E8Z2","2","1","19.468","0.247197204880615","0.207822242922704","2.08867045860198","0.183098247440167","STZ_1_mes","Control_3_meses","90825.671","TATA-box binding protein associated factor 4b OS=Mus musculus OX=10090 GN=Taf4b PE=1 SV=1","1351.65384291382","1637.5298126448","3600.41823251743","7640.91641468153","1900.57334332991","4222.01703956079","1351.65384291382","2014.18493010648","4014.18551426519","7575.61072155491","1254.50980197151","2932.59370549841"
"REVERSE46924","1","1","4.5302","0.248182739040389","0.207822242922704","2.26709244011273","0.182434897185271","Control_3_meses","STZ_1_mes","63124.8711","Reversed Sequence 46924","406.97682369238","128.361042325786","226.247424320467","246.962102660151","80.8234433345523","8.14486286889078","406.97682369238","157.885905385613","252.248231926104","244.851356983201","53.3490602970562","5.6573844581029"
"A3RLD5;Q61597","2","2","11.8957","0.250579352857677","0.208875340880164","1.66464573692885","0.1808389599673","Control_3_meses","STZ_1_mes","21558.0432","Gamma-crystallin C OS=Mus musculus OX=10090 GN=Crygc PE=1 SV=1","125.151864500063","124.107234268818","133.322465947411","137.608927073377","74.0753615461697","18.1433294910359","125.151864500063","152.653661051648","148.644151031868","136.432805535694","48.894859790803","12.6022735966339"
"A0A0A6YW67;E9Q5F6;E9Q9J0;P0CG49;P0CG50;P62983;P62984;Q5SX22;E9Q4P0;E9QNP0","2","2","23.767","0.256952041507293","0.213218246812655","1.29158212557529","0.176710271762538","STZ_1_mes","Control_3_meses","8728.0311","Predicted pseudogene 8797 OS=Mus musculus OX=10090 GN=Gm8797 PE=3 SV=1","3626.07215197382","2222.69250912759","3293.95957206831","4658.19669726678","4129.29948310953","3021.08301824972","3626.07215197382","2733.94335881715","3672.50801013928","4618.38383353087","2725.62313631145","2098.43043267985"
"REVERSE8141","4","2","20.8491","0.268269480066867","0.22160668759349","2.12151738057044","0.169765339309217","Control_3_meses","STZ_1_mes","53223.605","Reversed Sequence 8141","2038.74435705014","693.021407156374","2792.95835220265","1909.66387215949","522.27637340526","172.197795917456","2038.74435705014","852.42617493544","3113.93072563093","1893.34227982134","344.738513814513","119.607800649891"
"A0A571BE72","2","1","20.0534","0.275806539571954","0.226811079464133","2.42160179000506","0.165395077447769","Control_3_meses","STZ_1_mes","11312.0878","Myosin VIIA (Fragment) OS=Mus musculus OX=10090 GN=Myo7a PE=1 SV=1","331.23553367278","228.364804598397","1147.89961393942","218.466153115832","354.15283964403","132.492788730449","331.23553367278","280.891953500314","1279.81853899356","216.59895777176","233.765358379206","92.0288844441199"
"P01756;P01757;P06330;A0A075B5V1;A0A075B5V6","2","2","11.5697","0.279548561102195","0.228862064906367","2.27136480701029","0.163296125084366","Control_3_meses","STZ_1_mes","13097.4831","Ig heavy chain V region MOPC 104E OS=Mus musculus OX=10090 PE=1 SV=1","378.071505059588","1392.96858287127","1422.03918513999","835.937729519758","79.5892057518109","490.270699355769","378.071505059588","1713.37114357605","1585.46277933804","828.79310315896","52.5343781639279","340.539783105802"
"A0A1C7CYU3;A0A1B0GR92;A0A1B0GS16","13","1","71.3231","0.28153888920021","0.229143582768591","1.276199203304","0.162198144399276","STZ_1_mes","Control_3_meses","52997.2591","Nucleobindin-1 OS=Mus musculus OX=10090 GN=Nucb1 PE=1 SV=1","53290.2434291909","68124.4468920852","76886.3591035928","60749.8365429388","94806.1562851735","97515.6484622529","53290.2434291909","83794.037361835","85722.2936409902","60230.6173855164","62578.6175337029","67733.9229539794"
"Q6DFZ2;Q6ZWQ0-3;D3YVK9;Q80Y61-2","13","2","73.2887","0.282391466764343","0.229143582768591","1.21580999858541","0.161731654078067","STZ_1_mes","Control_3_meses","249555.7583","Spectrin repeat containing_ nuclear envelope 2 (Fragment) OS=Mus musculus OX=10090 GN=Syne2 PE=1 SV=1","12916.7135699968","11772.0936117815","19524.5095755516","17974.285356644","20226.3835835486","15554.3236439928","12916.7135699968","14479.8423610723","21768.3053606","17820.6620083482","13350.811508037","10803.9619888421"
"F6RR30","9","2","68.7556","0.287526573614112","0.231443701623764","1.12423459651051","0.158969612792177","STZ_1_mes","Control_3_meses","45055.7723","Lipase OS=Mus musculus OX=10090 GN=Lipo4 PE=3 SV=2","22753.7714463095","28183.055635186","30301.5425631618","32843.0544031209","30807.4199970172","27680.5113184946","22753.7714463095","34665.5587619872","33783.856585985","32562.3500588004","20335.0270566236","19226.7564287328"
"E9Q0P8;P04627","3","3","14.1235","0.288960372363313","0.231443701623764","1.53001074348652","0.158212705855752","STZ_1_mes","Control_3_meses","46768.0905","non-specific serine/threonine protein kinase OS=Mus musculus OX=10090 GN=Araf PE=1 SV=1","7091.60744605858","8482.46216267418","14236.2596994103","16288.1730098586","8640.82189432518","20681.1292041464","7091.60744605858","10433.5489505758","15872.3192062975","16148.9605946918","5703.53983000136","14365.0176582395"
"Q8BFR4;A0A1W2P8D3","5","5","32.4194","0.289012269134277","0.231443701623764","1.36279380835186","0.158185424283014","Control_3_meses","STZ_1_mes","61916.357","N-acetylglucosamine-6-sulfatase OS=Mus musculus OX=10090 GN=Gns PE=1 SV=1","1592.29328056526","1230.40641985148","1716.07600800628","1138.49107317571","587.323826841791","1604.67844432205","1592.29328056526","1513.41737392154","1913.2909034016","1128.76057167338","387.674330112158","1114.60230052917"
"P02088","7","1","45.8808","0.292589903640627","0.233289970970718","1.63539696968821","0.156323783674663","STZ_1_mes","Control_3_meses","15954.2598","Hemoglobin subunit beta-1 OS=Mus musculus OX=10090 GN=Hbb-b1 PE=1 SV=2","67.4885730303934","40.005088336771","44.3330929577223","53.2291982860583","137.890005756642","57.1778098978159","67.4885730303934","49.2068269128856","49.4279408836983","52.7742568235439","91.0169367694789","39.715444970815"
"P17182;Q6PHC1;B0QZL1;B1ARR7;A0A0N4SUI6;A0A0N4SUX5;B1ARR6;D3YVD3;D3Z2S4;D3Z6E4;P17183;A0A0N4SUW8;P21550;Q5SX59;Q5SX60;Q5SX61","11","10","78.9833","0.295033139179112","0.234199897804224","1.60932195566989","0.15507369689492","Control_3_meses","STZ_1_mes","47483.0601","Alpha-enolase OS=Mus musculus OX=10090 GN=Eno1 PE=1 SV=3","5149.22084217859","8389.83807834947","14508.3069962797","4880.81208284843","4474.16036801678","8073.09147257317","5149.22084217859","10319.6200111628","16175.6307239499","4839.09656094077","2953.25516216883","5607.53237482051"
"Q6IFZ6","26","12","196.6626","0.296285308292399","0.234199897804224","1.29345441492239","0.154439579341455","Control_3_meses","STZ_1_mes","61415.8812","Keratin_ type II cytoskeletal 1b OS=Mus musculus OX=10090 GN=Krt77 PE=1 SV=1","25266.814278055","26047.6033939116","20471.3152166294","28783.4264081749","13947.2350488636","12768.575362145","25266.814278055","32038.9221718477","22823.9198041981","28537.4190564214","9206.13936873615","8868.99398660499"
"REVERSE2193","3","1","25.1764","0.297685319639983","0.234296643006827","1.59748980422362","0.153735782282573","STZ_1_mes","Control_3_meses","40797.2997","Reversed Sequence 2193","26323.3808184764","22036.1085612897","28713.6173945359","21812.9356053177","63646.2169360521","37664.3497104159","26323.3808184764","27104.7265458047","32013.4438733546","21626.5039259847","42010.9033334068","26161.4848655246"
"Q61900","2","2","13.1405","0.301010596659417","0.235374405195761","1.25325631786398","0.15208575305344","Control_3_meses","STZ_1_mes","15829.2751","Submaxillary gland androgen-regulated protein 3A OS=Mus musculus OX=10090 GN=Smr3a PE=2 SV=1","423.739284178862","1685.96212474762","2328.6795317679","83.8202671012646","3447.79862751442","9.86011285425571","423.739284178862","2073.75736195744","2596.29605232072","83.1038686558387","2275.7854563311","6.84878924479715"
"Q8K2F8","3","3","18.4141","0.301621661968342","0.235374405195761","1.20993817652153","0.151785799545976","Control_3_meses","STZ_1_mes","50774.1916","Protein LSM14 homolog A OS=Mus musculus OX=10090 GN=Lsm14a PE=1 SV=1","12254.4248612144","10975.1471042338","7656.21453373759","8273.44047555098","9037.88785084773","8215.41931948502","12254.4248612144","13499.5868364349","8536.08205787445","8202.72870022524","5965.63081230147","5706.39264564838"
"G3X8T9;Q91WP6","3","2","29.7261","0.304194685347348","0.236376440417898","1.63811464309608","0.150533700495941","Control_3_meses","STZ_1_mes","46937.3187","Serine (or cysteine) peptidase inhibitor_ clade A_ member 3N OS=Mus musculus OX=10090 GN=Serpina3n PE=1 SV=1","427.030976898439","197.849185179243","292.249231622779","230.620165679767","273.866267731654","55.3824363076489","427.030976898439","243.357308150772","325.835099250407","228.649091930058","180.770670337175","38.4683866950649"
"P24622-2;A0A494B9Q6","5","1","48.1854","0.321629596352575","0.248869817237646","1.3873110885867","0.142490373723284","STZ_1_mes","Control_3_meses","19849.1983","Isoform 2 of Alpha-crystallin A chain OS=Mus musculus OX=10090 GN=Cryaa","2840.30342489632","2702.13247914843","2687.17630428166","4278.48332187489","2237.89913469792","4900.64981480691","2840.30342489632","3323.6613322243","2995.99199268078","4241.91580775723","1477.16814515733","3403.96892411636"
"A0A1B0GT69","3","2","10.4617","0.32621365760953","0.251356286677321","1.28511224022118","0.14049542403103","Control_3_meses","STZ_1_mes","13981.7834","Collagen_ type IV_ alpha 1 (Fragment) OS=Mus musculus OX=10090 GN=Col4a1 PE=4 SV=1","31162.5502200101","34141.8101866154","33249.8977371245","43236.1471538051","17999.8886684065","15453.1863789465","31162.5502200101","41994.9115023247","37071.0426476872","42866.6147044541","11881.1709362127","10733.7125075901"
"P11679","28","12","214.1394","0.33062947080493","0.253692851666742","1.37753477129173","0.138617839896219","Control_3_meses","STZ_1_mes","54565.4475","Keratin_ type II cytoskeletal 8 OS=Mus musculus OX=10090 GN=Krt8 PE=1 SV=4","26326.4602961858","19670.9693079639","42581.3718900361","17100.1775659138","26175.6254167068","21026.6039984563","26326.4602961858","24195.5716682163","47474.9085188937","16954.0250774001","17277.7224163631","14604.9828686374"
"P28738","8","5","45.7161","0.338452517134457","0.256869353446026","1.19093003919668","0.135393610757793","STZ_1_mes","Control_3_meses","109844.9859","Kinesin heavy chain isoform 5C OS=Mus musculus OX=10090 GN=Kif5c PE=1 SV=3","14269.3683942129","14457.1614451088","15272.9019966774","12988.9451956072","20776.8913590456","18634.4085264252","14269.3683942129","17782.5139365392","17028.0945147273","12877.930754021","13714.1846989988","12943.3748462478"
"Q9CWY3;A0A1D5RLQ7;A0A1D5RMH9","6","2","20.9572","0.339295568576796","0.256869353446026","1.48813900283751","0.135053700318684","STZ_1_mes","Control_3_meses","53359.5502","N-lysine methyltransferase SETD6 OS=Mus musculus OX=10090 GN=Setd6 PE=1 SV=1","570.874849532927","764.817584160977","1486.12564394376","813.163747630863","1983.32990863767","1402.76388397604","570.874849532927","940.736492491348","1656.91418247427","806.213766858604","1309.1348564165","974.353371363127"
"O88990","29","12","186.0878","0.339582945175244","0.256869353446026","1.28504693831542","0.1349381613249","STZ_1_mes","Control_3_meses","103670.2402","Alpha-actinin-3 OS=Mus musculus OX=10090 GN=Actn3 PE=1 SV=1","42676.2922040396","28141.4197763039","45764.4977945728","35246.6740955946","62239.604894728","52327.3327429796","42676.2922040396","34614.3460641389","51023.8456342186","34945.4263973737","41082.4421405751","36346.3257466025"
"Q6IME9","20","6","147.9183","0.340372133586564","0.256869353446026","1.27552655531429","0.134621725628833","Control_3_meses","STZ_1_mes","57263.6054","Keratin_ type II cytoskeletal 72 OS=Mus musculus OX=10090 GN=Krt72 PE=3 SV=1","7084.82049486671","7368.71571949356","9658.75687999502","3966.82968752521","5168.59478665223","9768.37097711675","7084.82049486671","9063.62500507467","10768.7605854544","3932.92582728126","3411.62988791249","6785.06575696957"
"P19001","21","11","186.1946","0.347718381287218","0.259146341976306","1.40308110570532","0.131735148439533","Control_3_meses","STZ_1_mes","44541.8626","Keratin_ type I cytoskeletal 19 OS=Mus musculus OX=10090 GN=Krt19 PE=1 SV=1","21339.854430915","35583.9224150251","42623.2117385585","40180.955726943","16994.0371163038","13773.8555018081","21339.854430915","43768.7300279817","47521.5566866929","39837.535511117","11217.2393726824","9567.25696901715"
"P48756","1","1","5.3779","0.348316502620697","0.259146341976306","1.96314794095873","0.131504723440938","Control_3_meses","STZ_1_mes","16502.8957","Gastric inhibitory polypeptide OS=Mus musculus OX=10090 GN=Gip PE=2 SV=2","1372.74640238068","2536.69929280066","6440.41838717816","1094.86492231001","1085.95290330716","3091.2576336093","1372.74640238068","3120.17616309446","7180.56418060665","1085.50728655652","716.803993099979","2147.17339921954"
"B2RQ06;Q9JKD9;Q9JKD9-2","2","2","11.0093","0.348965432901311","0.259146341976306","1.9060552965668","0.131255491681887","Control_3_meses","STZ_1_mes","51597.8792","Zinc finger and BTB domain-containing protein 32 OS=Mus musculus OX=10090 GN=Zbtb32 PE=1 SV=1","9493.07717388674","2860.6141427306","2320.73565605944","1793.08607474518","5664.79768194854","240.962650914964","9493.07717388674","3518.59602960843","2587.4392504892","1777.76085423604","3739.15810359567","167.371554096557"
"A0A1B0GSR9;A0A1B0GSX0;P06151;D3YZQ9;A0A1B0GQX5;A0A1B0GSL7;A0A1B0GT41;A0A1B0GRC1;A0A1B0GRE9;A0A1B0GRS2;A0A1B0GRW9;A0A1B0GS79;A0A1B0GSR2;D3YVR7;D3YZE4;P00342","10","8","63.0845","0.349041821947562","0.259146341976306","1.3634918353533","0.131226205654658","Control_3_meses","STZ_1_mes","34941.5771","L-lactate dehydrogenase OS=Mus musculus OX=10090 GN=Ldha PE=1 SV=1","2080.34875900134","2280.28551875632","3045.17444602873","2763.54100507536","1922.19072769281","745.770335498663","2080.34875900134","2804.78357874958","3395.13199862674","2739.92146115868","1268.7787701602","518.008660585209"
"D3YY49","22","11","90.815","0.351345713898829","0.25980502593779","1.4212088233882","0.130348087501568","STZ_1_mes","Control_3_meses","45144.026","Lipase OS=Mus musculus OX=10090 GN=Lipo2 PE=3 SV=1","3611.44505442922","5288.67520569876","6444.4156859033","11140.1996284621","5455.83382927452","5211.75641956051","3611.44505442922","6505.14562683986","7185.02085691546","11044.9861201834","3601.2275141989","3620.06214740054"
"A0A1B0GRR9;D3YTP8;Q9CY46","1","1","5.34","0.365644183619557","0.269292272643945","1.34432295474919","0.125112916767316","STZ_1_mes","Control_3_meses","11457.203","LSM4 homolog_ U6 small nuclear RNA and mRNA degradation associated OS=Mus musculus OX=10090 GN=Lsm4 PE=1 SV=1","3411.31676748202","2380.96467628817","2848.66066331782","3869.99460726232","5324.8276996673","2421.39451828762","3411.31676748202","2928.6203726269","3176.03445801685","3836.91838099476","3514.75441160205","1681.88954623389"
"A2BHR2","51","48","136.3951","0.368617521289666","0.270396169482527","1.10260138975797","0.124068714733896","Control_3_meses","STZ_1_mes","20590.2234","Lipocalin 11 OS=Mus musculus OX=10090 GN=Lcn11 PE=1 SV=1","239447.727260967","286417.075402712","259683.669479211","209445.131103929","279453.068672669","223551.901810274","239447.727260967","352297.07120236","289527.03741471","207655.036995262","184458.345199482","155278.127482216"
"Q792Z1","7","6","43.8866","0.371628783548376","0.27151897874807","1.10924928640376","0.123026103099803","STZ_1_mes","Control_3_meses","26905.2215","trypsin OS=Mus musculus OX=10090 GN=Try10 PE=1 SV=1","37303.9913691274","39822.2445281161","33102.8198881519","37257.6552468997","47770.417013419","37243.4292105917","37303.9913691274","48981.926431006","36907.0623174348","36939.2200137258","31531.7778174258","25869.1154134989"
"Q9JJV1","1","1","5.6629","0.373900966300086","0.272095034239916","Infinity","0.122249143803176","Control_3_meses","STZ_1_mes","22635.8692","Beta-crystallin A2 OS=Mus musculus OX=10090 GN=Cryba2 PE=2 SV=3","0","5.46653142128368","0","0","0","0","0","6.7239112983963","0","0","0","0"
"O88531;B1B0P8;B1B0P9","9","8","56.7942","0.377722707446363","0.273789722744423","1.17777644969693","0.120960880420856","STZ_1_mes","Control_3_meses","35060.538","Palmitoyl-protein thioesterase 1 OS=Mus musculus OX=10090 GN=Ppt1 PE=1 SV=2","10677.9115032102","9123.14635706317","10289.6945703651","14887.5499884698","11366.555327919","9186.07425007756","10677.9115032102","11221.5996103751","11472.2069001668","14760.3084747312","7502.71233865809","6380.60511636895"
"P63101;A0A2I3BQ03;D3YXN6;D3YXF4","7","2","46.5998","0.392664365621705","0.283499530043908","1.405225239301","0.116137955065673","STZ_1_mes","Control_3_meses","27942.2773","14-3-3 protein zeta/delta OS=Mus musculus OX=10090 GN=Ywhaz PE=1 SV=1","2208.32507527799","2753.49927471337","5006.77242389147","2692.96763660393","6464.4128839052","4850.74326656553","2208.32507527799","3386.84322041702","5582.1607489069","2669.95127200425","4266.95941796249","3369.3040642012"
"Q91XA9;D3Z1S6","9","7","62.6481","0.397456860862316","0.285834329050894","1.22446001093842","0.114659665654652","Control_3_meses","STZ_1_mes","52687.6861","Acidic mammalian chitinase OS=Mus musculus OX=10090 GN=Chia PE=1 SV=2","3935.24433203289","5352.5936453436","6270.6071434412","3575.96242009019","5941.05973430924","3189.3504358281","3935.24433203289","6583.76621554269","6991.23788828542","3545.39923999964","3921.51015741963","2215.30821053036"
"REVERSE325","5","5","27.2024","0.407674039973192","0.292036853813452","1.2045562356245","0.111612797235935","STZ_1_mes","Control_3_meses","129417.1736","Reversed Sequence 325","32657.5689782506","21003.7274801019","33929.2470376978","30101.7573324071","45234.5036394582","30171.4743780414","32657.5689782506","25834.883151322","37828.4641319075","29844.4824166463","29857.8996712604","20956.9679652111"
"Q6KCD5;Q6KCD5-3","5","4","20.9353","0.415681554789202","0.296614378401075","1.25209271803042","0.109320073046818","STZ_1_mes","Control_3_meses","317503.8569","Nipped-B-like protein OS=Mus musculus OX=10090 GN=Nipbl PE=1 SV=1","4436.75335857822","5794.74386311384","7538.78718489423","7733.63628908602","5078.70657042926","9437.70084330092","4436.75335857822","7127.61726399337","8405.1597226723","7667.5381339907","3352.29745081965","6555.38379596889"
"B1AZS9;O08807","3","2","16.0775","0.417701694416446","0.296900617064147","1.92646647019731","0.108754363377419","Control_3_meses","STZ_1_mes","26562.0169","thioredoxin-dependent peroxiredoxin (Fragment) OS=Mus musculus OX=10090 GN=Prdx4 PE=1 SV=1","355.540377346349","251.323328816435","1182.19180164992","355.690108384832","364.067020324638","208.914891016606","355.540377346349","309.13126440652","1318.05165366804","352.650081795649","240.309403041301","145.111326799363"
"Q91W20","1","1","5.8847","0.420966522103066","0.298065948552157","1.16789582807836","0.107850640929165","STZ_1_mes","Control_3_meses","36322.9776","Leucine-rich repeat-containing protein 26 OS=Mus musculus OX=10090 GN=Lrrc26 PE=2 SV=1","764.68475141358","1034.22884878128","777.667514448916","1243.47917057316","979.631889033342","786.067274891461","764.68475141358","1272.1161748696","867.038624352468","1232.85135255819","646.624773218694","545.998730191007"
"Q3UU35","52","41","332.4498","0.423090936760196","0.298417950531857","1.10485474213664","0.107269488902451","STZ_1_mes","Control_3_meses","163709.1402","Alpha-2-macroglobulin-like protein 1 OS=Mus musculus OX=10090 GN=A2ml1 PE=1 SV=2","138908.451870379","126500.218729174","97758.4775788789","124744.765292187","126844.623665372","149657.556895621","138908.451870379","155597.065929415","108993.077817899","123678.591692163","83726.2209711921","103951.453824077"
"A0A2R8VHP3","25","14","198.6123","0.425073796472244","0.298667795028932","1.2295653419986","0.106731898992185","Control_3_meses","STZ_1_mes","58147.9666","Predicted pseudogene 5478 OS=Mus musculus OX=10090 GN=Gm5478 PE=1 SV=1","47200.166377653","29139.7127741586","44295.3713218486","28508.4237074352","46809.0803714704","22794.6062360889","47200.166377653","35842.2606319123","49385.8842018021","28264.7667598753","30897.2291721176","15833.0291282347"
"E9Q1Z0;Q9DCV7","20","4","148.9558","0.428937473832185","0.299128835979268","1.51542073988328","0.1056976063967","STZ_1_mes","Control_3_meses","58623.5718","Keratin 90 OS=Mus musculus OX=10090 GN=Krt90 PE=1 SV=1","9253.93132301617","10034.3374702752","11916.1321352087","7938.25992469192","25792.0660760627","13557.4703419274","9253.93132301617","12342.3776227854","13285.5579308016","7870.41288404046","17024.5467343173","9416.95682766683"
"P62331","4","2","30.506","0.429022549266867","0.299128835979268","3.01713914318862","0.105675026427615","STZ_1_mes","Control_3_meses","20196.2516","ADP-ribosylation factor 6 OS=Mus musculus OX=10090 GN=Arf6 PE=1 SV=2","281.995885715051","645.541101803222","1069.17170115703","3855.27159196697","272.504280841269","1896.57206933884","281.995885715051","794.024724909493","1192.04305663288","3822.32120096138","179.871664829106","1317.35027605331"
"REVERSE175","2","1","17.11","0.430623412940404","0.299128835979268","1.25404988730443","0.10525168542896","STZ_1_mes","Control_3_meses","53020.3235","Reversed Sequence 175","12752.7835458875","20513.3454493574","25142.1534885859","16806.3617757878","30384.1959381325","26056.342352573","12752.7835458875","25231.7062877965","28031.5401749163","16662.7204839402","20055.6699183346","18098.6161011364"
"Q8C0V1;Q8C0V1-2;Q8C0V1-3;Q8C0V1-4","5","4","26.8481","0.445275035885537","0.307452770532572","1.13674988835411","0.101509525040924","STZ_1_mes","Control_3_meses","88774.0037","Telomere repeats-binding bouquet formation protein 1 OS=Mus musculus OX=10090 GN=Terb1 PE=1 SV=2","55266.2548386382","67291.7505713166","68535.177514161","55932.7185620022","79922.0828929776","81370.3528992403","55266.2548386382","82769.809059122","76411.3775200439","55454.6705431638","52754.1000904252","56519.4745759056"
"Q9EPQ2;E7CHD7;E9QQ97;M0QW58;M0QWL3;M0QWM1;Q9EPQ2-3;Q9EPQ2-4;Q9EPQ2-5","3","3","10.122","0.44595956008593","0.307452770532572","1.26336863546369","0.101340350545715","STZ_1_mes","Control_3_meses","153079.9543","X-linked retinitis pigmentosa GTPase regulator-interacting protein 1 OS=Mus musculus OX=10090 GN=Rpgrip1 PE=1 SV=1","45901.2684290853","81801.4674707303","84898.6525536711","108109.838671136","58626.6651746591","101857.422182373","45901.2684290853","100616.966950989","94655.3759181727","107185.841134052","38697.6521461951","70749.6991014974"
"P50446;A2AKJ2;E9Q0F0","42","14","242.2377","0.450763689557451","0.309600913054894","1.29236466446088","0.100166757087861","Control_3_meses","STZ_1_mes","59677.3792","Keratin_ type II cytoskeletal 6A OS=Mus musculus OX=10090 GN=Krt6a PE=1 SV=3","8430.73270271215","4612.334467475","8418.4812066496","8383.96964491101","5434.53619637654","2787.91258457491","8430.73270271215","5673.23691163476","9385.9499451035","8312.31319441491","3587.16960408295","1936.47131700224"
"P46737;P46737-2;A3KGA8","3","1","15.3678","0.459074289135861","0.314132409533031","2.03994992346911","0.0981918731155813","Control_3_meses","STZ_1_mes","33739.3227","Lys-63-specific deubiquitinase BRCC36 OS=Mus musculus OX=10090 GN=Brcc3 PE=1 SV=1","254.34420372747","410.921603046999","57.4316193777339","34.9393861255082","173.66838390632","145.664370591699","254.34420372747","505.439408749253","64.0317762210909","34.6407647685253","114.633139872051","101.177804899869"
"P08071;A0A0G2JDN0;A0A0G2JFM6;A0A0G2JGN1","25","15","144.8557","0.462029202979618","0.31497908393248","1.33408801226741","0.0975061059810243","Control_3_meses","STZ_1_mes","79719.739","Lactotransferrin OS=Mus musculus OX=10090 GN=Ltf PE=1 SV=4","14517.7951148335","16314.9210438718","7048.46435589244","7930.98863147171","7124.23468481772","13339.590343879","14517.7951148335","20067.5846318602","7858.48801111497","7863.20373740292","4702.48742307961","9265.61837856926"
"P02816;A0A0N4SV85","59","51","196.1529","0.470949133967329","0.319870955492451","1.03232448933596","0.0954864668554412","STZ_1_mes","Control_3_meses","17108.5903","Prolactin-inducible protein homolog OS=Mus musculus OX=10090 GN=Pip PE=2 SV=3","397028.121313022","451595.977132791","410176.600569763","440997.455203311","420030.465204594","438462.868379104","397028.121313022","555469.46664041","457314.917868979","437228.320335693","277249.145672328","304554.300907583"
"P03995;P03995-2","16","10","102.1101","0.474919886091581","0.32137762226875","1.31707318634906","0.0946111573147775","Control_3_meses","STZ_1_mes","49957.155","Glial fibrillary acidic protein OS=Mus musculus OX=10090 GN=Gfap PE=1 SV=4","8829.10838812314","3680.07406847628","7056.226732128","4835.50073215163","5938.5480517389","4081.1691276994","8829.10838812314","4526.54337842482","7867.14245519029","4794.17247912681","3919.85227327903","2834.76139078083"
"A0A0N4SV66;C0HKE1;C0HKE2;C0HKE3;C0HKE4;C0HKE5;C0HKE6;C0HKE7;C0HKE8;C0HKE9;Q64523;Q6GSS7;Q8BFU2;Q8CGP4;Q8CGP5;Q8CGP6;Q8CGP7;Q8R1M2","1","1","13.8698","0.480054382419879","0.322541801710849","2.30802270719436","0.0935003532305704","Control_3_meses","STZ_1_mes","13659.9571","Histone H2A OS=Mus musculus OX=10090 GN=H2aj PE=1 SV=1","133.856302690689","125.749017445323","867.411902459342","295.052814289272","134.846299373609","58.4051040912676","133.856302690689","154.67307767972","967.096617361285","292.531044975175","89.0078801312603","40.5679178985144"
"REVERSE10815","2","1","10.9903","0.480157907479418","0.322541801710849","2.0236853439964","0.0934781968256168","STZ_1_mes","Control_3_meses","52669.2558","Reversed Sequence 10815","31.6337618433114","130.865292765241","145.591693513866","190.146356097782","383.1197930886","50.2125824098418","31.6337618433114","160.966168998167","162.323382828795","188.52120553906","252.885550271299","34.8774298474268"
"O55229;F6RRT7","4","3","19.4639","0.486179544237841","0.322765665140418","1.08439314004215","0.0922054967640188","Control_3_meses","STZ_1_mes","45468.3844","Choline/ethanolamine kinase OS=Mus musculus OX=10090 GN=Chkb PE=1 SV=3","6440.90578744541","6336.01347114796","6128.51783451717","5438.84059608105","7256.76278326514","4738.51381949164","6440.90578744541","7793.3865704258","6832.81939110546","5392.35569353064","4789.9651303317","3291.35000409757"
"O35176","36","31","125.3503","0.486845389102121","0.322765665140418","1.11129294674457","0.0920666836951046","STZ_1_mes","Control_3_meses","10516.0204","ABPA2 OS=Mus musculus OX=10090 GN=Scgb1b2 PE=1 SV=1","173648.899226586","189599.003633457","211282.422778997","168328.068861317","242550.119378838","227593.31033337","173648.899226586","233209.467658437","235563.422404205","166889.395721465","160099.847394994","158085.27133908"
"Q8BND5;Q8BND5-2;Q8BND5-4","41","9","279.2434","0.487531329566788","0.322765665140418","1.0830230285083","0.0919240754459806","STZ_1_mes","Control_3_meses","83583.8048","Sulfhydryl oxidase 1 OS=Mus musculus OX=10090 GN=Qsox1 PE=1 SV=1","20892.4293452937","20478.5547948117","27532.485969479","22120.342863458","26937.6615155996","25566.0404937554","20892.4293452937","25188.9132885158","30696.5744568835","21931.2838233511","17780.7189246916","17758.0546748111"
"Q8BND5-3","31","2","281.5185","0.48753132957998","0.322765665140418","1.0830230285083","0.0919240754438962","STZ_1_mes","Control_3_meses","64077.8522","Isoform 3 of Sulfhydryl oxidase 1 OS=Mus musculus OX=10090 GN=Qsox1","19363.3683733834","18979.7841932527","25517.4570295782","20501.4141884445","24966.1661850523","23694.9304337811","19363.3683733834","23345.4041590723","28449.9743512843","20326.1918733463","16479.3957079936","16458.3901938866"
"Q7M747","1","1","6.9312","0.489356519286464","0.322808641164113","1.14154289388333","0.0915465541980222","Control_3_meses","STZ_1_mes","12705.6421","Secretoglobin family 2B member 24 OS=Mus musculus OX=10090 GN=Scgb2b24 PE=2 SV=1","2663.01046736915","4604.25238087849","2329.12312646148","1868.092458904","6195.36948674095","343.042992652975","2663.01046736915","5663.29583031776","2596.79062580585","1852.12617080026","4089.37217562702","238.27609210078"
"REVERSE6041","2","1","17.57","0.495098301184882","0.325425665801653","1.90624683149008","0.0903770666771597","Control_3_meses","STZ_1_mes","35018.0115","Reversed Sequence 6041","328.3878708379","46.911379519262","176.629724901336","166.000142989149","40.8482105029842","82.6886393783365","328.3878708379","57.7016631688639","196.928367011362","164.581366260196","26.9626429565756","57.4351503286125"
"Q6DFV3;A0A0A0MQE8;B7ZCJ0;B7ZCJ1;F6WQR2","10","4","66.9649","0.500466369537458","0.327779234625827","1.09810442496006","0.0893080901835643","Control_3_meses","STZ_1_mes","217129.0309","Rho GTPase-activating protein 21 OS=Mus musculus OX=10090 GN=Arhgap21 PE=1 SV=2","12994.4955568026","12612.9348179593","10946.2988795975","11805.6820978427","8336.19451229856","13146.149941331","12994.4955568026","15514.0889885341","12204.2694930401","11704.7808171074","5502.46469757225","9131.25556061139"
"A0A5H1ZRK8;P01837","3","2","16.2488","0.504270659144672","0.32874060916291","1.26927277888992","0.0885644594876487","STZ_1_mes","Control_3_meses","11948.9751","Immunoglobulin kappa constant (Fragment) OS=Mus musculus OX=10090 GN=Igkc PE=1 SV=1","21.1463620181269","610.803574300377","411.183225836733","449.026752038899","205.769463413667","669.224312028444","21.1463620181269","751.297072646245","458.437226529809","445.188992052682","135.822071642123","464.840143142881"
"P61982","8","2","62.4061","0.505519478941143","0.32874060916291","1.3296727273293","0.0883228310948206","Control_3_meses","STZ_1_mes","28473.7251","14-3-3 protein gamma OS=Mus musculus OX=10090 GN=Ywhag PE=1 SV=2","949.415831068306","2228.74510082059","2206.52659577281","1933.5619300164","861.806573134307","1254.2652277577","949.415831068306","2741.38813257455","2460.10505601705","1917.03608479182","568.8519189195","871.206884643557"
"B1ATI0;B1AV77;P47740","7","4","41.2395","0.511260506245513","0.331299194054794","1.27143526084824","0.0872275393151666","Control_3_meses","STZ_1_mes","59847.0305","Aldehyde dehydrogenase OS=Mus musculus OX=10090 GN=Aldh3a2 PE=1 SV=1","5220.72482359225","7689.6048881013","11307.51880984","7260.53148908266","8848.19135301502","2938.92296990899","5220.72482359225","9458.32324058355","12607.0015418746","7198.47688520672","5840.41800914079","2041.36243926585"
"Q6NXH9","28","15","193.1777","0.513602822142646","0.331645134751999","1.20055173929335","0.0867878803832821","Control_3_meses","STZ_1_mes","59538.823","Keratin_ type II cytoskeletal 73 OS=Mus musculus OX=10090 GN=Krt73 PE=1 SV=1","23403.4433864422","15642.3742476249","27656.06881137","10981.4066441481","27846.0322293993","16731.9212625663","23403.4433864422","19240.3425191782","30834.3596867355","10887.5503141635","18380.3063956434","11621.915903163"
"Q3UV17","24","15","182.5517","0.517060436930323","0.331867334732268","1.1200224955556","0.0861463865233995","Control_3_meses","STZ_1_mes","63357.9783","Keratin_ type II cytoskeletal 2 oral OS=Mus musculus OX=10090 GN=Krt76 PE=1 SV=1","54643.6336129259","41742.1558976519","58325.8839326285","37089.5458611099","59306.3994869806","41736.7029309601","54643.6336129259","51343.4446872223","65028.811451542","36772.5474320265","39146.3237854856","28990.1227675584"
"P21981","4","4","28.3486","0.517566277128812","0.331867334732268","1.23686126587212","0.0860532812727332","Control_3_meses","STZ_1_mes","78201.6821","Protein-glutamine gamma-glutamyltransferase 2 OS=Mus musculus OX=10090 GN=Tgm2 PE=1 SV=4","441.312617466814","520.856846462004","908.255533093931","513.168895256515","604.184153603712","394.882032496204","441.312617466814","640.661319742405","1012.63407991566","508.78292260913","398.803311406936","274.283251834828"
"P68254;P68254-2","9","3","54.6376","0.523561912463988","0.33454205310936","1.0877811779722","0.0849639661669761","Control_3_meses","STZ_1_mes","28063.46","14-3-3 protein theta OS=Mus musculus OX=10090 GN=Ywhaq PE=1 SV=1","401.152732110131","454.181032570918","536.778958658799","460.109204050315","463.138776541496","356.524782102035","401.152732110131","558.649121549138","598.466672774265","456.176724115486","305.703611430452","247.640481326761"
"Q9D312","3","1","26.6066","0.531018494023416","0.338128461261307","1.07756685391913","0.083645129003492","Control_3_meses","STZ_1_mes","49091.2627","Keratin_ type I cytoskeletal 20 OS=Mus musculus OX=10090 GN=Krt20 PE=1 SV=1","3810.19625195833","3901.47759179735","4833.26625133662","4012.42121530156","4318.31790694492","3311.17436967849","3810.19625195833","4798.87285707139","5388.71489914009","3978.12769154598","2850.38836375552","2299.92655722132"
"Q3U269","5","2","18.512","0.539794886478982","0.340780333189405","1.31818022123082","0.0821422300656958","Control_3_meses","STZ_1_mes","56868.7097","Thiosulfate sulfurtransferase/rhodanese-like domain-containing protein 2 OS=Mus musculus OX=10090 GN=Tstd2 PE=2 SV=3","3480.62665043472","3273.38734260002","1031.65806219047","2086.31274404498","274.367827552087","3545.6984878274","3480.62665043472","4026.31292875057","1150.21827506531","2068.48136199152","181.101734493798","2462.82593593691"
"A0A8D3UE05;Q09PK2","1","1","6.6871","0.540680422552265","0.340780333189405","1.14659177220275","0.0819934806590236","Control_3_meses","STZ_1_mes","28222.7707","Retroviral-like aspartic protease 1 OS=Mus musculus OX=10090 GN=Asprv1 PE=1 SV=1","31.5166185821324","234.202201838122","1797.97644268106","1722.94780626135","0","76.9039920266256","31.5166185821324","288.072035023416","2004.60350023112","1708.22204633906","0","53.4171607626774"
"Q8CH09;D3Z0I4;D3YVJ0","6","4","37.4267","0.540757987390125","0.340780333189405","1.17726521487895","0.0819804764828049","STZ_1_mes","Control_3_meses","118958.15","SURP and G-patch domain-containing protein 2 OS=Mus musculus OX=10090 GN=Sugp2 PE=1 SV=2","18048.7350366039","23133.5258968341","30563.8113439169","19239.6231310619","30878.8447411375","34345.6873241217","18048.7350366039","28454.5654569638","34076.2658208462","19075.1851427527","20382.1723256639","23856.3571662453"
"B8JJX8","4","2","18.4382","0.546850317007894","0.343439454722949","1.22423177888717","0.0809714726920271","STZ_1_mes","Control_3_meses","94541.0191","Zinc finger protein 738 OS=Mus musculus OX=10090 GN=Zfp738 PE=3 SV=1","15324.0518964998","16679.8984434564","15999.3505660647","27690.8875842827","18536.4101703186","12539.8687060329","15324.0518964998","20516.5120177289","17838.028010163","27454.2179874908","12235.3122196729","8710.13539038538"
"Q02257","31","27","189.1552","0.553414781305186","0.346189087123249","1.34051045532891","0.0799112196592936","Control_3_meses","STZ_1_mes","82542.2952","Junction plakoglobin OS=Mus musculus OX=10090 GN=Jup PE=1 SV=3","11078.1002536568","7757.08707673049","22041.8878411744","13633.5318022629","8464.87967146255","8395.25234595134","11078.1002536568","9541.32729115897","24574.9857835917","13517.0081818239","5587.40579921721","5831.30384248019"
"G3UVV3;S4R2G4","7","6","32.3909","0.555595896631539","0.346189087123249","1.26353273120546","0.0795649989827746","Control_3_meses","STZ_1_mes","250867.7329","Zinc finger protein 407 OS=Mus musculus OX=10090 GN=Zfp407 PE=1 SV=1","2226.33390620269","4179.77784077288","5895.46971551823","1865.67103383703","2135.91634235816","5734.27554106983","2226.33390620269","5141.18611647157","6572.98891503374","1849.72544126689","1409.85245167375","3983.00153688727"
"Q8BHN3;Q8BHN3-2","6","6","33.1044","0.55689179641784","0.346189087123249","1.04128994323863","0.0793607053821948","STZ_1_mes","Control_3_meses","107367.5114","Neutral alpha-glucosidase AB OS=Mus musculus OX=10090 GN=Ganab PE=1 SV=1","3463.60148958415","915.846180199382","533.00740488081","1739.10284530201","1573.13784854181","1803.04937201573","3463.60148958415","1126.50381092836","594.261684474533","1724.23901083934","1038.37973829012","1252.38983867916"
"Q9JKR6;F6TRP3;A0A1L1SQ34;E0CYZ2","18","15","91.2976","0.565936720379016","0.3506232668345","1.16170116368114","0.0779636222607021","STZ_1_mes","Control_3_meses","111409.387","Hypoxia up-regulated protein 1 OS=Mus musculus OX=10090 GN=Hyou1 PE=1 SV=1","70434.1207400217","42692.4806874162","81539.6910507973","53794.7796765375","78226.3169343994","94122.9618905213","70434.1207400217","52512.3576776723","90910.3958250176","53335.0042801439","51634.777321666","65377.3783944093"
"P20152;A0A0A6YWC8","5","3","27.8255","0.576869205475741","0.356193078346522","1.18631112961375","0.0763403873085508","STZ_1_mes","Control_3_meses","53744.7779","Vimentin OS=Mus musculus OX=10090 GN=Vim PE=1 SV=3","37491.215356203","28789.0674087857","38098.6946822571","27843.3750130225","56835.9619627498","39146.6056675977","37491.215356203","35410.9618517057","42477.0730590917","27605.4021305138","37515.6642267885","27191.0530669881"
"P62962;Q5SX49;J3QMC2","4","3","23.6583","0.584927587432568","0.359956822915044","1.09632070602379","0.0751880641551178","STZ_1_mes","Control_3_meses","15128.3395","Profilin-1 OS=Mus musculus OX=10090 GN=Pfn1 PE=1 SV=2","544.008843268719","837.912293435795","1715.42374220861","1089.6381280056","1270.95034949242","1035.09484695117","544.008843268719","1030.64402318483","1912.56367791073","1080.32516482884","838.915097306298","718.972141590086"
"P68510","8","2","54.6611","0.586918038795725","0.35997375515159","1.30207292463661","0.0749090545499423","STZ_1_mes","Control_3_meses","28382.8718","14-3-3 protein eta OS=Mus musculus OX=10090 GN=Ywhah PE=1 SV=2","67815.7200523224","45601.5148559883","68169.34511272","42806.4100141964","120810.736733364","72821.8225751829","67815.7200523224","56090.5110268558","76003.5029255732","42440.5504595927","79743.4384457203","50581.7045516044"
"P21460;A2APX3","2","1","12.9592","0.601961550871752","0.367969706924613","1.66348222939104","0.0728700937629196","STZ_1_mes","Control_3_meses","15758.966","Cystatin-C OS=Mus musculus OX=10090 GN=Cst3 PE=1 SV=2","28.6363220214911","62.179001994156","42.55318349266","40.6536430603678","0","181.202499140106","28.6363220214911","76.4810556843619","47.4434806543764","40.3061828613427","0","125.862426281003"
"S4R1X8;S4R2V3","6","5","24.1703","0.604088112433262","0.368042831400022","1.09532325895574","0.0725915705525494","Control_3_meses","STZ_1_mes","9066.3649","Secretoglobin_ family 2B_ member 17 OS=Mus musculus OX=10090 GN=Scgb2b17 PE=3 SV=1","61085.7180906246","79925.5385514412","79758.8810254096","45127.518057541","75278.6735323272","81150.8700924999","61085.7180906246","98309.5477333314","88924.9315411721","44741.8203629334","49689.1288921572","56367.0228232289"
"P11881;P11881-2;P11881-3;P11881-4;P11881-5;P11881-6;P11881-7;P11881-8","4","2","19.9925","0.609296666548436","0.369986968935062","1.09442856873945","0.0719192696749587","STZ_1_mes","Control_3_meses","316589.3652","Inositol 1_4_5-trisphosphate-gated calcium channel ITPR1 OS=Mus musculus OX=10090 GN=Itpr1 PE=1 SV=2","1847.20931535292","4262.9771894632","7181.46994241962","4258.16505256032","4521.3387253269","5767.26476383745","1847.20931535292","5243.52249717908","8006.77886630832","4221.77119544775","2984.39613965026","4005.91569998304"
"P01878;A0A075B6A3;A0A0A6YXW6","6","5","37.3453","0.61260613230226","0.37076888467696","1.24590238653003","0.071499295051528","STZ_1_mes","Control_3_meses","37617.2704","Ig alpha chain C region OS=Mus musculus OX=10090 PE=1 SV=1","23929.7213345726","9722.99098867085","7761.87762971737","8858.51535934966","16945.7981648537","25794.2229353533","23929.7213345726","11959.4170278413","8653.88816868783","8782.80304236846","11185.3983297448","17916.5491540292"
"P11591;A2CEK9","12","7","109.379","0.61792713897812","0.372759100569112","1.09700832978767","0.0708355904798817","Control_3_meses","STZ_1_mes","21160.9518","Major urinary protein 5 OS=Mus musculus OX=10090 GN=Mup5 PE=2 SV=2","26238.4128328542","30591.7486787672","23386.4355126623","28728.5862624467","33680.5763299511","10713.8892989309","26238.4128328542","37628.2854202565","26074.0515691663","28483.0476206665","22231.5088708676","7441.81845431868"
"P97821;D3Z220","7","6","43.7478","0.628875290568118","0.378119661848553","1.07848516163397","0.0695137349260013","STZ_1_mes","Control_3_meses","53174.8526","Dipeptidyl peptidase 1 OS=Mus musculus OX=10090 GN=Ctsc PE=1 SV=1","4604.31439542188","5133.80874000288","5443.31245384928","4380.01834433614","5492.88840965224","6500.04626134557","4604.31439542188","6314.65767420852","6068.86883432516","4342.58302658621","3625.68609900171","4514.90237316842"
"P00687;D3YYQ5","2","2","10.9917","0.63117577162678","0.378262651374505","1.05991098509139","0.0692433062203324","STZ_1_mes","Control_3_meses","58328.1357","Alpha-amylase 1 OS=Mus musculus OX=10090 GN=Amy1 PE=1 SV=2","3340.95845695936","421.618556541779","1138.17787260363","404.830272516733","4661.8980744124","127.635592093606","3340.95845695936","518.596813494413","1268.97955565237","401.370252787352","3077.17502756077","88.6550978984702"
"REVERSE7807","4","4","19.0612","0.637621027823691","0.380880575555358","1.05880979451158","0.068498897667692","STZ_1_mes","Control_3_meses","62646.7246","Reversed Sequence 7807","20443.1118285627","31474.0732617754","74623.5769721087","52525.4947575996","40003.6275211661","41453.4759979121","20443.1118285627","38713.5571904768","83199.4680503113","52076.5677368338","26405.1597986708","28793.394636596"
"Q91YW3","4","3","20.9713","0.645230068198184","0.38417442534112","1.09044563704806","0.0676447653513954","Control_3_meses","STZ_1_mes","57920.3176","DnaJ homolog subfamily C member 3 OS=Mus musculus OX=10090 GN=Dnajc3 PE=1 SV=1","19363.1458085611","13265.3569962656","15736.5548889907","17223.4595771467","17156.5713515568","9973.44809914269","19363.1458085611","16316.5775352857","17545.0313270015","17076.2534169585","11324.5232046883","6927.51138699894"
"Q9QXC6","6","3","39.9103","0.648443800953102","0.384838428534258","1.13516270882039","0.0672918956283681","Control_3_meses","STZ_1_mes","25662.503","Beta-A3/A1 crystallin protein OS=Mus musculus OX=10090 GN=Cryba1 PE=1 SV=1","459.885337524833","545.038047742799","281.414978434391","505.289220403039","162.038959383513","465.847138347999","459.885337524833","670.404540803513","313.755751964051","500.970594079052","106.956915691412","323.575289451202"
"P02301;A0A1W2P768;A0A8I4SYN6;E0CZ27;F8WI35;P68433;P84228;P84244","2","1","6.1743","0.667805489944063","0.393921901797054","1.93698769210942","0.0652618710366756","STZ_1_mes","Control_3_meses","15371.9562","Histone H3.3C OS=Mus musculus OX=10090 GN=H3-5 PE=3 SV=3","63.3562486106186","24.9695477282143","108.541868056496","97.44071292965","262.26131740905","21.6282125693795","63.3562486106186","30.7128983896264","121.015717148788","96.6079027075153","173.110600820684","15.0228574275821"
"Q921I1;E9Q2Q7;D3YYR8;F7BAE9;F7CJN9","6","5","36.7677","0.668377803975183","0.393921901797054","1.26806805217117","0.0652043087028573","STZ_1_mes","Control_3_meses","78890.94","Serotransferrin OS=Mus musculus OX=10090 GN=Tf PE=1 SV=1","477.298942893345","371.929442783647","527.856434109646","488.113228465409","322.663623884612","935.460412751303","477.298942893345","457.478497754971","588.518753815183","483.94140260327","212.980298983722","649.766519763454"
"A5D6P2;B7ZNY3;E0CXL4;E0CY24;F6S7Z1;G3XA13;Q99NH2;E0CZ83;F6T4Y3","9","6","48.109","0.67019340952366","0.393921901797054","1.04499375702596","0.0650226063198219","Control_3_meses","STZ_1_mes","149770.5212","Partitioning defective 3 homolog OS=Mus musculus OX=10090 GN=Pard3 PE=1 SV=1","122171.124527439","111960.022702374","106588.320549722","91359.8710594374","100489.655089716","134199.759302293","122171.124527439","137712.418277918","118837.664045875","90579.0328222815","66330.1196711055","93214.538388089"
"P10126;P62631;D3YZ68;D3Z3I8","15","8","93.6698","0.677198877343816","0.396767838095163","1.11922557128268","0.0643343335911141","STZ_1_mes","Control_3_meses","50456.0942","Elongation factor 1-alpha 1 OS=Mus musculus OX=10090 GN=Eef1a1 PE=1 SV=3","5108.641599563","4283.45786586004","6704.6253170912","4271.78384648167","7896.82610737133","5847.25603663658","5108.641599563","5268.71402006822","7475.13430061291","4235.27359171098","5212.45117476229","4061.47727183542"
"E9PYP8;Q9WVJ5","3","2","21.0864","0.68308224476109","0.398940307466914","1.10506669004434","0.063771810845662","STZ_1_mes","Control_3_meses","26675.9075","Beta-crystallin B1 (Fragment) OS=Mus musculus OX=10090 GN=Crybb1 PE=1 SV=1","164.638595023661","127.821688506069","74.6370757519742","174.984733437651","99.6470755734462","131.035254734352","164.638595023661","157.222492526025","83.2145181370226","173.489166848051","65.7739589389711","91.0164880036386"
"Q9R0H5","17","5","117.2799","0.691621446131431","0.401514476501116","1.1712855271728","0.0629800219793464","STZ_1_mes","Control_3_meses","57895.84","Keratin_ type II cytoskeletal 71 OS=Mus musculus OX=10090 GN=Krt71 PE=1 SV=1","10058.9480721722","6415.90947547634","12441.4175564896","6419.23464845602","13579.6835445417","13870.2963362266","10058.9480721722","7891.65979064524","13871.2102058392","6364.3704744082","8963.52996535829","9634.24433105727"
"Q66VB7","15","15","85.6238","0.691868760624379","0.401514476501116","1.08224156838005","0.0629575191108918","STZ_1_mes","Control_3_meses","10573.4122","Lacrein OS=Mus musculus OX=10090 GN=Gm1553 PE=1 SV=1","111171.661777103","133409.546328809","157353.206051066","183094.526097414","116453.813047111","135441.791618637","111171.661777103","164095.637021612","175436.551967388","181529.646404252","76867.5675986265","94077.2483484724"
"O54827","8","2","38.4857","0.698437411614341","0.40318345051528","1.04783174688293","0.0623685594033726","STZ_1_mes","Control_3_meses","170955.0129","Phospholipid-transporting ATPase VA OS=Mus musculus OX=10090 GN=Atp10a PE=1 SV=4","1217.95449418033","984.810810426105","2029.48203934976","1606.33483384263","1349.95072049305","1478.39757332258","1217.95449418033","1211.33128572632","2262.71418421381","1592.60574638448","891.060803825589","1026.8881857002"
"D3Z3L7;D3Z4D7;F8WJ99;Q9QZJ6","1","1","5.3319","0.699141767450407","0.40318345051528","1.13388696135184","0.0623063954850561","STZ_1_mes","Control_3_meses","14150.8742","Microfibrillar associated protein 5 (Fragment) OS=Mus musculus OX=10090 GN=Mfap5 PE=1 SV=1","6550.09341330625","9118.98316169836","8497.70242301671","12046.7249328524","5970.27524057918","9385.3954302963","6550.09341330625","11216.4788209396","9474.27542248587","11943.7634974762","3940.79441136007","6519.05269557219"
"P24622","5","1","39.4478","0.707776940695686","0.406883703069141","1.02569978044882","0.0615596490404547","STZ_1_mes","Control_3_meses","22546.4092","Alpha-crystallin A chain OS=Mus musculus OX=10090 GN=Cryaa PE=2 SV=1","71.0208417783076","76.8760957584432","75.4022853056048","138.170269031112","24.4212095108842","66.4464853018011","71.0208417783076","94.5586897816473","84.0676671067227","136.989349793305","16.1196866276821","46.1534244705051"
"O08899;Q5D078","2","2","11.2465","0.710131776232009","0.406961698591142","1.01938218244113","0.0613608873692957","Control_3_meses","STZ_1_mes","23915.9606","Regulator of G-protein signaling 4 OS=Mus musculus OX=10090 GN=Rgs4 PE=2 SV=1","1143.50791587497","1745.68811564346","689.211170231347","2444.79255154936","579.912135804186","485.663909810378","1143.50791587497","2147.22117914669","768.416699711578","2423.89729979357","382.782101623059","337.339928179405"
"P00329","9","6","53.4061","0.725854520172636","0.414676211805507","1.07422378417172","0.060086126432","Control_3_meses","STZ_1_mes","40626.8986","Alcohol dehydrogenase 1 OS=Mus musculus OX=10090 GN=Adh1 PE=1 SV=2","2278.78151552092","1698.98820979541","2724.02542066805","2052.79736213015","2335.80552763355","1850.12990011938","2278.78151552092","2089.77963159734","3037.07588340097","2035.25243069695","1541.79313321395","1285.09175794537"
"O09131;A0A494BAB1;A0A494B9X6;A0A494BAY2;A0A494BB82;Q8K2Q2","24","20","174.6448","0.735487101813792","0.418532427309935","1.09395205501468","0.0593490552427666","STZ_1_mes","Control_3_meses","27725.7866","Glutathione S-transferase omega-1 OS=Mus musculus OX=10090 GN=Gsto1 PE=1 SV=2","39615.042395716","15723.8308116766","25285.4031294781","22618.7802858167","41635.8490923318","23944.4634046427","39615.042395716","19340.5352500246","28191.2523517406","22425.4611806102","27482.5388786221","16631.7146529794"
"Q924W7;Q924W7-2","4","3","20.3652","0.737169002832498","0.418532427309935","1.18385970692142","0.0592237037593176","Control_3_meses","STZ_1_mes","128058.9696","DENN domain-containing protein 2B OS=Mus musculus OX=10090 GN=Dennd2b PE=1 SV=1","1975.78616585456","2787.32232862052","4946.22194713508","2547.30848406925","2891.33182396343","2762.77949267912","1975.78616585456","3428.44605716778","5514.65168996422","2525.53704499947","1908.47889487876","1919.01398644135"
"A0A140LIJ4;A0A571BGC3","11","9","49.114","0.745050238976683","0.421701472343231","1.04583911328002","0.0586493629067499","STZ_1_mes","Control_3_meses","521619.9729","Dynein_ axonemal_ heavy chain 14 OS=Mus musculus OX=10090 GN=Dnah14 PE=1 SV=1","15546.7683946494","15704.5444792785","17952.715002541","15444.7185657983","15401.1752884784","20613.603029855","15546.7683946494","19316.8127872192","20015.8770039732","15312.7150211518","10165.8404444557","14318.1142867402"
"A0A5F8MPN8;P14152","2","2","11.4787","0.751566471769283","0.424080795322673","1.14598739024757","0.0581905293811555","Control_3_meses","STZ_1_mes","39114.0452","Malate dehydrogenase OS=Mus musculus OX=10090 GN=Mdh1 PE=1 SV=1","611.28329131753","717.172508536501","1464.24464880603","591.101936391526","1239.85873321397","605.977530959484","611.28329131753","882.132372691167","1632.51857950618","586.049882479463","818.39248105613","420.909218582907"
"Q9CQN1","14","10","76.9464","0.765495767885374","0.430615604036029","1.06729246757643","0.0572573410323026","Control_3_meses","STZ_1_mes","80551.2683","Heat shock protein 75 kDa_ mitochondrial OS=Mus musculus OX=10090 GN=Trap1 PE=1 SV=1","38950.555792791","28536.5477099132","55918.9225527202","22400.7492475181","60094.6986507862","33129.8655039819","38950.555792791","35100.3590351361","62345.2372441456","22209.2936187987","39666.6557323429","23011.8528965229"
"Q9Z2K1","28","13","195.0758","0.775868301569573","0.435115771658311","1.02342904070991","0.0566036444742767","Control_3_meses","STZ_1_mes","52005.6665","Keratin_ type I cytoskeletal 16 OS=Mus musculus OX=10090 GN=Krt16 PE=1 SV=3","58139.6211743966","55584.4791367454","50357.0752361911","45495.7851668955","59684.7126164604","55144.4187672987","58139.6211743966","68369.6988967953","56144.2112830713","45106.9399520787","39396.0366054683","38303.0608012827"
"F6W8R9","11","1","57.6259","0.77981588962655","0.435996301933628","1.04590474973276","0.0563639173399039","STZ_1_mes","Control_3_meses","190766.2213","Spectrin repeat containing_ nuclear envelope 2 (Fragment) OS=Mus musculus OX=10090 GN=Syne2 PE=1 SV=1","53433.8855686319","51258.8207074243","76796.270547615","54648.0899876749","77330.0069582419","57842.0859380989","53433.8855686319","63049.0775842253","85621.8519275411","54181.021484238","51043.1507713724","40176.8480670587"
"P32067;F6SXM5","8","6","45.0435","0.795631729559214","0.443486869036449","1.08055031428203","0.05545252894709","Control_3_meses","STZ_1_mes","47927.611","Lupus La protein homolog OS=Mus musculus OX=10090 GN=Ssb PE=1 SV=1","46970.3995970114","50997.7537971951","85245.8078197741","75201.3457841895","42985.292023608","51369.5214865684","46970.3995970114","62727.9615762768","95042.4269634668","74558.611883704","28373.2645064587","35681.0344331645"
"Q80Y61","5","3","25.4809","0.800199948615645","0.444681588575297","1.16677999132032","0.0552036725604743","STZ_1_mes","Control_3_meses","58516.1891","BAR/IMD domain-containing adapter protein 2-like 2 OS=Mus musculus OX=10090 GN=Baiap2l2 PE=1 SV=1","861.858561614917","1047.70368465787","712.25022309362","543.675274312384","1023.9977755135","1491.40528042495","861.858561614917","1288.69041440325","794.103446719706","539.028568511944","675.909325513319","1035.92327949872"
"P02535;P02535-2;A2A513;P02535-3;A6BLY7;B1AQ75;B1ATJ5;Q62168;Q8VCW2;Q9Z320","50","29","249.7874","0.805205223693911","0.446111233249087","1.10943823247648","0.05493829305853","STZ_1_mes","Control_3_meses","57941.0077","Keratin_ type I cytoskeletal 10 OS=Mus musculus OX=10090 GN=Krt10 PE=1 SV=3","102495.630319688","65526.619824532","105615.549212494","72684.5959948022","150209.585974593","80690.0544876723","102495.630319688","80598.6731674957","117753.099876267","72063.3723531002","99148.711422551","56046.9424139245"
"Q9ES28","3","2","12.1617","0.831212416832818","0.457882597870581","1.04436324837411","0.0536794756714598","Control_3_meses","STZ_1_mes","97797.3375","Rho guanine nucleotide exchange factor 7 OS=Mus musculus OX=10090 GN=Arhgef7 PE=1 SV=2","581.75041323598","890.924059625947","780.772163007663","710.327055894565","805.114377108259","642.281600029808","581.75041323598","1095.8492486128","870.500065348086","704.256003914117","531.431150150134","446.125858743764"
"Q6IFX3","6","1","49.6503","0.831445529439985","0.457882597870581","1.03799291950429","0.0536690871647955","Control_3_meses","STZ_1_mes","51038.0212","Keratin_ type I cytoskeletal 40 OS=Mus musculus OX=10090 GN=Krt40 PE=2 SV=1","925.922688634901","1633.48998808606","1306.24740355762","733.538592917396","1309.43236417903","1681.19710575","925.922688634901","2009.21588851489","1456.36397406565","727.269155634513","864.315887438066","1167.75181242222"
"REVERSE6695","4","4","27.959","0.837277233423665","0.459713634719726","1.08292594899101","0.0534142860762215","STZ_1_mes","Control_3_meses","50066.409","Reversed Sequence 6695","16241.6617277514","18507.7056105452","25712.0817644372","30024.0088278156","14474.0042395001","20977.2590796339","16241.6617277514","22764.7407966265","28666.9657508758","29767.3984161152","9553.84345253245","14570.7081139453"
"E9Q9C6;E9Q0B5","20","20","122.4316","0.84087732521086","0.46031211338347","1.03665432117579","0.0532618472016522","Control_3_meses","STZ_1_mes","287673.2067","Mucin-2 OS=Mus musculus OX=10090 GN=Fcgbp PE=1 SV=1","93545.5860362187","61005.2922535019","75391.2309162768","67437.6631891992","93819.8387254875","60554.2481633852","93545.5860362187","75037.3760312102","84055.3423248101","66861.2842447904","61927.5797556423","42060.7035313163"
"Q9Z0J0","6","5","30.0466","0.844454425044111","0.460653522722238","1.37373555071934","0.0531140309675485","STZ_1_mes","Control_3_meses","16784.2445","NPC intracellular cholesterol transporter 2 OS=Mus musculus OX=10090 GN=Npc2 PE=1 SV=1","4347.27584378698","2609.34715535345","2966.72987108468","1780.62568021059","10717.1223664765","1134.31457347397","4347.27584378698","3209.53406597255","3307.67241585685","1765.40695670489","7074.04168581937","787.88970936293"
"P01027;H3BKW9;P01027-2","6","6","36.3423","0.848882051568536","0.460653522722238","1.02149031732989","0.0529360776057045","STZ_1_mes","Control_3_meses","188023.9467","Complement C3 OS=Mus musculus OX=10090 GN=C3 PE=1 SV=3","1132.97790226014","917.834946533165","1295.71670556381","1081.97112218702","1024.59307928987","1311.88333495722","1132.97790226014","1128.95002176867","1444.62306714543","1072.72368768536","676.30226716181","911.228158104264"
"A2AL36;R4GML3;E9Q9E7","10","6","42.4822","0.849036826149366","0.460653522722238","1.04416995112394","0.0529299568179444","STZ_1_mes","Control_3_meses","269963.4156","Centriolin OS=Mus musculus OX=10090 GN=Cntrl PE=1 SV=2","18606.9118463337","23176.5711442941","23346.9007350577","28892.3324974747","18920.5393010532","20194.3177930044","18606.9118463337","28507.5117227827","26029.9733756562","28645.3943427571","12488.8640025708","14026.8806808889"
"P04104","42","31","242.6179","0.863270133330813","0.466994307618645","1.08606706408222","0.0523956618568865","Control_3_meses","STZ_1_mes","66119.2737","Keratin_ type II cytoskeletal 1 OS=Mus musculus OX=10090 GN=Krt1 PE=1 SV=4","92530.2010334496","55577.7350696189","120621.528962484","65255.4961146218","97530.1563786644","84647.9305264164","92530.2010334496","68361.4035984325","134483.596904566","64697.7678039313","64376.6459180578","58796.0649896049"
"Q99M73","7","1","57.7342","0.872885474675774","0.470807008056626","1.34910851150461","0.0520663876564751","Control_3_meses","STZ_1_mes","65838.4797","Keratin_ type II cuticular Hb4 OS=Mus musculus OX=10090 GN=Krt84 PE=2 SV=2","0","6.88336842021639","10.287128987868","4.3723151585575","8.35497642819177","0","0","8.46664093277063","11.4693464757854","4.33494567870702","5.51486206054197","0"
"J3QMV8","1","1","5.6006","0.878699117791689","0.472552843245483","1.5329872554898","0.05187953620297","STZ_1_mes","Control_3_meses","3483.0214","Heterogeneous nuclear ribonucleoprotein F (Fragment) OS=Mus musculus OX=10090 GN=Hnrnpf PE=1 SV=1","0","155.804890738887","3170.35705037592","711.820860052016","0","4387.14300537219","0","191.642228764249","3534.70083884371","705.737040765841","0","3047.28944533447"
"P07759;A0A0R4J0I1;E9Q499;F2Z405;P29621;Q03734","11","8","74.5989","0.885540053320119","0.474839317844227","1.00817228575396","0.0516713742860763","Control_3_meses","STZ_1_mes","47051.0918","Serine protease inhibitor A3K OS=Mus musculus OX=10090 GN=Serpina3k PE=1 SV=2","1529.63407439647","1336.15154436132","1640.78720023603","1535.19724540878","1127.79127230337","1807.05383781996","1529.63407439647","1643.48537914212","1829.3497548961","1522.07615956561","744.42020911629","1255.17132229263"
"Q497I4","9","4","62.384","0.892129344967302","0.476977918556465","1.01021626684646","0.051482752882379","STZ_1_mes","Control_3_meses","51841.451","Keratin_ type I cuticular Ha5 OS=Mus musculus OX=10090 GN=Krt35 PE=1 SV=1","5219.14514206695","5399.72999131633","3229.02462476558","4763.48291259551","3883.42294964062","5342.46773510505","5219.14514206695","6641.74459064489","3600.11060850466","4722.77018438058","2563.32762564671","3710.85362872606"
"A0A494BBD8;P10107","3","2","16.1675","0.902623397426885","0.481185701281945","1.08264242481934","0.0512062318600449","Control_3_meses","STZ_1_mes","34115.8849","Annexin OS=Mus musculus OX=10090 GN=Anxa1 PE=1 SV=1","2042.32028378629","414.45478846904","664.039927702071","594.186034750519","1514.15457274312","774.25010612832","2042.32028378629","509.785277006058","740.352727525095","589.107621541996","999.446698477928","537.790578872129"
"Q8R1S0;D3YW66;D6RG57;F6ZE40","2","1","5.992","0.909465033204451","0.483427642934543","2.33596036504692","0.0510416284094705","Control_3_meses","STZ_1_mes","51677.8469","Ubiquinone biosynthesis monooxygenase COQ6_ mitochondrial OS=Mus musculus OX=10090 GN=Coq6 PE=1 SV=3","95.3217646889206","0","10.713486555619","18.4892007675443","26.9033721678317","0","95.3217646889206","0","11.9447019100253","18.3311765194107","17.7580855845845","0"
"P10639","6","5","42.1496","0.929531999712705","0.492666254051251","1.01668629325019","0.0506294429130431","STZ_1_mes","Control_3_meses","12017.6294","Thioredoxin OS=Mus musculus OX=10090 GN=Txn PE=1 SV=3","9994.6053388424","6815.1598393143","8411.49573234291","6034.34531665287","12564.1282817876","7043.63666775118","9994.6053388424","8382.74340938139","9378.16168608433","5982.77073029668","8293.19328193593","4892.47778067086"
"Q3UW77","5","4","33.8943","0.93506846352658","0.493110570709973","1.27274157369975","0.0505341054447848","STZ_1_mes","Control_3_meses","13717.6329","Predicted gene 12888 OS=Mus musculus OX=10090 GN=Gm12888 PE=2 SV=1","12780.0787058801","14736.7470290377","15734.7211647916","15739.3392614346","6487.11264065973","32821.5899639903","12780.0787058801","18126.4081761898","17542.986867541","15604.8176407232","4281.94282675903","22797.7261178607"
"Q52KB6;E9Q526;Q52KB6-2;Q52KB6-3;D3Z640;D3Z4D9;V9GXB2","6","4","31.902","0.937504985882971","0.493110570709973","1.08864123505972","0.0504946522799476","Control_3_meses","STZ_1_mes","257513.1082","C2 domain-containing protein 3 OS=Mus musculus OX=10090 GN=C2cd3 PE=1 SV=3","7000.79616572037","5854.6131080805","14574.1151598278","11025.0070399604","7490.46266444802","6680.6404099802","7000.79616572037","7201.25728572459","16249.0016935915","10930.7780643512","4944.2232086597","4640.3422419736"
"Q9JJU9;D3YYW5","2","2","11.6475","0.940117079491923","0.493110570709973","1.0693132919636","0.0504540520926045","Control_3_meses","STZ_1_mes","24462.2624","Beta-crystallin B3 OS=Mus musculus OX=10090 GN=Crybb3 PE=2 SV=3","165.833841574488","194.484193401718","54.1657419608215","161.266842536515","85.7264333157215","140.623505919832","165.833841574488","239.218320465854","60.3905776236798","159.888520571109","56.5853726508685","97.6764433780018"
"Q9EPV7","14","12","104.5101","0.941126034819899","0.493110570709973","1.01098931692702","0.0504388390253419","Control_3_meses","STZ_1_mes","15939.4918","AUMP OS=Mus musculus OX=10090 GN=9530002B09Rik PE=1 SV=1","40885.4494055479","44798.5218719558","53306.1349814943","46718.3895720716","41567.2083787336","49193.7046806703","40885.4494055479","55102.8182502539","59432.1828868651","46319.0949525281","27437.2312621992","34169.7220415977"
"A0AAA9WUV6;A0AAA9WW37;E0CYZ3;E9Q6P9;F6USE5;O88427;O88427-2","3","2","17.6919","0.950305286087772","0.49554169844753","1.03266875513449","0.0503124196767326","STZ_1_mes","Control_3_meses","267188.8502","Calcium channel_ voltage-dependent_ T type_ alpha 1H subunit OS=Mus musculus OX=10090 GN=Cacna1h PE=1 SV=1","206.017597889998","282.815510532062","477.05724942995","154.155809602139","533.05396859681","310.235015240499","206.017597889998","347.867095252459","531.881624984976","152.838264500321","351.852471745645","215.487821198878"
"REVERSE15920","2","1","14.797","0.951170339880123","0.49554169844753","1.0254306815032","0.0503016171360664","Control_3_meses","STZ_1_mes","44399.3448","Reversed Sequence 15920","52362.5872779197","25007.7113609159","56810.886950167","26462.1744074028","62400.8343055248","41990.4833947043","52362.5872779197","30759.8401999508","63339.7079784436","26236.0064260344","41188.8646982315","29166.3975157607"
"Q80XI7;Q80XI7-2","17","2","123.6215","0.959573510093557","0.498503387870597","1.02064441770946","0.0502066147815227","STZ_1_mes","Control_3_meses","62790.549","Vomeromodulin OS=Mus musculus OX=10090 GN=Bpifb9a PE=1 SV=1","17943.5515712529","6948.63412548821","16024.6785441403","8979.08688326689","24257.8875150968","8524.59467926789","17943.5515712529","8546.91867733209","17866.2667302591","8902.34406071366","16011.8828192619","5921.14443501793"
"P62737;P63268;P68033;P68134;A0A494B9T3;D3YZY0;D3Z2K3;A0A0U1RQ96;A0A1D5RM20","12","2","108.2916","0.972615341148222","0.503851345449903","3.1240490112744","0.0500947395800919","STZ_1_mes","Control_3_meses","42408.2561","Actin_ aortic smooth muscle OS=Mus musculus OX=10090 GN=Acta2 PE=1 SV=1","401.600547971271","214.579049068679","285.734343863871","113.872909020939","2631.25666012456","72.4937861896812","401.600547971271","263.935278376798","318.571507528569","112.899655441346","1736.81130655324","50.3538519801243"
"J3QJY4","4","2","49.7105","0.979263078174487","0.505866123030976","1.01534011543918","0.0500543102301676","Control_3_meses","STZ_1_mes","10289.6988","ABPA3 OS=Mus musculus OX=10090 GN=Scgb1b3 PE=3 SV=1","6753.62643718663","11139.7692956046","10907.3239388877","7230.20957492232","10226.9407155847","10908.4379825629","6753.62643718663","13702.0744702232","12160.8154740031","7168.41412760741","6750.48790771949","7576.95107924331"
"P07356;B0V2N7;B0V2N8;B0V2N5","15","13","90.0874","0.982498854665294","0.506111987599981","1.01119628440576","0.0500386785293562","STZ_1_mes","Control_3_meses","38961.4131","Annexin A2 OS=Mus musculus OX=10090 GN=Anxa2 PE=1 SV=2","11036.7450053477","4910.64308890489","7585.77471402109","5688.5052556687","11885.1960155728","6222.94552080069","11036.7450053477","6040.16075336591","8457.54715285156","5639.8865091186","7845.05104852492","4322.42946747038"
"E9Q704;F8VQA4;P97467;F6T0D3;F6TGI4;F7D4K4","15","13","88.2678","0.98647674181103","0.506524693768441","1.00325483185461","0.0500230900601869","Control_3_meses","STZ_1_mes","98032.1423","Peptidylglycine alpha-amidating monooxygenase OS=Mus musculus OX=10090 GN=Pam PE=1 SV=1","11764.4355220503","27262.1442766833","23385.0711602489","11867.4170739917","21425.7762323745","28915.9772625993","11764.4355220503","33532.8247097966","26072.5304226382","11765.9881542681","14142.4935757906","20084.905417022"
"P62696","18","14","105.0347","0.989372182272714","0.506524693768441","1.26081676474904","0.050014258593653","STZ_1_mes","Control_3_meses","23495.0709","Beta-crystallin B2 OS=Mus musculus OX=10090 GN=Crybb2 PE=1 SV=2","1831.8466463183","2587.2704222951","1084.63189193835","3001.00855831365","514.597445574277","3423.61295454582","1831.8466463183","3182.3793707183","1209.27996353487","2975.35941711862","339.669890566477","2378.02588347875"
"D2XZ31;E9PWZ2;A0A087WQJ0;A0A494BAG6;O88286;O88286-4","27","13","92.4211","0.992845873326422","0.506524693768441","1.00756857315433","0.0500064590405102","Control_3_meses","STZ_1_mes","10331.8229","ABPA7 (Fragment) OS=Mus musculus OX=10090 GN=Scgb1b29 PE=2 SV=1","92962.0809440768","132445.138258396","136359.996614941","102290.441660648","128647.304126217","128111.975945573","92962.0809440768","162909.401395915","152030.760813646","101416.181581053","84916.1147029386","88985.9919409595"
"P16858;A0A0A0MQF6;S4R1W1;S4R257;A0A1D5RLD8","8","4","41.8162","0.994348342739497","0.506524693768441","1.15849371678045","0.0500040291053122","STZ_1_mes","Control_3_meses","36095.2251","Glyceraldehyde-3-phosphate dehydrogenase OS=Mus musculus OX=10090 GN=Gapdh PE=1 SV=2","1001.31550996002","910.883252629771","1530.89217350001","670.689128928935","2490.34529909285","827.764787741943","1001.31550996002","1120.39933952105","1706.82537135939","664.956855984156","1643.80006642204","574.961631708094"
"A0A0B4J1I0;A0A0G2JDE5;A0A140T8M0;A0A140T8M9;A0A140T8N1;F6XWB2;P01631","1","0","6.874",,,,,"---","---","13193.0706","Immunoglobulin kappa variable 1-110 (Fragment) OS=Mus musculus OX=10090 GN=Igkv1-110 PE=1 SV=5",,,,,,,"0","0","0","0","0","0"
"A0A1N9M8B2;Q8K1K9","1","0","5.6529",,,,,"---","---","49630.958","Histone H4 transcription factor (Fragment) OS=Mus musculus OX=10090 GN=Hinfp PE=1 SV=1",,,,,,,"0","0","0","0","0","0"
"A0A9L6KDW7","3","0","13.6442",,,,,"---","---","55178.6398","Zinc finger protein 33B OS=Mus musculus OX=10090 GN=Zfp33b PE=4 SV=1",,,,,,,"0","0","0","0","0","0"
"A0A140LHZ2;A0A140LIW0;A0A286YDU8","1","0","5.9726",,,,,"---","---","13550.9817","Coiled-coil and C2 domain containing 2B (Fragment) OS=Mus musculus OX=10090 GN=Cc2d2b PE=4 SV=1",,,,,,,"0","0","0","0","0","0"
"A0A338P675;P47941","1","0","5.8145",,,,,"---","---","16872.7876","V-crk avian sarcoma virus CT10 oncogene homolog-like (Fragment) OS=Mus musculus OX=10090 GN=Crkl PE=1 SV=1",,,,,,,"0","0","0","0","0","0"
"A2ALV1;A2ALV3;Q62420;Q8BXU5","1","0","5.4154",,,,,"---","---","20289.2667","SH3-domain GRB2-like 2 OS=Mus musculus OX=10090 GN=Sh3gl2 PE=1 SV=1",,,,,,,"0","0","0","0","0","0"
"B1ARJ2;G5E8M9;P35330","1","0","5.7733",,,,,"---","---","16077.3512","Intercellular adhesion molecule 2 (Fragment) OS=Mus musculus OX=10090 GN=Icam2 PE=1 SV=1",,,,,,,"0","0","0","0","0","0"
"F6Y6L6;A0A1B0GT66","6","0","49.2224",,,,,"---","---","30241.4076","Cathepsin D (Fragment) OS=Mus musculus OX=10090 GN=Gm49369 PE=1 SV=1",,,,,,,"0","0","0","0","0","0"
"F8WIV2;Q60854","3","0","17.6819",,,,,"---","---","45230.8328","Serpin B6 OS=Mus musculus OX=10090 GN=Serpinb6a PE=1 SV=1",,,,,,,"0","0","0","0","0","0"
"H3BKI6;Q925I1;Q925I1-2;V9GWS5","2","0","10.5337",,,,,"---","---","24122.8183","ATPase family_ AAA domain containing 3A OS=Mus musculus OX=10090 GN=Atad3a PE=1 SV=1",,,,,,,"0","0","0","0","0","0"
"O35691;Q3TUQ5","1","0","4.3773",,,,,"---","---","82606.8288","Pinin OS=Mus musculus OX=10090 GN=Pnn PE=1 SV=4",,,,,,,"0","0","0","0","0","0"
"P10853;P10854;P70696;Q64475;Q64478;Q64524;Q64525;Q6ZWY9;Q8CBB6;Q8CGP0;Q8CGP1;Q8CGP2;Q8CGP2-2;Q9D2U9","1","0","8.2054",,,,,"---","---","13936.1889","Histone H2B type 1-F/J/L OS=Mus musculus OX=10090 GN=H2bc7 PE=1 SV=2",,,,,,,"0","0","0","0","0","0"
"Q3UT41","8","0","61.9159",,,,,"---","---","45036.8738","Lipase OS=Mus musculus OX=10090 GN=Lipo3 PE=1 SV=1",,,,,,,"0","0","0","0","0","0"
"Q5EBJ4","2","0","19.4136",,,,,"---","---","32319.0178","Ermin OS=Mus musculus OX=10090 GN=Ermn PE=1 SV=1",,,,,,,"0","0","0","0","0","0"
"Q5I2A0;Q80X76","3","0","19.3868",,,,,"---","---","49420.694","Serine protease inhibitor A3G OS=Mus musculus OX=10090 GN=Serpina3g PE=1 SV=2",,,,,,,"0","0","0","0","0","0"
"Q8BGW3","1","0","14.8236",,,,,"---","---","23928.9659","Class E basic helix-loop-helix protein 23 OS=Mus musculus OX=10090 GN=Bhlhe23 PE=2 SV=1",,,,,,,"0","0","0","0","0","0"
"Q8BR26","2","0","10.5499",,,,,"---","---","21954.1295","Interferon-induced transmembrane protein 10 OS=Mus musculus OX=10090 GN=Ifitm10 PE=2 SV=3",,,,,,,"0","0","0","0","0","0"
"Q9CQV8;Q9CQV8-2;A2A5N1","7","0","44.2273",,,,,"---","---","28200.542","14-3-3 protein beta/alpha OS=Mus musculus OX=10090 GN=Ywhab PE=1 SV=3",,,,,,,"0","0","0","0","0","0"
"Q9CW03","5","0","29.9584",,,,,"---","---","141955.1436","Structural maintenance of chromosomes protein 3 OS=Mus musculus OX=10090 GN=Smc3 PE=1 SV=2",,,,,,,"0","0","0","0","0","0"
"Q9JM54","2","0","8.871",,,,,"---","---","11679.6802","Phorbol-12-myristate-13-acetate-induced protein 1 OS=Mus musculus OX=10090 GN=Pmaip1 PE=1 SV=1",,,,,,,"0","0","0","0","0","0"
"Q9Z2T6","5","0","30.6568",,,,,"---","---","57413.2213","Keratin_ type II cuticular Hb5 OS=Mus musculus OX=10090 GN=Krt85 PE=1 SV=2",,,,,,,"0","0","0","0","0","0"
"Q91VN6;A0A1S6GWJ4","4","0","10.7127",,,,,"---","---","70504.041","Probable ATP-dependent RNA helicase DDX41 OS=Mus musculus OX=10090 GN=Ddx41 PE=1 SV=2",,,,,,,"0","0","0","0","0","0"
"Q99PW8;A2AM72","3","0","15.8203",,,,,"---","---","117000.436","Kinesin-like protein KIF17 OS=Mus musculus OX=10090 GN=Kif17 PE=1 SV=1",,,,,,,"0","0","0","0","0","0"
"Q61765","6","0","45.2307",,,,,"---","---","48942.2702","Keratin_ type I cuticular Ha1 OS=Mus musculus OX=10090 GN=Krt31 PE=1 SV=2",,,,,,,"0","0","0","0","0","0"
"Q61897","6","0","44.8786",,,,,"---","---","47517.4968","Keratin_ type I cuticular Ha3-II OS=Mus musculus OX=10090 GN=Krt33b PE=1 SV=2",,,,,,,"0","0","0","0","0","0"
"Q64437","2","0","13.1591",,,,,"---","---","40702.7986","All-trans-retinol dehydrogenase [NAD(+)] ADH7 OS=Mus musculus OX=10090 GN=Adh7 PE=2 SV=2",,,,,,,"0","0","0","0","0","0"
"REVERSE1833","1","0","4.9834",,,,,"---","---","5679.487","Reversed Sequence 1833",,,,,,,"0","0","0","0","0","0"
"REVERSE1939","2","0","11.226",,,,,"---","---","73577.3165","Reversed Sequence 1939",,,,,,,"0","0","0","0","0","0"
"REVERSE11332","1","0","4.4795",,,,,"---","---","35401.6505","Reversed Sequence 11332",,,,,,,"0","0","0","0","0","0"
"REVERSE33424","1","0","13.1868",,,,,"---","---","12542.5964","Reversed Sequence 33424",,,,,,,"0","0","0","0","0","0"
"REVERSE52262","1","0","5.9583",,,,,"---","---","16135.144","Reversed Sequence 52262",,,,,,,"0","0","0","0","0","0"
