,,,,,,,,,,,,"Normalized abundance",,,,,,"Raw abundance",,,,,
,,,,,,,,,,,,"Control_3_meses",,,"STZ_3_meses",,,"Control_3_meses",,,"STZ_3_meses",,
"Accession","Peptide count","Unique peptides","Confidence score","Anova (p)","q Value","Max fold change","Power","Highest mean condition","Lowest mean condition","Mass","Description","20260129_HDMSE_947_089_Control_pool_lagrimas_3_meses_N1","20260129_HDMSE_948_089_Control_pool_lagrimas_3_meses_N2","20260129_HDMSE_949_089_Control_pool_lagrimas_3_meses_N3","20260129_HDMSE_950_089_STZ_pool_lagrimas_3_meses_N1","20260129_HDMSE_951_089_STZ_pool_lagrimas_3_meses_N2","20260129_HDMSE_952_089_STZ_pool_lagrimas_3_meses_N3","20260129_HDMSE_947_089_Control_pool_lagrimas_3_meses_N1","20260129_HDMSE_948_089_Control_pool_lagrimas_3_meses_N2","20260129_HDMSE_949_089_Control_pool_lagrimas_3_meses_N3","20260129_HDMSE_950_089_STZ_pool_lagrimas_3_meses_N1","20260129_HDMSE_951_089_STZ_pool_lagrimas_3_meses_N2","20260129_HDMSE_952_089_STZ_pool_lagrimas_3_meses_N3"
"O55229;F6RRT7","4","3","19.4639","0.00720210529461296","0.221715744130189","1.2621053942378","0.958310072740044","STZ_3_meses","Control_3_meses","45468.3844","Choline/ethanolamine kinase OS=Mus musculus OX=10090 GN=Chkb PE=1 SV=3","6440.90578744541","6336.01347114796","6128.51783451717","7796.96186596861","7443.55400777774","8620.13826189187","6440.90578744541","7793.3865704258","6832.81939110546","7829.41497275545","4820.07241349565","9762.83561827935"
"REVERSE35176","1","1","6.9377","0.00973412701260712","0.221715744130189","18.9634434702575","0.926304451847462","Control_3_meses","STZ_3_meses","26310.3022","Reversed Sequence 35176","505.611117510658","1369.40698901787","970.310722115552","117.036812284856","16.5987759262843","16.40724726369","505.611117510658","1684.39004845195","1081.8207756739","117.523951792828","10.7485351562546","18.5822144746799"
"A0A0H2UH22;D3YUJ4;Q812E0","2","1","19.0882","0.0129310868567439","0.221715744130189","2.11268164407853","0.884189417075909","Control_3_meses","STZ_3_meses","108362.9959","Cytoplasmic polyadenylation element binding protein 2 OS=Mus musculus OX=10090 GN=Cpeb2 PE=1 SV=2","5651.99981964688","4803.03336145562","6587.86610499059","3319.58044449277","1968.46673532931","2778.90381294171","5651.99981964688","5907.79926004378","7344.95688576753","3333.39745431076","1274.68037417751","3147.27911554465"
"P40142;A0A286YE28","34","29","255.5312","0.0134323304864352","0.221715744130189","1.50975518084619","0.877649911459704","STZ_3_meses","Control_3_meses","68314.9178","Transketolase OS=Mus musculus OX=10090 GN=Tkt PE=1 SV=1","14085.2036074258","13541.1049959523","16009.1211561475","18895.1427378954","21860.2948204058","25123.3785895925","14085.2036074258","16655.7514918068","17848.9214560471","18973.7895359132","14155.6310204267","28453.768129255"
"A0A3B2WCZ8;Q8R0C3","1","1","4.9842","0.0149381997040515","0.221715744130189","2.52330790178021","0.85827672538241","Control_3_meses","STZ_3_meses","102531.383","Solute carrier family 26_ member 8 OS=Mus musculus OX=10090 GN=Slc26a8 PE=1 SV=1","11870.703019076","18582.5849966368","15643.6484821523","6322.55644075351","7838.29047806384","4107.60793972112","11870.703019076","22856.8435051553","17441.4479296215","6348.87266531183","5075.68396263449","4652.11808459267"
"P35918","5","2","27.7568","0.0170489250477743","0.221715744130189","1.4758414999784","0.831990484130098","Control_3_meses","STZ_3_meses","152343.8222","Vascular endothelial growth factor receptor 2 OS=Mus musculus OX=10090 GN=Kdr PE=1 SV=2","24378.1601907918","33744.9045924426","28455.1046267285","18781.9881745858","20387.7884813447","19493.8192730566","24378.1601907918","41506.7119835832","31725.2222999794","18860.1639920871","13202.1097352731","22077.9467049441"
"P11499;E9Q3D6;E9PX27;E9Q0C3;D3Z1R1;B7ZC49","26","14","170.325","0.0171437058350302","0.221715744130189","2.34107371892238","0.830836843985029","Control_3_meses","STZ_3_meses","83623.5369","Heat shock protein HSP 90-beta OS=Mus musculus OX=10090 GN=Hsp90ab1 PE=1 SV=3","6601.1274681677","11649.9241849855","11542.1098044802","3488.3562079646","4482.88471609391","4755.03984908502","6601.1274681677","14329.5722307382","12868.5522039497","3502.8757090823","2902.891405147","5385.3744562557"
"P70694;A0A1Y7VP26","3","1","16.3057","0.0172227049102548","0.221715744130189","9.90691448025136","0.829877126522809","STZ_3_meses","Control_3_meses","37446.9161","Estradiol 17 beta-dehydrogenase 5 OS=Mus musculus OX=10090 GN=Akr1c6 PE=1 SV=1","32.0814605009943","128.104525419509","73.6206636378976","893.420076647606","287.648643447187","1135.23376199439","32.0814605009943","157.570385947157","82.081297904995","897.138737537753","186.266841029231","1285.72190723071"
"P70227","5","3","23.834","0.0182453474130092","0.221715744130189","27.8530527658653","0.817606176208009","Control_3_meses","STZ_3_meses","307126.8071","Inositol 1_4_5-trisphosphate-gated calcium channel ITPR3 OS=Mus musculus OX=10090 GN=Itpr3 PE=1 SV=3","152.436920759158","786.331361095188","368.557937231414","21.9858434270942","1.99744755242815","22.9532595693614","152.436920759158","967.198743716303","410.913354298663","22.0773545742312","1.29344689845781","25.9959751539057"
"Q6IFX3","6","1","49.6503","0.0200509423042261","0.221715744130189","2.74880638503447","0.796647218559983","Control_3_meses","STZ_3_meses","51038.0212","Keratin_ type I cytoskeletal 40 OS=Mus musculus OX=10090 GN=Krt40 PE=2 SV=1","925.922688634901","1633.48998808606","1306.24740355762","672.181407896465","314.24057633978","419.882985558888","925.922688634901","2009.21588851489","1456.36397406565","674.979212398473","203.486443657651","475.543250280086"
"P27773","5","4","29.0741","0.0219885984430864","0.221715744130189","3.0534077406475","0.775169664652455","Control_3_meses","STZ_3_meses","57134.6581","Protein disulfide-isomerase A3 OS=Mus musculus OX=10090 GN=Pdia3 PE=1 SV=2","5839.87521356548","7760.29285789926","13209.25879525","2842.68572428094","2070.95181510553","3866.52847310604","5839.87521356548","9545.27044753359","14727.2932992003","2854.51776667865","1341.04457403528","4379.0807930784"
"P97821;D3Z220","7","6","43.7478","0.0220348839202655","0.221715744130189","1.23773443806817","0.774669381431478","Control_3_meses","STZ_3_meses","53174.8526","Dipeptidyl peptidase 1 OS=Mus musculus OX=10090 GN=Ctsc PE=1 SV=1","4604.31439542188","5133.80874000288","5443.31245384928","4182.13964992701","3837.75843617687","4245.60501565109","4604.31439542188","6314.65767420852","6068.86883432516","4199.54686917338","2485.13996789001","4808.40824226491"
"P20152;A0A0A6YWC8","5","3","27.8255","0.024998191153222","0.221715744130189","1.45345569201659","0.743847565026334","STZ_3_meses","Control_3_meses","53744.7779","Vimentin OS=Mus musculus OX=10090 GN=Vim PE=1 SV=3","37491.215356203","28789.0674087857","38098.6946822571","50064.2097393567","45662.5259895386","55983.4831686756","37491.215356203","35410.9618517057","42477.0730590917","50272.590795055","29568.7626666946","63404.7305169947"
"Q3UW77","5","4","33.8943","0.0251431507804265","0.221715744130189","1.39921332935825","0.742399480562105","Control_3_meses","STZ_3_meses","13717.6329","Predicted gene 12888 OS=Mus musculus OX=10090 GN=Gm12888 PE=2 SV=1","12780.0787058801","14736.7470290377","15734.7211647916","9624.04717359596","11892.8675729987","9394.41663669535","12780.0787058801","18126.4081761898","17542.986867541","9664.10511360071","7701.22482433389","10639.753396897"
"Q0VGU8","21","20","145.1956","0.0264644343653831","0.221715744130189","1.20880502253863","0.729447762636828","STZ_3_meses","Control_3_meses","40101.9387","BPI fold containing family A_ member 6 OS=Mus musculus OX=10090 GN=Bpifa6 PE=1 SV=1","75894.9326920522","65949.012711371","67284.7875367139","82763.3002675779","89854.5930110207","80177.9694565794","75894.9326920522","81118.2224182548","75017.2902194858","83107.7839610711","58185.3298230589","90806.4711064407"
"P08074;F6YNX9","9","8","59.2626","0.027490376064523","0.221715744130189","2.05799580506293","0.719691520065316","STZ_3_meses","Control_3_meses","26072.2937","Carbonyl reductase [NADPH] 2 OS=Mus musculus OX=10090 GN=Cbr2 PE=1 SV=1","832.191386206444","608.779696580797","879.437317084374","1441.47418684096","1190.92934009977","2142.98722602784","832.191386206444","748.807674302667","980.504016744741","1447.47400016828","771.18613670827","2427.06455327673"
"Q6IME9","20","6","147.9183","0.0275249486471519","0.221715744130189","2.21871655086297","0.719367220052546","Control_3_meses","STZ_3_meses","57263.6054","Keratin_ type II cytoskeletal 72 OS=Mus musculus OX=10090 GN=Krt72 PE=3 SV=1","7084.82049486671","7368.71571949356","9658.75687999502","5139.06432296313","2338.90616010243","3389.70573496092","7084.82049486671","9063.62500507467","10768.7605854544","5160.45452675333","1514.55837470715","3839.0497784776"
"S4R1X8;S4R2V3","6","5","24.1703","0.0296771131954305","0.221715744130189","1.55003368971098","0.699734620942763","Control_3_meses","STZ_3_meses","9066.3649","Secretoglobin_ family 2B_ member 17 OS=Mus musculus OX=10090 GN=Scgb2b17 PE=3 SV=1","61085.7180906246","79925.5385514412","79758.8810254096","47271.7181378353","55627.1183123334","39530.4146899406","61085.7180906246","98309.5477333314","88924.9315411721","47468.4760729254","36021.3331077295","44770.6207041284"
"Q6DFV3;A0A0A0MQE8;B7ZCJ0;B7ZCJ1;F6WQR2","10","4","66.9649","0.0332396847122812","0.221715744130189","1.29631764340657","0.669495617504055","STZ_3_meses","Control_3_meses","217129.0309","Rho GTPase-activating protein 21 OS=Mus musculus OX=10090 GN=Arhgap21 PE=1 SV=2","12994.4955568026","12612.9348179593","10946.2988795975","14994.6972982973","14616.6608775178","17773.8859889179","12994.4955568026","15514.0889885341","12204.2694930401","15057.1093661031","9465.01681851548","20130.0167045999"
"P49183;E9Q797;H3BKL7;D3YXC7","22","20","71.5371","0.0337497957429698","0.221715744130189","1.28419147935524","0.665380975748188","STZ_3_meses","Control_3_meses","32255.5621","Deoxyribonuclease-1 OS=Mus musculus OX=10090 GN=Dnase1 PE=1 SV=2","123519.324634033","154831.667129029","156332.258919993","194454.123541042","179601.140992583","184161.262211992","123519.324634033","190445.149899814","174298.275545118","195263.495261065","116300.695101578","208573.931833423"
"A0A1B0GT69","3","2","10.4617","0.03383197107392","0.221715744130189","1.40797201106297","0.664722942989634","Control_3_meses","STZ_3_meses","13981.7834","Collagen_ type IV_ alpha 1 (Fragment) OS=Mus musculus OX=10090 GN=Col4a1 PE=4 SV=1","31162.5502200101","34141.8101866154","33249.8977371245","20366.3359117913","21035.8557546183","28595.1217527295","31162.5502200101","41994.9115023247","37071.0426476872","20451.1062217612","13621.7656123893","32385.7303299579"
"P18761;B1ARR4","15","14","98.0761","0.0342292628024188","0.221715744130189","1.86235968260831","0.661560166433017","Control_3_meses","STZ_3_meses","36609.0124","Carbonic anhydrase 6 OS=Mus musculus OX=10090 GN=Ca6 PE=1 SV=3","17837.0385296427","17250.1663781093","25043.8132719547","9538.23688088752","8397.44830991552","14351.8577265193","17837.0385296427","21217.9496778137","27921.8985034279","9577.93765477543","5437.76654271412","16254.3596800951"
"REVERSE27225","1","1","6.101","0.0377513820160118","0.221715744130189","1.65184363363728","0.634809565382231","Control_3_meses","STZ_3_meses","28887.3335","Reversed Sequence 27225","927.566117981444","1470.82292108704","1352.87322204967","661.651994654261","852.757442482101","756.545382514494","927.566117981444","1809.13308547581","1508.34812509876","664.405972832858","552.202969121496","856.834076537916"
"D3Z5N5;Q9Z1T6;Q9Z1T6-1;Q9Z1T6-3","6","3","31.175","0.0382321578461222","0.221715744130189","1.58384136273375","0.631328849132606","Control_3_meses","STZ_3_meses","234817.3342","1-phosphatidylinositol 3-phosphate 5-kinase OS=Mus musculus OX=10090 GN=Pikfyve PE=1 SV=2","3613.17945654697","4730.9939220387","4955.21457760603","3416.79451258302","2691.36389233185","2288.76079994581","3613.17945654697","5819.18972626526","5524.67777155819","3431.01615417774","1742.79233260779","2592.16207218101"
"E9Q7N9","7","4","39.7856","0.0396473257287645","0.221715744130189","1.60204269294627","0.621307041796301","Control_3_meses","STZ_3_meses","520367.9891","Dynein axonemal heavy chain 11 OS=Mus musculus OX=10090 GN=Dnah11 PE=1 SV=2","3230.13948790813","4911.81700741663","4618.50475497308","2392.50120527472","2478.25511605438","3094.36302691401","3230.13948790813","6041.60468981046","5149.27258103983","2402.45945548","1604.79377270811","3504.5560357883"
"P52480;P52480-2;A0A1L1SU37;A0A1L1SQV8;A0A1L1SSN6;A0A1L1STV8;A0A1L1SUV0;A0A1L1ST52;A0A1L1SVH2","13","11","80.0434","0.0413914935196268","0.221715744130189","1.28527676312874","0.609396214754006","STZ_3_meses","Control_3_meses","58415.2929","Pyruvate kinase PKM OS=Mus musculus OX=10090 GN=Pkm PE=1 SV=4","4480.82215630104","5399.16934805376","4558.73787042019","6217.69460203568","6810.02086522502","5530.04788724201","4480.82215630104","6641.05499146818","5082.63716628768","6243.57436268559","4409.828110806","6263.11862340219"
"A0A0A6YW67;E9Q5F6;E9Q9J0;P0CG49;P0CG50;P62983;P62984;Q5SX22;E9Q4P0;E9QNP0","2","2","23.767","0.0423606946125882","0.221715744130189","1.72910449254484","0.602978368365733","STZ_3_meses","Control_3_meses","8728.0311","Predicted pseudogene 8797 OS=Mus musculus OX=10090 GN=Gm8797 PE=3 SV=1","3626.07215197382","2222.69250912759","3293.95957206831","5152.40580377687","4279.09316189518","6377.2265800003","3626.07215197382","2733.94335881715","3672.50801013928","5173.85153849168","2770.92621117242","7222.60048615514"
"P01027;H3BKW9;P01027-2","6","6","36.3423","0.0444445179821811","0.221715744130189","1.43064878839362","0.589639994162936","STZ_3_meses","Control_3_meses","188023.9467","Complement C3 OS=Mus musculus OX=10090 GN=C3 PE=1 SV=3","1132.97790226014","917.834946533165","1295.71670556381","1784.62212870009","1623.04027709396","1380.04604647038","1132.97790226014","1128.95002176867","1444.62306714543","1792.05021844998","1050.99951682201","1562.98684406365"
"Q9CQV3;A0A087WST6","18","16","127.2771","0.0448450901667427","0.221715744130189","2.07457746217173","0.587145244294252","Control_3_meses","STZ_3_meses","43767.4408","Serpin B11 OS=Mus musculus OX=10090 GN=Serpinb11 PE=2 SV=1","8420.11582716136","12663.5728758863","7508.31333743947","2953.97902336978","5265.71345139837","5562.39209996554","8420.11582716136","15576.3745190806","8371.18375957113","2966.27429918868","3409.8120491821","6299.75042934648"
"B1AVM1","3","2","22.516","0.0460424533060105","0.221715744130189","1.22040274487993","0.579815982029646","STZ_3_meses","Control_3_meses","13589.5858","Predicted gene 12887 OS=Mus musculus OX=10090 GN=Gm12887 PE=1 SV=1","29875.9116553572","34918.1159140137","33480.0167082573","43657.5665512988","39763.1106852004","36513.2361503703","29875.9116553572","42949.778574183","37327.6073523474","43839.2813901935","25748.5970664339","41353.4808372372"
"REVERSE6773","1","1","5.049","0.0511186473737204","0.221715744130189","2.72296349417757","0.550725202203245","STZ_3_meses","Control_3_meses","74424.1315","Reversed Sequence 6773","149.389543219576","234.307885760173","426.358650735031","609.20274540211","514.622015548512","1081.92837234932","149.389543219576","288.202027748743","475.356641682579","611.738415332427","333.243418121374","1225.35028198965"
"Q60997;A0A140LI59;A0A1D5RM72;E9QPG8;Q60997-2;Q60997-3;Q60997-4;A0A140LHB2","14","11","80.1533","0.0540029834542168","0.221715744130189","2.56458349904895","0.535492166922112","Control_3_meses","STZ_3_meses","232233.1624","Scavenger receptor cysteine-rich domain-containing protein DMBT1 OS=Mus musculus OX=10090 GN=Dmbt1 PE=1 SV=2","7303.07148899529","17092.0120992563","18095.6013448994","6013.82870494149","6500.96686029761","4053.46393924113","7303.07148899529","21023.4176682969","20175.1841312678","6038.85991947276","4209.70023078061","4590.79668111367"
"P62696","18","14","105.0347","0.0545714455710649","0.221715744130189","2.96291018005069","0.532591264014603","Control_3_meses","STZ_3_meses","23495.0709","Beta-crystallin B2 OS=Mus musculus OX=10090 GN=Crybb2 PE=1 SV=2","1831.8466463183","2587.2704222951","1084.63189193835","355.125997672982","422.042456954228","1080.37991035819","1831.8466463183","3182.3793707183","1209.27996353487","356.604130069084","273.293537195189","1223.5965537522"
"A0A2I3BR96;A6H603;A6H603-2;A6H603-3;E0CX99","4","1","21.6347","0.0556212615311541","0.221715744130189","1.47766363803431","0.527317723811745","Control_3_meses","STZ_3_meses","175578.3999","NACHT domain- and WD repeat-containing protein 1 OS=Mus musculus OX=10090 GN=Nwd1 PE=1 SV=1","3057.4893630163","3859.0612730323","4221.71222141326","3094.9279138037","2158.33847743926","2284.48615999309","3057.4893630163","4746.70018248102","4706.87985399524","3107.80985779815","1397.63179567459","2587.32078009059"
"O08759;A0A0J9YUF2;A0A0J9YUK0;A0A140LHS2;A0A140LI50","3","1","14.2444","0.0582229550490955","0.221715744130189","10.2342868894551","0.514697661257824","Control_3_meses","STZ_3_meses","100789.1487","Ubiquitin-protein ligase E3A OS=Mus musculus OX=10090 GN=Ube3a PE=1 SV=2","185.113608851986","333.883719618118","737.88006849425","82.9065738806155","2.88606010940322","37.0178178314337","185.113608851986","410.681717834827","822.67872533897","83.2516539184212","1.8688678422282","41.9249505583198"
"Q3UWK8;W4VSP4","25","21","178.8624","0.0594468864718927","0.221715744130189","1.64549794071462","0.508971624711389","Control_3_meses","STZ_3_meses","43486.2292","OTTMUSG00000000712 protein OS=Mus musculus OX=10090 GN=Serpinb6d PE=1 SV=1","38721.4358328954","36419.9523046908","25297.4741051024","26278.1895601253","17814.5173065109","16945.8758975993","38721.4358328954","44797.0586677904","28204.7105480847","26387.5666363018","11535.7883262662","19192.2444593963"
"P10639","6","5","42.1496","0.0600093769585063","0.221715744130189","1.34477405390174","0.506383425187127","STZ_3_meses","Control_3_meses","12017.6294","Thioredoxin OS=Mus musculus OX=10090 GN=Txn PE=1 SV=3","9994.6053388424","6815.1598393143","8411.49573234291","11408.1762575898","10469.9246009952","12038.7964205411","9994.6053388424","8382.74340938139","9378.16168608433","11455.6602351563","6779.79829096487","13634.6757934574"
"Q61493;F6T1D2","9","5","61.3524","0.0606294490598174","0.221715744130189","2.19792223045393","0.503561184563012","Control_3_meses","STZ_3_meses","354247.2904","DNA polymerase zeta catalytic subunit OS=Mus musculus OX=10090 GN=Rev3l PE=1 SV=3","4704.51811287555","5317.63399677214","7003.14360630232","1297.06286774488","3669.33635064333","2779.68728096617","4704.51811287555","6540.76535120989","7807.95891011853","1302.46160131313","2376.07826867276","3148.16644116549"
"REVERSE2193","3","1","25.1764","0.0610096171836714","0.221715744130189","1.48734647988653","0.50184665130551","STZ_3_meses","Control_3_meses","40797.2997","Reversed Sequence 2193","26323.3808184764","22036.1085612897","28713.6173945359","33963.7209878942","32269.4120029557","48401.2810638267","26323.3808184764","27104.7265458047","32013.4438733546","34105.0873666256","20896.0534756177","54817.4212969724"
"P68510","8","2","54.6611","0.0635260224766592","0.221715744130189","1.40656727392503","0.490790632704147","STZ_3_meses","Control_3_meses","28382.8718","14-3-3 protein eta OS=Mus musculus OX=10090 GN=Ywhah PE=1 SV=2","67815.7200523224","45601.5148559883","68169.34511272","82931.9418183985","80128.5211827857","92353.2778403654","67815.7200523224","56090.5110268558","76003.5029255732","83277.1274445613","51887.2132967373","104595.75507631"
"O88968","17","12","114.16","0.0644490831662011","0.221715744130189","1.32390774165825","0.486858144918288","Control_3_meses","STZ_3_meses","48042.063","Transcobalamin-2 OS=Mus musculus OX=10090 GN=Tcn2 PE=1 SV=1","32088.1962209871","43455.0784754631","41817.4919993028","26659.0848345595","31610.1690770694","30377.9856224143","32088.1962209871","53450.363789412","46623.2420196171","26770.0473019728","20469.1608061299","34404.9330806203"
"P17897","3","1","22.8368","0.0646118774166478","0.221715744130189","1.66083360263525","0.486171221786539","STZ_3_meses","Control_3_meses","17250.4463","Lysozyme C-1 OS=Mus musculus OX=10090 GN=Lyz1 PE=1 SV=1","5448.21357947512","3469.42617479338","6912.59351226162","9987.639011684","7906.07278902951","8397.67154589415","5448.21357947512","4267.44347701325","7707.00261772709","10029.2103212487","5119.57638913763","9510.87840914434"
"P10126;P62631;D3YZ68;D3Z3I8","15","8","93.6698","0.0661208199832808","0.221715744130189","1.50920403668679","0.479896426591555","STZ_3_meses","Control_3_meses","50456.0942","Elongation factor 1-alpha 1 OS=Mus musculus OX=10090 GN=Eef1a1 PE=1 SV=3","5108.641599563","4283.45786586004","6704.6253170912","9783.29492790049","7595.6493417292","6914.29774957708","5108.641599563","5268.71402006822","7475.13430061291","9824.01570100162","4918.56172688477","7830.86654692995"
"Q6IFZ9","14","5","102.2158","0.0689815230909899","0.221715744130189","1.4003521505904","0.468439571193137","STZ_3_meses","Control_3_meses","55374.0486","Keratin_ type II cytoskeletal 74 OS=Mus musculus OX=10090 GN=Krt74 PE=3 SV=1","27516.2636726439","19022.8687834246","21148.8973340031","27000.9340250629","31623.1731840256","36162.9708766652","27516.2636726439","23398.3988169856","23579.3710169826","27113.3193631372","20477.5816138699","40956.7839182223"
"P04939","23","17","78.9484","0.0702388109553768","0.221715744130189","1.35271069193175","0.463577179252149","Control_3_meses","STZ_3_meses","21749.8459","Major urinary protein 3 OS=Mus musculus OX=10090 GN=Mup3 PE=1 SV=1","26658.8421471276","32472.3661949183","29318.0898054317","19242.708761629","27004.5979977552","19139.4005942532","26658.8421471276","39941.4716786538","32687.3834656153","19322.8022253452","17486.8238627021","21676.5457997519"
"Q61900","2","2","13.1405","0.0716272843476766","0.221715744130189","4.55172328460575","0.458324318914993","Control_3_meses","STZ_3_meses","15829.2751","Submaxillary gland androgen-regulated protein 3A OS=Mus musculus OX=10090 GN=Smr3a PE=2 SV=1","423.739284178862","1685.96212474762","2328.6795317679","291.389933385726","412.89573584732","270.813356603013","423.739284178862","2073.75736195744","2596.29605232072","292.602778694877","267.370579151856","306.712746759287"
"M0QW55","1","1","13.6948","0.0731737198304442","0.221715744130189","1.31404503741567","0.452613108183971","STZ_3_meses","Control_3_meses","4939.6321","RAB29_ member RAS oncogene family OS=Mus musculus OX=10090 GN=Rab29 PE=1 SV=1","80509.4730182705","71432.6017881859","100955.95929936","120350.407233686","112697.536384686","99271.4630705549","80509.4730182705","87863.1148752527","112558.020548319","120851.338838192","72977.2747842159","112431.024433616"
"P24472;A0A1L1SS61","13","10","78.6095","0.0737952602073985","0.221715744130189","1.40779413559343","0.450357768707795","STZ_3_meses","Control_3_meses","25563.9437","Glutathione S-transferase A4 OS=Mus musculus OX=10090 GN=Gsta4 PE=1 SV=3","12196.1456300092","12772.4825333468","17136.9629259563","16402.6378890344","20090.526747291","22782.8395749036","12196.1456300092","15710.3349447816","19106.3770632487","16470.9101940872","13009.6179386928","25802.9640511354"
"P11672;A0A0A6YW77","7","7","36.4694","0.0738624103240855","0.221715744130189","1.29171548120927","0.450115456077184","STZ_3_meses","Control_3_meses","23046.1184","Neutrophil gelatinase-associated lipocalin OS=Mus musculus OX=10090 GN=Lcn2 PE=1 SV=1","3657.76543650284","3452.0107651012","3618.72603167389","4079.23148075806","5587.10849876064","4191.8324453946","3657.76543650284","4246.02227571191","4034.59728240596","4096.21036780778","3617.93136960435","4747.50750630951"
"A0A589M9T4;Q8BVF4;Q8BVF4-2;A0A571BDK5;A0A571BEI9","4","2","25.3685","0.0746732223602335","0.221715744130189","1.63047154744026","0.44721014652252","STZ_3_meses","Control_3_meses","76638.1518","Coiled-coil domain containing 30 OS=Mus musculus OX=10090 GN=Ccdc30 PE=1 SV=1","5301.552689392","6821.45582591989","4903.16122926437","7684.98122145148","7495.45490508398","12580.2492038843","5301.552689392","8390.48756233862","5466.64234806352","7716.9682338958","4853.68083268359","14247.9043007318"
"REVERSE12943","3","2","26.3849","0.0777788792571625","0.221715744130189","1.97770120154337","0.436421185833363","Control_3_meses","STZ_3_meses","93514.5176","Reversed Sequence 12943","14572.9841417717","21965.5473576138","29801.4521797759","15957.5074270791","8268.62631905293","9317.85339782619","14572.9841417717","27017.9352629854","33226.2948131108","16023.9269763195","5354.34787956484","10553.0408300247"
"Q9Z0J0","6","5","30.0466","0.0828928106999405","0.221715744130189","1.58852094003647","0.419745096907209","Control_3_meses","STZ_3_meses","16784.2445","NPC intracellular cholesterol transporter 2 OS=Mus musculus OX=10090 GN=Npc2 PE=1 SV=1","4347.27584378698","2609.34715535345","2966.72987108468","2517.5925449881","1639.79889341277","2089.52203948963","4347.27584378698","3209.53406597255","3307.67241585685","2528.07145986709","1061.85155660331","2366.5119482471"
"Q61781","42","11","292.7857","0.0839208909738247","0.221715744130189","1.39787731917918","0.416544556190247","Control_3_meses","STZ_3_meses","53209.2697","Keratin_ type I cytoskeletal 14 OS=Mus musculus OX=10090 GN=Krt14 PE=1 SV=2","12475.85831422","17360.0494241299","18796.0725057503","11281.4281043164","10445.0428434074","13063.4062302367","12475.85831422","21353.1073852704","20956.154842296","11328.384521094","6763.68611212895","14795.1092854764"
"F6W8R9","11","1","57.6259","0.0839401360124505","0.221715744130189","1.32096997753141","0.416485105877062","STZ_3_meses","Control_3_meses","190766.2213","Spectrin repeat containing_ nuclear envelope 2 (Fragment) OS=Mus musculus OX=10090 GN=Syne2 PE=1 SV=1","53433.8855686319","51258.8207074243","76796.270547615","79718.7909971872","81739.0713502803","78283.627289496","53433.8855686319","63049.0775842253","85621.8519275411","80050.6026029923","52930.1248447397","88661.0123423081"
"A0A0N4SVK8","5","1","24.4518","0.0845377817235213","0.221715744130189","1.43013853311509","0.414647245415139","Control_3_meses","STZ_3_meses","186002.0134","ADP-ribosylhydrolase like 1 OS=Mus musculus OX=10090 GN=Adprhl1 PE=1 SV=1","5766.85343821318","8592.10171649056","5955.55353398767","5515.24266462066","4176.80327283232","4512.52810786197","5766.85343821318","10568.4071591625","6639.97768638354","5538.19862647183","2704.68840703527","5110.71502584609"
"Q5SW46;A7M7R7","77","68","515.8827","0.0846194614652734","0.221715744130189","1.37529902935431","0.414397315195256","Control_3_meses","STZ_3_meses","80922.1158","Lactoperoxidase OS=Mus musculus OX=10090 GN=Lpo PE=1 SV=1","65384.3655412829","80714.6155375004","83517.8292491374","56553.5382858244","43853.2785665585","66550.9177398707","65384.3655412829","99280.1236347541","93115.8656310738","56788.9297176043","28397.1847371756","75372.9987153817"
"A0A087WPA9","3","1","41.0248","0.0854205927949527","0.221715744130189","1.19425810652157","0.411961684720919","Control_3_meses","STZ_3_meses","12795.5744","ABPBG18 OS=Mus musculus OX=10090 GN=Scgb2b18 PE=3 SV=1","6438.89401974863","6781.69702882208","7158.87685008776","5730.45237068527","6386.68763871627","4947.40222595856","6438.89401974863","8341.58367714814","7981.58933050886","5754.30409471824","4135.69873595645","5603.23665376363"
"P20060","32","29","210.3245","0.0861309397071509","0.221715744130189","1.23040133081674","0.40982566021563","Control_3_meses","STZ_3_meses","61514.9503","Beta-hexosaminidase subunit beta OS=Mus musculus OX=10090 GN=Hexb PE=1 SV=2","15142.9107669033","17591.4448641639","20304.1709305835","13758.0516167708","14285.3378171712","15063.2987930966","15142.9107669033","21637.7270634056","22637.5669616928","13815.316424009","9250.46861459801","17060.1103506839"
"Q14C51;A0A0U1RP36;A0A0U1RQ61","5","5","17.9806","0.0886810989209553","0.221715744130189","1.62122782073353","0.402334517699634","Control_3_meses","STZ_3_meses","78366.5906","Small ribosomal subunit protein mS39 OS=Mus musculus OX=10090 GN=Ptcd3 PE=1 SV=2","21327.6307149973","31714.8420026469","27661.1994829644","18349.6225076278","20481.1904786361","10948.5401487533","21327.6307149973","39009.7061617868","30840.0799853959","18425.9986999159","13262.5921862689","12399.8936542522"
"Q64511;F6XX57","13","6","86.0848","0.0887941740896441","0.221715744130189","1.52255965259268","0.402008615145933","Control_3_meses","STZ_3_meses","182821.5668","DNA topoisomerase 2-beta OS=Mus musculus OX=10090 GN=Top2b PE=1 SV=2","7911.83774634725","9341.53052102692","11521.4049815252","8463.45764240116","5138.58133818122","5296.90740874331","7911.83774634725","11490.2152341232","12845.4679412297","8498.68488852295","3327.48766607866","5999.07272316274"
"Q8K2F8","3","3","18.4141","0.0888184475698536","0.221715744130189","1.43534667404785","0.401938722598605","Control_3_meses","STZ_3_meses","50774.1916","Protein LSM14 homolog A OS=Mus musculus OX=10090 GN=Lsm14a PE=1 SV=1","12254.4248612144","10975.1471042338","7656.21453373759","7999.33474352577","7026.3936954847","6492.2693085888","12254.4248612144","13499.5868364349","8536.08205787445","8032.63018207195","4549.94030843026","7352.89343670479"
"P17742","2","1","10.1609","0.0892509046486987","0.221715744130189","1.40189388861566","0.400697520410404","STZ_3_meses","Control_3_meses","18142.461","Peptidyl-prolyl cis-trans isomerase A OS=Mus musculus OX=10090 GN=Ppia PE=1 SV=2","2375.58888988846","2123.9684416925","3033.09271573507","4029.52224961124","2815.14001004513","3715.31380675642","2375.58888988846","2612.51135353023","3381.66181166511","4046.29423312411","1822.94354126644","4207.82090306357"
"A0A1B0GSR9;A0A1B0GSX0;P06151;D3YZQ9;A0A1B0GQX5;A0A1B0GSL7;A0A1B0GT41;A0A1B0GRC1;A0A1B0GRE9;A0A1B0GRS2;A0A1B0GRW9;A0A1B0GS79;A0A1B0GSR2;D3YVR7;D3YZE4;P00342","10","8","63.0845","0.0906351430906388","0.221715744130189","1.32325432017652","0.396774906211326","STZ_3_meses","Control_3_meses","34941.5771","L-lactate dehydrogenase OS=Mus musculus OX=10090 GN=Ldha PE=1 SV=1","2080.34875900134","2280.28551875632","3045.17444602873","3647.30086067757","3206.59548085808","2945.87204661568","2080.34875900134","2804.78357874958","3395.13199862674","3662.48193329919","2076.43047963028","3336.38088738511"
"A2ALR9;Q3V0C5;Q3V0C5-2;Q3V0C5-5","3","2","13.917","0.0919687600731124","0.221715744130189","1.64196909352958","0.393066601786639","Control_3_meses","STZ_3_meses","120766.7659","Ubiquitin carboxyl-terminal hydrolase 48 OS=Mus musculus OX=10090 GN=Usp48 PE=1 SV=1","1406.26227320755","1566.04064494914","2282.80099784311","1134.42123305282","1325.47145463365","740.596247646305","1406.26227320755","1926.25223836153","2545.14506529558","1139.143007258","858.308865184548","838.770702466499"
"Q9JLC8;E9QNY8;Q9JLC8-3","18","10","96.3805","0.0939556852386001","0.221715744130189","1.54846655577384","0.387666337890148","Control_3_meses","STZ_3_meses","526274.0601","Sacsin OS=Mus musculus OX=10090 GN=Sacs PE=1 SV=2","23977.3995664508","29199.3168662176","41664.6983059537","24308.9285980114","20037.3135268969","16902.3617826043","23977.3995664508","35915.5745118007","46452.8889686927","24410.109066664","12975.1597248628","19142.9620536083"
"B8JJX8","4","2","18.4382","0.0942509858823506","0.221715744130189","1.24590726678528","0.386876145874454","STZ_3_meses","Control_3_meses","94541.0191","Zinc finger protein 738 OS=Mus musculus OX=10090 GN=Zfp738 PE=3 SV=1","15324.0518964998","16679.8984434564","15999.3505660647","16664.8577272777","20113.4269507377","23029.3767504763","15324.0518964998","20516.5120177289","17838.028010163","16734.2214636545","13024.4469624067","26082.1825329957"
"Q6DFZ2;Q6ZWQ0-3;D3YVK9;Q80Y61-2","13","2","73.2887","0.095130449358297","0.221715744130189","1.36979013054897","0.384541391592909","STZ_3_meses","Control_3_meses","249555.7583","Spectrin repeat containing_ nuclear envelope 2 (Fragment) OS=Mus musculus OX=10090 GN=Syne2 PE=1 SV=1","12916.7135699968","11772.0936117815","19524.5095755516","20024.0651075135","20699.5724710048","19839.3273545076","12916.7135699968","14479.8423610723","21768.3053606","20107.4107919495","13404.0054165512","22469.2558117718"
"Q6P5G3;A2ABG6;Q5NC75;Q6P5G3-2;Q5NC76","6","5","30.3017","0.097320617466506","0.221715744130189","1.32755870908439","0.378845206664228","STZ_3_meses","Control_3_meses","71810.0766","MBT domain-containing protein 1 OS=Mus musculus OX=10090 GN=Mbtd1 PE=1 SV=1","20419.8077087518","18795.9657088232","21256.1470421076","26441.3476833086","32436.173815759","21402.5031622427","20419.8077087518","23119.304812145","23698.946076567","26551.4038686158","21004.040065448","24239.6483495406"
"A5D6P2;B7ZNY3;E0CXL4;E0CY24;F6S7Z1;G3XA13;Q99NH2;E0CZ83;F6T4Y3","9","6","48.109","0.0977900841969608","0.221715744130189","1.25975255286598","0.377645625887204","Control_3_meses","STZ_3_meses","149770.5212","Partitioning defective 3 homolog OS=Mus musculus OX=10090 GN=Pard3 PE=1 SV=1","122171.124527439","111960.022702374","106588.320549722","109851.490221712","80066.9851321616","80546.9164442111","122171.124527439","137712.418277918","118837.664045875","110308.722436534","51847.3656352924","91224.3262130149"
"Q01320","16","7","85.8109","0.0981295704720507","0.221715744130189","1.24064556209194","0.376782782049191","Control_3_meses","STZ_3_meses","173588.9291","DNA topoisomerase 2-alpha OS=Mus musculus OX=10090 GN=Top2a PE=1 SV=2","102898.188771268","115713.624115333","94307.5734527762","76133.0672365631","98526.9200568156","77563.0455378056","102898.188771268","142329.401334487","105145.588870918","76449.9540706288","63801.0940548452","87844.9092848449"
"A0A494BBH0;A0A0G2JET8;A0A1Y7VLR3;A2AM74;P08032;Q0VDM6;Q3UUG6;Q3UUG6-2;Q6VGS5;Q6VGS5-2;Q8BJD1;Q8BQM9;Q8BQM9-2;Q8BQM9-3;Q8BQM9-4;Q8C0V0;Q9WVF7","70","40","317.1815","0.0985378613830524","0.221715744130189","1.14919259059694","0.37575014652418","Control_3_meses","STZ_3_meses","45118.7246","Lipase OS=Mus musculus OX=10090 GN=Gm8978 PE=3 SV=1","85611.0802859363","99493.8390723402","83960.1051050626","73210.3646172706","82622.8252397025","78300.7809542857","85611.0802859363","122378.835335083","93608.9687150793","73515.0863565416","53502.3995589787","88680.4399204402"
"B2RQ06;Q9JKD9;Q9JKD9-2","2","2","11.0093","0.101488723940602","0.221715744130189","3.18288339093674","0.368447851457267","Control_3_meses","STZ_3_meses","51597.8792","Zinc finger and BTB domain-containing protein 32 OS=Mus musculus OX=10090 GN=Zbtb32 PE=1 SV=1","9493.07717388674","2860.6141427306","2320.73565605944","1948.22770710351","1356.99440856909","1305.19717095984","9493.07717388674","3518.59602960843","2587.4392504892","1956.33676841618","878.721549837249","1478.21589890921"
"Q61286;Q61286-2;V9GWU2;V9GXC3;V9GXG5;V9GXR6","4","2","35.3417","0.101977042074515","0.221715744130189","1.61847033891329","0.367266005855369","Control_3_meses","STZ_3_meses","76039.2818","Transcription factor 12 OS=Mus musculus OX=10090 GN=Tcf12 PE=1 SV=2","12766.4980835705","10925.4775351979","10218.5403484484","4240.26523042946","6862.53902897944","9849.39681088423","12766.4980835705","13438.4925609814","11392.8754924106","4257.91438438111","4443.83624080083","11155.0463672915"
"P33173;A0A087WQE8;E9Q9G6;E9QAN4;G3UW47;Q6TA13;A0A5F8MPF0;Q60575;Q60575-2","5","3","31.6995","0.104520954978215","0.221715744130189","1.6288505526076","0.361226325330002","STZ_3_meses","Control_3_meses","193264.9301","Kinesin-like protein KIF1A OS=Mus musculus OX=10090 GN=Kif1a PE=1 SV=2","1040.92274682987","1802.64486624501","1457.11584810337","1644.71988398744","2895.92945407217","2464.52129427093","1040.92274682987","2217.27879143784","1624.57052273426","1651.56566199008","1875.25873506359","2791.22161880911"
"P16858;A0A0A0MQF6;S4R1W1;S4R257;A0A1D5RLD8","8","4","41.8162","0.107325977973246","0.221715744130189","1.41829866499879","0.354786082408353","STZ_3_meses","Control_3_meses","36095.2251","Glyceraldehyde-3-phosphate dehydrogenase OS=Mus musculus OX=10090 GN=Gapdh PE=1 SV=2","1001.31550996002","910.883252629771","1530.89217350001","1888.78345352357","1447.66124296603","1546.886581636","1001.31550996002","1120.39933952105","1706.82537135939","1896.64509144974","937.43284646236","1751.94398950625"
"P04344","2","2","6.2961","0.108016143318674","0.221715744130189","1.61299395660931","0.353235384367395","Control_3_meses","STZ_3_meses","21599.0254","Gamma-crystallin B OS=Mus musculus OX=10090 GN=Crygb PE=2 SV=4","411.6309319727","332.192485054376","356.20401725906","241.724255057734","132.627459490866","307.626931297362","411.6309319727","408.601475298015","397.139697074753","242.730378108893","85.882893856343","348.406379430012"
"REVERSE17784","5","2","35.939","0.108824500768646","0.221715744130189","2.07331495347711","0.351435682201084","STZ_3_meses","Control_3_meses","45134.8528","Reversed Sequence 17784","42882.1780600632","33536.7741079687","31729.2519285534","62023.3057895664","119420.639410326","42781.3435452522","42882.1780600632","41250.7085312576","35375.6411740572","62281.4639030293","77330.8192594912","48452.4971493634"
"Q9CR35","1","1","5.6579","0.109092610018122","0.221715744130189","2.08509204002758","0.350842672213392","Control_3_meses","STZ_3_meses","28449.1978","Chymotrypsinogen B OS=Mus musculus OX=10090 GN=Ctrb1 PE=1 SV=1","3880.95541673043","2907.51339633286","5604.17395312761","3313.60209964266","981.980901739543","1647.86818844008","3880.95541673043","3576.28277772714","6248.21685961126","3327.39422593971","635.881603076787","1866.31185667334"
"A0A2R8VHP3","25","14","198.6123","0.114139384381829","0.221715744130189","1.36113425201208","0.340028917602193","STZ_3_meses","Control_3_meses","58147.9666","Predicted pseudogene 5478 OS=Mus musculus OX=10090 GN=Gm5478 PE=1 SV=1","47200.166377653","29139.7127741586","44295.3713218486","61045.6728589855","50279.6255111316","52875.4730496382","47200.166377653","35842.2606319123","49385.8842018021","61299.7617944225","32558.5648513956","59884.7183118248"
"P02535;P02535-2;A2A513;P02535-3;A6BLY7;B1AQ75;B1ATJ5;Q62168;Q8VCW2;Q9Z320","50","29","249.7874","0.114241610435124","0.221715744130189","1.34166527380018","0.339816494252719","STZ_3_meses","Control_3_meses","57941.0077","Keratin_ type I cytoskeletal 10 OS=Mus musculus OX=10090 GN=Krt10 PE=1 SV=3","102495.630319688","65526.619824532","105615.549212494","128397.799783808","121804.277543559","116928.255668638","102495.630319688","80598.6731674957","117753.099876267","128932.226856712","78874.3438174843","132428.425686819"
"Q8C9J3;Q8C9J3-4;A0A140LIV1;E0CX63;E0CY95;Q8C9J3-2;Q8C9J3-3","8","6","38.2781","0.114346040064505","0.221715744130189","1.72021494320605","0.339599754478929","Control_3_meses","STZ_3_meses","198428.9451","Sperm flagellar protein 2 OS=Mus musculus OX=10090 GN=Spef2 PE=1 SV=3","2992.35491285121","2706.78195950784","1561.77903017649","975.233716833473","1629.11049709884","1616.59104256709","2992.35491285121","3329.38025911066","1741.26180753009","979.292908669803","1054.93028698352","1830.88856942551"
"P47739","31","21","183.3823","0.114407138530293","0.221715744130189","1.41037656063789","0.33947306974834","STZ_3_meses","Control_3_meses","50880.1354","Aldehyde dehydrogenase_ dimeric NADP-preferring OS=Mus musculus OX=10090 GN=Aldh3a1 PE=1 SV=2","25966.5906321408","20333.3555623993","35612.6185791944","39102.2547234439","33006.2014864929","43419.105168671","25966.5906321408","25010.316170143","39705.2921059391","39265.0090975142","21373.1614082585","49174.8013287071"
"F6TZH1","8","7","51.0576","0.114811404239945","0.221715744130189","1.50891054969443","0.338637121339158","Control_3_meses","STZ_3_meses","18544.9769","Predicted gene 1330 OS=Mus musculus OX=10090 GN=Gm1330 PE=4 SV=1","36148.1713740426","47544.95411802","45348.6623137738","40836.804016086","24043.9933184859","20639.042017051","36148.1713740426","58480.9689250478","50560.221506259","41006.7780629454","15569.6846941139","23374.9817473354"
"P62737;P63268;P68033;P68134;A0A494B9T3;D3YZY0;D3Z2K3;A0A0U1RQ96;A0A1D5RM20","12","2","108.2916","0.119224510811741","0.226588154305925","1.91338952137704","0.329761473270621","Control_3_meses","STZ_3_meses","42408.2561","Actin_ aortic smooth muscle OS=Mus musculus OX=10090 GN=Acta2 PE=1 SV=1","401.600547971271","214.579049068679","285.734343863871","218.254747829993","79.888779317821","173.226223144706","401.600547971271","263.935278376798","318.571507528569","219.163184315873","51.7319684837798","196.189328982524"
"P03995;P03995-2","16","10","102.1101","0.120161829036916","0.226588154305925","1.6209376408507","0.327933274467888","STZ_3_meses","Control_3_meses","49957.155","Glial fibrillary acidic protein OS=Mus musculus OX=10090 GN=Gfap PE=1 SV=4","8829.10838812314","3680.07406847628","7056.226732128","10285.0439339412","9263.72590953075","12165.5383691824","8829.10838812314","4526.54337842482","7867.14245519029","10327.8531248585","5998.72448779945","13778.2188287235"
"P45700;A0A1W2P788;A0A1W2P6N0","5","3","25.0177","0.12245858672913","0.227680209958922","1.49920657617622","0.323534126078445","Control_3_meses","STZ_3_meses","73504.0174","Mannosyl-oligosaccharide 1_2-alpha-mannosidase IA OS=Mus musculus OX=10090 GN=Man1a1 PE=1 SV=1","60274.4471133117","81645.7073406018","94743.2274244081","71016.0481821015","41347.5749158053","45495.4642614479","60274.4471133117","100425.379778411","105631.309070411","71311.6365708676","26774.6166694527","51526.4054319632"
"E9Q1Z0;Q9DCV7","20","4","148.9558","0.124892085491004","0.227680209958922","1.44131353373893","0.318993887553847","STZ_3_meses","Control_3_meses","58623.5718","Keratin 90 OS=Mus musculus OX=10090 GN=Krt90 PE=1 SV=1","9253.93132301617","10034.3374702752","11916.1321352087","11067.7598251052","14519.5275361118","19388.038009246","9253.93132301617","12342.3776227854","13285.5579308016","11113.8268955448","9402.11813613168","21958.1429316516"
"P15864;P43277","1","1","5.6778","0.125046796907899","0.227680209958922","3.05111166259648","0.318709324162568","STZ_3_meses","Control_3_meses","21266.6702","Histone H1.2 OS=Mus musculus OX=10090 GN=H1-2 PE=1 SV=2","264.665378477627","156.803747965853","471.583880723344","1741.63662616089","503.329183990903","479.838635331764","264.665378477627","192.870837341844","525.779245773066","1748.88579838775","325.930746539465","543.446703256865"
"P05064;A6ZI44;A0A0U1RPN8;A0A0U1RPT5;A6ZI47;D3YV98;D3YWI1;D3Z510","6","6","31.8022","0.126422883780171","0.227680209958922","1.94664776554731","0.31619927358568","STZ_3_meses","Control_3_meses","39812.1919","Fructose-bisphosphate aldolase A OS=Mus musculus OX=10090 GN=Aldoa PE=1 SV=2","2603.34011639024","1678.30636826861","2578.30079137689","2972.96469494637","7131.3875012509","3249.54884047003","2603.34011639024","2064.34067274085","2874.60428754883","2985.33899436928","4617.92903347112","3680.31349373235"
"F8WIR1;P18242","15","8","98.3189","0.128816280932534","0.229412904975707","1.23445556622935","0.311921609384446","Control_3_meses","STZ_3_meses","44671.3174","Cathepsin D OS=Mus musculus OX=10090 GN=Ctsd PE=1 SV=2","20518.1533119049","20301.3299659403","20116.5470519655","12851.1823897496","18224.9870576251","18286.5066965224","20518.1533119049","24970.9242315857","22428.3809707774","12904.6725570225","11801.5879593248","20710.5911166129"
"A2AEP0","35","12","204.4839","0.132492069362459","0.23187486852887","1.54819614524452","0.305560734117031","STZ_3_meses","Control_3_meses","19622.2442","Odorant-binding protein 1b OS=Mus musculus OX=10090 GN=Obp1b PE=1 SV=1","56577.3047048952","111296.73119626","102220.848325479","127343.264011769","174535.502415809","116281.092182363","56577.3047048952","136896.560303567","113968.273157291","127873.301815801","113020.441511004","131695.473320778"
"Q01853","6","4","42.7051","0.133091987577161","0.23187486852887","1.08911069098363","0.304545722619426","STZ_3_meses","Control_3_meses","90006.2895","Transitional endoplasmic reticulum ATPase OS=Mus musculus OX=10090 GN=Vcp PE=1 SV=4","44577.8326604687","46136.0027152825","47161.5163540797","49696.1912074482","53827.6097947444","46637.7185898943","44577.8326604687","56747.9386860057","52581.4123674621","49903.0404684653","34856.0616051088","52820.0785615683"
"A2A5R2;G3X9K3","9","5","54.0655","0.140435044784949","0.237465069068097","1.77366809091335","0.292616037506882","Control_3_meses","STZ_3_meses","204692.1831","Brefeldin A-inhibited guanine nucleotide-exchange protein 2 OS=Mus musculus OX=10090 GN=Arfgef2 PE=1 SV=1","6346.0601490126","7925.18675768391","13047.8984801688","7782.99442345592","3856.0302741078","3763.60081440419","6346.0601490126","9748.09228653041","14547.3891331992","7815.38939389282","2496.97189412615","4262.50890270364"
"P02301;A0A1W2P768;A0A8I4SYN6;E0CZ27;F8WI35;P68433;P84228;P84244","2","1","6.1743","0.140475790697542","0.237465069068097","6.33740153951209","0.292552283873807","STZ_3_meses","Control_3_meses","15371.9562","Histone H3.3C OS=Mus musculus OX=10090 GN=H3-5 PE=3 SV=3","63.3562486106186","24.9695477282143","108.541868056496","976.067084935619","180.185077161199","91.3772773222868","63.3562486106186","30.7128983896264","121.015717148788","980.129745479951","116.678822890354","103.490374590305"
"A0A0A0MQ97;G3X9C2","6","3","37.2373","0.140745248540592","0.237465069068097","1.54168483793021","0.292131324856905","STZ_3_meses","Control_3_meses","33198.6553","F-box only protein 50 OS=Mus musculus OX=10090 GN=Nccrp1 PE=1 SV=1","1636.44779394257","1358.49244486389","2225.33277579089","2228.93875707253","2115.38557433293","3703.69142505549","1636.44779394257","1670.96500410517","2481.07247994726","2238.21621523484","1369.81764894763","4194.65784249634"
"REVERSE10815","2","1","10.9903","0.144926165013416","0.241972028026267","3.94124113704754","0.285741493755068","Control_3_meses","STZ_3_meses","52669.2558","Reversed Sequence 10815","31.6337618433114","130.865292765241","145.591693513866","3.95837000205192","0","74.2126267498024","31.6337618433114","160.966168998167","162.323382828795","3.97484583027664","0","84.0503543849226"
"Q80Y61","5","3","25.4809","0.147104659755163","0.243077237933962","1.49769053909953","0.282514102222923","Control_3_meses","STZ_3_meses","58516.1891","BAR/IMD domain-containing adapter protein 2-like 2 OS=Mus musculus OX=10090 GN=Baiap2l2 PE=1 SV=1","861.858561614917","1047.70368465787","712.25022309362","806.363048143492","380.376753833736","563.830426597993","861.858561614917","1288.69041440325","794.103446719706","809.71935365841","246.312916648856","638.572561625298"
"Q6UGQ3;G5E8B4;A0A0U1RPN9;Q9EST1","27","20","112.8885","0.150991137714838","0.245038736838742","1.49831322490383","0.276921271291455","Control_3_meses","STZ_3_meses","13028.1121","Secretoglobin family 2B member 2 OS=Mus musculus OX=10090 GN=Scgb2b2 PE=2 SV=1","120846.873783586","186076.98650591","128877.573068204","64942.6730412392","97873.7928290183","128044.901508832","120846.873783586","228877.336562499","143688.442151431","65212.9823667765","63378.1616048463","145018.709353641"
"Q8VE42","2","2","10.78","0.151349274113619","0.245038736838742","4.40973926039158","0.276416197476444","Control_3_meses","STZ_3_meses","27225.2111","Ankyrin repeat domain-containing protein 49 OS=Mus musculus OX=10090 GN=Ankrd49 PE=1 SV=1","4396.24001086639","4148.51144002476","26282.6151804767","2826.17180971015","1775.8451929741","3295.81200144495","4396.24001086639","5102.72799942281","29303.0660109472","2837.93511663855","1149.94831989522","3732.70936280754"
"P08228","5","5","33.0613","0.15316521958561","0.245499015658604","2.17034892582723","0.273881170224982","Control_3_meses","STZ_3_meses","16113.7799","Superoxide dismutase [Cu-Zn] OS=Mus musculus OX=10090 GN=Sod1 PE=1 SV=2","8433.11018682033","15666.4313137605","12649.501103153","12382.2068915689","1571.56778380982","2978.54536146832","8433.11018682033","19269.9330522475","14103.2071308711","12433.7450534089","1017.66851060193","3373.38542168831"
"P24622-2;A0A494B9Q6","5","1","48.1854","0.1555112964334","0.246791481679896","1.7596040313239","0.270668933089468","Control_3_meses","STZ_3_meses","19849.1983","Isoform 2 of Alpha-crystallin A chain OS=Mus musculus OX=10090 GN=Cryaa","2840.30342489632","2702.13247914843","2687.17630428166","2290.4823387073","614.598465388361","1771.88745798237","2840.30342489632","3323.6613322243","2995.99199268078","2300.01595823875","397.983154995556","2006.77129076305"
"Q3V1U8","2","1","11.1461","0.161851707340787","0.254335340456749","78.1632270342834","0.262324902907957","STZ_3_meses","Control_3_meses","38604.8084","ELMO domain-containing protein 1 OS=Mus musculus OX=10090 GN=Elmod1 PE=1 SV=2","0","1.03632885154133","0","21.3164939028418","0","59.6863134023616","0","1.27469920809428","0","21.4052190325579","0","67.5984130074119"
"Q02819;A0A1B0GR41","13","3","59.5481","0.168381325785033","0.256137046056175","1.28927838957267","0.254211324701793","STZ_3_meses","Control_3_meses","53408.7608","Nucleobindin-1 OS=Mus musculus OX=10090 GN=Nucb1 PE=1 SV=2","25.7037651013433","42.952993180023","39.6872440616897","47.0076096054212","43.1193051945804","49.5586660607114","25.7037651013433","52.83279174407","44.2481817180863","47.2032682479211","27.9219003772025","56.1282308371859"
"REVERSE325","5","5","27.2024","0.168648036995576","0.256137046056175","1.32314140023829","0.253889650091512","STZ_3_meses","Control_3_meses","129417.1736","Reversed Sequence 325","32657.5689782506","21003.7274801019","33929.2470376978","44870.8246856196","37529.1718289881","33494.6778543891","32657.5689782506","25834.883151322","37828.4641319075","45057.5894396569","24302.0102554813","37934.778311532"
"Q9D541;D3YVX2;G3X9U4","12","6","71.4016","0.169383747012126","0.256137046056175","1.11822670640354","0.253006151796413","Control_3_meses","STZ_3_meses","185281.7329","Coiled-coil domain-containing protein 7A OS=Mus musculus OX=10090 GN=Ccdc7a PE=2 SV=2","7849.83199000308","7823.71246841882","8296.29120804128","6937.44006225522","6432.12844098334","8066.00938915094","7849.83199000308","9623.27746932661","9249.71762687678","6966.31560211778","4165.12392145598","9135.2506618027"
"A0A1L1SRG5;P23927","4","4","28.6305","0.169984306010139","0.256137046056175","2.51185415097942","0.25228908944885","Control_3_meses","STZ_3_meses","15385.4598","Alpha-crystallin B chain (Fragment) OS=Mus musculus OX=10090 GN=Cryab PE=1 SV=1","297.157999405978","310.48719103799","1037.43934477367","211.133175658682","132.763166959344","311.032023575605","297.157999405978","381.903655341548","1156.66395423385","212.011970196052","85.9707712096118","352.262855413062"
"P01592","3","3","17.0145","0.174428175293372","0.256137046056175","1.3998661680757","0.247095783406848","STZ_3_meses","Control_3_meses","18469.784","Immunoglobulin J chain OS=Mus musculus OX=10090 GN=Jchain PE=1 SV=4","1158.5751833427","2058.56237564171","2083.07674612892","2935.66471766931","2419.44771319154","2064.47825841816","1158.5751833427","2532.06096321687","2322.46810214788","2947.88376429421","1566.71304676022","2338.14832919219"
"P17182;Q6PHC1;B0QZL1;B1ARR7;A0A0N4SUI6;A0A0N4SUX5;B1ARR6;D3YVD3;D3Z2S4;D3Z6E4;P17183;A0A0N4SUW8;P21550;Q5SX59;Q5SX60;Q5SX61","11","10","78.9833","0.174921286473139","0.256137046056175","1.79699388431299","0.246531450932051","Control_3_meses","STZ_3_meses","47483.0601","Alpha-enolase OS=Mus musculus OX=10090 GN=Eno1 PE=1 SV=3","5149.22084217859","8389.83807834947","14508.3069962797","5115.57617219151","5727.26604177157","4765.09399642115","5149.22084217859","10319.6200111628","16175.6307239499","5136.86861181686","3708.69036804842","5396.76139515882"
"E9PX29","9","6","40.1657","0.180574800169973","0.256137046056175","1.17740819790912","0.240224205525924","Control_3_meses","STZ_3_meses","290078.7727","Spectrin beta chain OS=Mus musculus OX=10090 GN=Sptbn4 PE=1 SV=1","9885.99348064483","11189.5976993111","11946.5669218354","11050.7734347078","8422.39370511873","8573.31509159769","9885.99348064483","13763.3641145777","13319.4903441261","11096.7698031034","5453.91993007951","9709.80550428111"
"A2AJD1","19","5","136.4511","0.180914383217346","0.256137046056175","6.65728711747848","0.23985463129515","STZ_3_meses","Control_3_meses","62688.3485","BPI fold containing family B_ member 9B OS=Mus musculus OX=10090 GN=Bpifb9b PE=1 SV=1","710.171874130659","840.171861451683","152.272021651734","487.410974202434","8140.32005192772","2707.07092052013","710.171874130659","1033.42332394077","169.771427669635","489.439713173688","5271.26317325349","3065.92395633592"
"Q8K385;A0A0G2JFP4","7","5","36.307","0.181945547740269","0.256137046056175","1.45551317579218","0.238738649876977","Control_3_meses","STZ_3_meses","66731.8045","Ferric-chelate reductase 1 OS=Mus musculus OX=10090 GN=FRRS1 PE=1 SV=1","4479.02742984382","2856.7399509924","2544.96375358704","2977.59529563795","1922.4109298436","1888.47999282121","4479.02742984382","3513.83071873887","2837.43609053886","2989.98886889872","1244.85694342507","2138.81949200621"
"Q61171","5","3","32.7969","0.184799096150366","0.256137046056175","1.47659100629064","0.23569857367331","Control_3_meses","STZ_3_meses","21949.7644","Peroxiredoxin-2 OS=Mus musculus OX=10090 GN=Prdx2 PE=1 SV=3","3663.01803417415","3842.71978280816","7100.21421717554","3280.21657301889","3402.87717681312","3208.57697817114","3663.01803417415","4726.59991738002","7916.18507020985","3293.8697395417","2203.53266589218","3633.9103451463"
"P62962;Q5SX49;J3QMC2","4","3","23.6583","0.188269617713398","0.256137046056175","1.52849158814909","0.232093750268551","STZ_3_meses","Control_3_meses","15128.3395","Profilin-1 OS=Mus musculus OX=10090 GN=Pfn1 PE=1 SV=2","544.008843268719","837.912293435795","1715.42374220861","1542.92426349358","1467.84084743381","1723.500482088","544.008843268719","1030.64402318483","1912.56367791073","1549.34634003414","950.500146667173","1951.97007094843"
"D3YYP5;E9Q5V3;Q9Z2D3;E9Q308","2","1","22.1562","0.188342127829649","0.256137046056175","1.44307725931011","0.232019489448388","STZ_3_meses","Control_3_meses","44847.9088","Gasdermin E OS=Mus musculus OX=10090 GN=Gsdme PE=1 SV=2","992.749165855285","1275.98369973154","1381.67188010662","2451.31058652089","1501.90016810024","1314.60532116679","992.749165855285","1569.47807558375","1540.45638267796","2461.51361759884","972.55525526115","1488.87120641728"
"G3X8T9;Q91WP6","3","2","29.7261","0.190134669010671","0.256137046056175","1.74754503532399","0.230197106675004","Control_3_meses","STZ_3_meses","46937.3187","Serine (or cysteine) peptidase inhibitor_ clade A_ member 3N OS=Mus musculus OX=10090 GN=Serpina3n PE=1 SV=1","427.030976898439","197.849185179243","292.249231622779","161.057067746136","92.0087820631327","271.744312539667","427.030976898439","243.357308150772","325.835099250407","161.727431704328","59.5802746589115","307.767111492344"
"B1AVU4;Q9D3N5","8","7","46.4576","0.192839706041426","0.256137046056175","10.6143736528126","0.227495051006224","STZ_3_meses","Control_3_meses","19741.1679","Predicted gene 14744 OS=Mus musculus OX=10090 GN=Gm14744 PE=3 SV=1","977.552518573091","835.599012584546","1049.01430097708","1527.8295570394","27132.3679735892","1719.90006796262","977.552518573091","1027.79865487843","1169.56912761075","1534.18880524646","17569.5612936587","1947.89238098617"
"Q91YW3","4","3","20.9713","0.193992719295427","0.256137046056175","1.17316353006536","0.226360472071642","STZ_3_meses","Control_3_meses","57920.3176","DnaJ homolog subfamily C member 3 OS=Mus musculus OX=10090 GN=Dnajc3 PE=1 SV=1","19363.1458085611","13265.3569962656","15736.5548889907","18591.8795545309","19365.0105765102","18783.2316848527","19363.1458085611","16316.5775352857","17545.0313270015","18669.2640874968","12539.8100382367","21273.1626509929"
"F6WYC8","42","21","323.6874","0.194495796186991","0.256137046056175","1.14358303716416","0.225868597657025","Control_3_meses","STZ_3_meses","44953.4182","Lipase OS=Mus musculus OX=10090 GN=Lipo1 PE=3 SV=2","108664.978983134","135409.614110338","128547.269713425","97343.2581112946","114052.90350408","114441.010410994","108664.978983134","166555.748803174","143320.179672896","97748.42761254","73854.9425831631","129611.467784871"
"Q64191;B7ZNK6","5","5","29.4726","0.194626291633859","0.256137046056175","1.30430699265485","0.225741319386563","Control_3_meses","STZ_3_meses","37535.3228","N(4)-(beta-N-acetylglucosaminyl)-L-asparaginase OS=Mus musculus OX=10090 GN=Aga PE=1 SV=1","395.971798187697","452.236940873055","373.483391766412","382.42395454939","212.859697144128","341.376304671874","395.971798187697","556.257861145606","416.404851943852","384.015708574634","137.837268739823","386.629616049302"
"I7HJI3","4","3","27.0944","0.194691122330682","0.256137046056175","1.23117728155756","0.225678134548134","Control_3_meses","STZ_3_meses","49593.0503","Serine (or cysteine) peptidase inhibitor_ clade B_ member 6e OS=Mus musculus OX=10090 GN=Serpinb6e PE=1 SV=1","20027.3230781872","23918.0270241527","28977.4765859465","19666.9398174839","22305.6184794535","17257.6011452771","20027.3230781872","29419.5129871371","32307.6262920525","19748.7990479173","14444.0002969591","19545.2924336498"
"A0A0J9YV20;A0A0R4J0B7;Q80UZ2;Q80UZ2-2;Q80UZ2-3;A0A0J9YU58","5","2","29.5897","0.197751314637586","0.256137046056175","1.50105489543414","0.222731086983104","Control_3_meses","STZ_3_meses","79801.1831","Protein SDA1 OS=Mus musculus OX=10090 GN=Sdad1 PE=1 SV=1","5998.53031762307","12103.6696205144","9757.74303825093","7956.64035639261","5044.63750845319","5558.96470931445","5998.53031762307","14887.6855617381","10879.1224314742","7989.75808911841","3266.65435156022","6295.86869908768"
"Q9EPV7","14","12","104.5101","0.197766748341509","0.256137046056175","1.17850757085432","0.222716397752465","Control_3_meses","STZ_3_meses","15939.4918","AUMP OS=Mus musculus OX=10090 GN=9530002B09Rik PE=1 SV=1","40885.4494055479","44798.5218719558","53306.1349814943","39392.934543253","44119.7804262193","34424.6744002385","40885.4494055479","55102.8182502539","59432.1828868651","39556.8988069438","28569.7579811602","38988.0564756229"
"P46737;P46737-2;A3KGA8","3","1","15.3678","0.197924788833899","0.256137046056175","4.97465918513962","0.222566079791148","Control_3_meses","STZ_3_meses","33739.3227","Lys-63-specific deubiquitinase BRCC36 OS=Mus musculus OX=10090 GN=Brcc3 PE=1 SV=1","254.34420372747","410.921603046999","57.4316193777339","0","33.7851129829595","111.49065350795","254.34420372747","505.439408749253","64.0317762210909","0","21.8775454448022","126.270007522336"
"Q61753;F6ZSB7","9","5","52.2163","0.198154748724621","0.256137046056175","1.38132299482711","0.222347678879304","Control_3_meses","STZ_3_meses","57384.0209","D-3-phosphoglycerate dehydrogenase OS=Mus musculus OX=10090 GN=Phgdh PE=1 SV=3","6498.25635972094","8842.89819836996","6551.93935789715","5877.63479592172","3395.8361241324","6575.89522962634","6498.25635972094","10876.8903943528","7304.90136486871","5902.09913382218","2198.9732331598","7447.60492458499"
"O08899;Q5D078","2","2","11.2465","0.202897362672216","0.258723024951072","1.95049064060377","0.217926942826654","Control_3_meses","STZ_3_meses","23915.9606","Regulator of G-protein signaling 4 OS=Mus musculus OX=10090 GN=Rgs4 PE=2 SV=1","1143.50791587497","1745.68811564346","689.211170231347","240.074352484318","807.971789925832","786.572864345032","1143.50791587497","2147.22117914669","768.416699711578","241.07360818569","523.202025730568","890.842042563055"
"P17047;P17047-2;P17047-3","6","6","27.1471","0.20338364582009","0.258723024951072","1.19957396633003","0.217482478863441","Control_3_meses","STZ_3_meses","46194.3512","Lysosome-associated membrane glycoprotein 2 OS=Mus musculus OX=10090 GN=Lamp2 PE=1 SV=2","3636.51530912802","3503.9999445476","3662.13401696196","3363.96538881925","2280.28901222345","3361.15049590344","3636.51530912802","4309.96970491957","4082.99380039187","3377.96714102315","1476.6008483489","3806.70921774769"
"Q91XA9;D3Z1S6","9","7","62.6481","0.213153760617398","0.269016473634011","1.28210984693604","0.208880961284391","Control_3_meses","STZ_3_meses","52687.6861","Acidic mammalian chitinase OS=Mus musculus OX=10090 GN=Chia PE=1 SV=2","3935.24433203289","5352.5936453436","6270.6071434412","4193.7581879846","4523.04708768208","3418.22758286638","3935.24433203289","6583.76621554269","6991.23788828542","4211.2137667924","2928.89854355836","3871.35252167855"
"A0A1B0GRR9;D3YTP8;Q9CY46","1","1","5.34","0.217138037897494","0.269940417614483","1.3985010406871","0.205543653126241","STZ_3_meses","Control_3_meses","11457.203","LSM4 homolog_ U6 small nuclear RNA and mRNA degradation associated OS=Mus musculus OX=10090 GN=Lsm4 PE=1 SV=1","3411.31676748202","2380.96467628817","2848.66066331782","4257.81233688743","2721.65300394302","5104.90118844912","3411.31676748202","2928.6203726269","3176.03445801685","4275.53452673812","1762.40604282655","5781.61389483904"
"P20029","27","14","159.6384","0.21725412366386","0.269940417614483","1.36372431451546","0.205447824086926","Control_3_meses","STZ_3_meses","72536.2072","Endoplasmic reticulum chaperone BiP OS=Mus musculus OX=10090 GN=Hspa5 PE=1 SV=3","54228.0265119949","45208.2308952925","68564.7395966206","56105.9796274794","38285.101950048","28801.7039552286","54228.0265119949","55606.7661687353","76444.3369362888","56339.5081966235","24791.5127054191","32619.6973526885"
"B1AZS9;O08807","3","2","16.0775","0.221628214239004","0.273256997524307","2.61112155490026","0.201893314659766","Control_3_meses","STZ_3_meses","26562.0169","thioredoxin-dependent peroxiredoxin (Fragment) OS=Mus musculus OX=10090 GN=Prdx4 PE=1 SV=1","355.540377346349","251.323328816435","1182.19180164992","348.278309788575","112.399378923056","224.489765271966","355.540377346349","309.13126440652","1318.05165366804","349.727940218145","72.7842029593616","254.248436597038"
"Q02257","31","27","189.1552","0.224721416129925","0.274808352151782","1.41183882484","0.199444170826254","STZ_3_meses","Control_3_meses","82542.2952","Junction plakoglobin OS=Mus musculus OX=10090 GN=Jup PE=1 SV=3","11078.1002536568","7757.08707673049","22041.8878411744","18395.4044788643","19727.8288964872","19588.6083977624","11078.1002536568","9541.32729115897","24574.9857835917","18471.9712283498","12774.7529933633","22185.3012060887"
"P97861;Q9ERE2;Q6IMF0;E9Q1Y9","7","3","41.4494","0.226315480592243","0.274808352151782","2.01361474768205","0.198202223913163","Control_3_meses","STZ_3_meses","55133.2466","Keratin_ type II cuticular Hb6 OS=Mus musculus OX=10090 GN=Krt86 PE=2 SV=2","31870.4575695788","21980.9432105264","28100.8768344203","1940.49995241794","22781.8195166588","15976.7654521396","31870.4575695788","27036.8723807607","31330.2859395888","1948.5768486832","14752.3642156346","18094.6674034914"
"O88312","8","7","68.3336","0.228613998250044","0.275512162411464","1.27614303857554","0.196435064362051","STZ_3_meses","Control_3_meses","19977.0413","Anterior gradient protein 2 homolog OS=Mus musculus OX=10090 GN=Agr2 PE=1 SV=1","11926.1044485443","16790.2534499681","18399.5766743799","16581.7375531049","24469.3556046864","19075.5787533855","11926.1044485443","20652.2502432936","20514.0929150513","16650.7553203805","15845.1279862986","21604.2636480836"
"Q8R1S0;D3YW66;D6RG57;F6ZE40","2","1","5.992","0.237152687487135","0.278937652494447","4.48774279968536","0.190104449491283","STZ_3_meses","Control_3_meses","51677.8469","Ubiquinone biosynthesis monooxygenase COQ6_ mitochondrial OS=Mus musculus OX=10090 GN=Coq6 PE=1 SV=3","95.3217646889206","0","10.713486555619","389.937264996253","28.6401787217835","57.281491567475","95.3217646889206","0","11.9447019100253","391.560291492807","18.5459439442783","64.8748046902415"
"Q9D3H2","69","58","212.2351","0.238637283518361","0.278937652494447","1.24713625309473","0.18903989675754","Control_3_meses","STZ_3_meses","18754.2527","Odorant-binding protein 1a OS=Mus musculus OX=10090 GN=Obp1a PE=1 SV=2","573826.539188473","604645.399152637","671576.298281682","650377.313269722","476703.442183033","356356.384660815","573826.539188473","743722.429739744","748755.19292136","653084.363113252","308689.250952428","403595.47599696"
"A2RTS9;J3QMJ1;Q6XQH0;Q3ULK5;A0A087WRM6","4","3","22.9852","0.238683713591142","0.278937652494447","1.69894982145478","0.189006770241779","Control_3_meses","STZ_3_meses","47340.332","Galactose-3-O-sulfotransferase 2 OS=Mus musculus OX=10090 GN=Gal3st2 PE=2 SV=1","1141.07913367981","2214.87079048772","2808.38004454916","663.310217488795","1663.81583950592","1301.19179611191","1141.07913367981","2724.32253378526","3131.12470978082","666.071097648401","1077.40372687023","1473.67956607533"
"Q922U2","47","24","372.0145","0.241652257568843","0.278937652494447","1.15827075963322","0.186909505051849","Control_3_meses","STZ_3_meses","61994.8946","Keratin_ type II cytoskeletal 5 OS=Mus musculus OX=10090 GN=Krt5 PE=1 SV=1","124743.899177279","155985.339102269","157287.674269745","125589.95169264","142700.896096181","109873.677997874","124743.899177279","191864.182814417","175363.489142373","126112.691726989","92405.9463981319","124438.68351986"
"P62259;D6REF3;F6WA09","5","2","37.2307","0.24284661728029","0.278937652494447","1.14970804619962","0.186077039977942","Control_3_meses","STZ_3_meses","29345.0493","14-3-3 protein epsilon OS=Mus musculus OX=10090 GN=Ywhae PE=1 SV=1","18458.5185859886","20045.3353857517","18216.9564349748","19974.522502191","14101.894740157","15258.5513996534","18458.5185859886","24656.0472616379","20310.4855915991","20057.6619766328","9131.68007433362","17281.2459106878"
"Q9CQN1","14","10","76.9464","0.24329290708122","0.278937652494447","1.26644445997868","0.185767623287804","STZ_3_meses","Control_3_meses","80551.2683","Heat shock protein 75 kDa_ mitochondrial OS=Mus musculus OX=10090 GN=Trap1 PE=1 SV=1","38950.555792791","28536.5477099132","55918.9225527202","48418.0623609944","51749.3664682614","56119.4491966208","38950.555792791","35100.3590351361","62345.2372441456","48619.5916970646","33510.2954138452","63558.7203881743"
"REVERSE175","2","1","17.11","0.245019263470313","0.278937652494447","1.37615832043978","0.184579065351262","Control_3_meses","STZ_3_meses","53020.3235","Reversed Sequence 175","12752.7835458875","20513.3454493574","25142.1534885859","13017.5239925309","15686.0558189175","13739.4164748838","12752.7835458875","25231.7062877965","28031.5401749163","13071.7065194551","10157.5033714157","15560.7323757625"
"Q9QXC6","6","3","39.9103","0.245378584591682","0.278937652494447","1.4933382607805","0.184333333689835","Control_3_meses","STZ_3_meses","25662.503","Beta-A3/A1 crystallin protein OS=Mus musculus OX=10090 GN=Cryba1 PE=1 SV=1","459.885337524833","545.038047742799","281.414978434391","434.115909988745","196.397407902202","230.871136981129","459.885337524833","670.404540803513","313.755751964051","435.922820196453","127.177115517978","261.475731696366"
"Q61838","17","17","116.5311","0.248425302060338","0.280412312804067","1.95362794024947","0.18227226730932","Control_3_meses","STZ_3_meses","167221.5021","Pregnancy zone protein OS=Mus musculus OX=10090 GN=Pzp PE=1 SV=3","2728.61939637178","7682.34519834327","9480.17129681233","2335.31375859654","4176.77015578006","3669.55583479046","2728.61939637178","9449.39371905976","10569.6515890068","2345.0339788684","2704.66696209246","4155.99719154557"
"REVERSE10617","2","1","9.5886","0.256674549687708","0.281240174461644","1.23644926951008","0.176886662341632","STZ_3_meses","Control_3_meses","19069.561","Reversed Sequence 10617","619.290277448164","835.803943581904","1108.97656555103","1187.74568057169","1005.34505403939","977.25271642925","619.290277448164","1028.05072291615","1236.42237584768","1192.68940584184","651.011056809176","1106.79867748685"
"P01887","1","1","5.7536","0.259191383733182","0.281240174461644","1.28785108996778","0.175297805602786","Control_3_meses","STZ_3_meses","13893.0765","Beta-2-microglobulin OS=Mus musculus OX=10090 GN=B2m PE=1 SV=2","2634.42095302174","2023.1782812281","3101.13343511807","2441.97736496727","1456.03696715384","2126.542955447","2634.42095302174","2488.53802446911","3457.52190693422","2452.1415486017","942.856545552679","2408.44040762318"
"P05213;P68369;P68373;A0A2R8VHF3;P05214;A0A0A0MQA5;P68368;Q9JJZ2","7","5","38.4504","0.260421551283872","0.281240174461644","1.23237717890645","0.174530108545208","Control_3_meses","STZ_3_meses","50836.0402","Tubulin alpha-1B chain OS=Mus musculus OX=10090 GN=Tuba1b PE=1 SV=2","109547.882743891","162886.101366828","161942.035311997","100590.094175385","125311.756540194","126568.17782565","109547.882743891","200352.218422802","180552.738687114","101008.777904264","81145.6113779713","143346.229152684"
"Q8CCX5;Q8CCX5-2","7","3","44.6141","0.26052499821253","0.281240174461644","1.14810533218921","0.174465814756033","Control_3_meses","STZ_3_meses","34425.9595","Keratin-like protein KRT222 OS=Mus musculus OX=10090 GN=Krt222 PE=2 SV=1","27176.626482228","24057.2063449656","28061.2801739768","26837.9805496486","23288.0440391328","18940.0364928883","27176.626482228","29590.7055287318","31286.13875154","26949.6876303927","15080.169838226","21450.7537195464"
"Q9JI91","11","1","81.6689","0.261478513128914","0.281240174461644","1.09800526052426","0.173875100597344","Control_3_meses","STZ_3_meses","104404.1584","Alpha-actinin-2 OS=Mus musculus OX=10090 GN=Actn2 PE=1 SV=2","2924.30731562651","3491.11743080288","3407.69635153466","2885.11539123312","3245.86707650091","2815.3508979858","2924.30731562651","4294.12403002184","3799.31564833241","2897.12403761277","2101.86079619602","3188.55767619418"
"REVERSE6041","2","1","17.57","0.26288434898542","0.281240174461644","1.70435007413543","0.173010405519433","STZ_3_meses","Control_3_meses","35018.0115","Reversed Sequence 6041","328.3878708379","46.911379519262","176.629724901336","409.200080650711","305.817570356905","225.6625388917","328.3878708379","57.7016631688639","196.928367011362","410.903284301417","198.032127247191","255.576674697062"
"E9PYP8;Q9WVJ5","3","2","21.0864","0.267109244430906","0.281240174461644","1.32256852142835","0.170455637892945","STZ_3_meses","Control_3_meses","26675.9075","Beta-crystallin B1 (Fragment) OS=Mus musculus OX=10090 GN=Crybb1 PE=1 SV=1","164.638595023661","127.821688506069","74.6370757519742","185.736820567622","135.702857065511","164.071734052322","164.638595023661","157.222492526025","83.2145181370226","186.50990846721","87.8743671491531","185.821308254436"
"P21460;A2APX3","2","1","12.9592","0.267354565780566","0.281240174461644","1.23712852387727","0.170309280339255","STZ_3_meses","Control_3_meses","15758.966","Cystatin-C OS=Mus musculus OX=10090 GN=Cst3 PE=1 SV=2","28.6363220214911","62.179001994156","42.55318349266","0","0","164.993984825467","28.6363220214911","76.4810556843619","47.4434806543764","0","0","186.865813855564"
"P50446;A2AKJ2;E9Q0F0","42","14","242.2377","0.268838871278887","0.281240174461644","1.27314602212285","0.169428320066711","STZ_3_meses","Control_3_meses","59677.3792","Keratin_ type II cytoskeletal 6A OS=Mus musculus OX=10090 GN=Krt6a PE=1 SV=3","8430.73270271215","4612.334467475","8418.4812066496","10272.4538029508","9043.73304044691","8007.49810116907","8430.73270271215","5673.23691163476","9385.9499451035","10315.2105902689","5856.26813451327","9068.98303719787"
"P07743;B7ZCG3","12","12","67.4403","0.269221204674908","0.281240174461644","2.65709918017866","0.169202661096971","Control_3_meses","STZ_3_meses","24923.9731","BPI fold-containing family A member 2 OS=Mus musculus OX=10090 GN=Bpifa2 PE=1 SV=1","4524.81020365119","18738.1094694526","32584.8794803706","3023.16396368883","15667.0873375788","2328.08311774313","4524.81020365119","23048.140815891","36329.5991595741","3035.74720632029","10145.2203338329","2636.69701038289"
"Q6IFZ6","26","12","196.6626","0.271348654463348","0.281240174461644","1.15351562214476","0.167956342770536","Control_3_meses","STZ_3_meses","61415.8812","Keratin_ type II cytoskeletal 1b OS=Mus musculus OX=10090 GN=Krt77 PE=1 SV=1","25266.814278055","26047.6033939116","20471.3152166294","21348.8239774689","23326.1427649885","17557.162160247","25266.814278055","32038.9221718477","22823.9198041981","21437.6836738768","15104.8406631161","19884.563667816"
"P08730;P08730-2","26","10","217.5342","0.275553716709428","0.281240174461644","1.35875101271186","0.165538548211044","STZ_3_meses","Control_3_meses","48096.3274","Keratin_ type I cytoskeletal 13 OS=Mus musculus OX=10090 GN=Krt13 PE=1 SV=2","16877.0867677303","21153.3918017739","47980.4116872924","35717.7070974839","44039.3784313054","37110.2987118817","16877.0867677303","26018.9723929093","53494.4167941681","35866.3740503998","28517.693679985","42029.6908311806"
"Q9JJU9;D3YYW5","2","2","11.6475","0.276429901230522","0.281240174461644","1.72809919969402","0.165042240134408","Control_3_meses","STZ_3_meses","24462.2624","Beta-crystallin B3 OS=Mus musculus OX=10090 GN=Crybb3 PE=2 SV=3","165.833841574488","194.484193401718","54.1657419608215","5.01702039177782","19.3602403127597","215.472267036934","165.833841574488","239.218320465854","60.3905776236798","5.03790261504952","12.5367210545758","244.03556642233"
"E9Q720","2","2","16.0814","0.276556522037363","0.281240174461644","1.77335732244318","0.164970726706705","Control_3_meses","STZ_3_meses","42530.3138","Regulator of G-protein signaling 20 OS=Mus musculus OX=10090 GN=Rgs20 PE=1 SV=1","6098.35433107628","6901.92001087158","17834.90907203","4032.60270886386","6562.9450543151","6792.47834060464","6098.35433107628","8489.45965279555","19884.5325797391","4049.38751409817","4249.83420212143","7692.89858994583"
"Q8K2C7;Q8K2C7-2","14","9","75.6116","0.277661239631785","0.281240174461644","1.21295726923529","0.164349035499307","Control_3_meses","STZ_3_meses","76564.113","Protein OS-9 OS=Mus musculus OX=10090 GN=Os9 PE=1 SV=2","44413.1121425949","44244.1157838542","29540.7533449847","31562.2893265787","35121.0973519973","30762.734688875","44413.1121425949","54420.8908867392","32935.6359455511","31693.6602840824","22742.661946319","34840.6850112764"
"Q9CWY3;A0A1D5RLQ7;A0A1D5RMH9","6","2","20.9572","0.278476044753644","0.281240174461644","2.22552224435813","0.163893051220707","STZ_3_meses","Control_3_meses","53359.5502","N-lysine methyltransferase SETD6 OS=Mus musculus OX=10090 GN=Setd6 PE=1 SV=1","570.874849532927","764.817584160977","1486.12564394376","3998.68886211771","1431.86929242733","849.460746769477","570.874849532927","940.736492491348","1656.91418247427","4015.33250856365","927.20677097915","962.06642897525"
"A0A0N4SV66;C0HKE1;C0HKE2;C0HKE3;C0HKE4;C0HKE5;C0HKE6;C0HKE7;C0HKE8;C0HKE9;Q64523;Q6GSS7;Q8BFU2;Q8CGP4;Q8CGP5;Q8CGP6;Q8CGP7;Q8R1M2","1","1","13.8698","0.278987590275348","0.281240174461644","1.7624075627976","0.163607879211635","STZ_3_meses","Control_3_meses","13659.9571","Histone H2A OS=Mus musculus OX=10090 GN=H2aj PE=1 SV=1","133.856302690689","125.749017445323","867.411902459342","1071.37372977262","566.175355386834","348.714591345735","133.856302690689","154.67307767972","967.096617361285","1075.83308287177","366.626776516922","394.940676074109"
"P07724","19","15","130.0215","0.28260738888046","0.281695041379514","1.16958045120922","0.16161387412388","Control_3_meses","STZ_3_meses","70745.5714","Albumin OS=Mus musculus OX=10090 GN=Alb PE=1 SV=3","209214.38250009","186706.935457509","225904.60060694","209362.226600764","184590.932152594","137712.634669946","209214.38250009","229652.182721176","251866.010224092","210233.649959478","119531.833707457","155968.010488473"
"P11679","28","12","214.1394","0.283425267680838","0.281695041379514","1.43516982020296","0.161169063649851","STZ_3_meses","Control_3_meses","54565.4475","Keratin_ type II cytoskeletal 8 OS=Mus musculus OX=10090 GN=Krt8 PE=1 SV=4","26326.4602961858","19670.9693079639","42581.3718900361","54826.4376740331","44564.1477657101","27735.0371744615","26326.4602961858","24195.5716682163","47474.9085188937","55054.640436489","28857.50799309","31411.6317598029"
"O88990","29","12","186.0878","0.28667703578457","0.281695041379514","1.23933321065381","0.159420995901113","STZ_3_meses","Control_3_meses","103670.2402","Alpha-actinin-3 OS=Mus musculus OX=10090 GN=Actn3 PE=1 SV=1","42676.2922040396","28141.4197763039","45764.4977945728","57430.5627700397","40169.9094395817","46883.7321358415","42676.2922040396","34614.3460641389","51023.8456342186","57669.6046197298","26012.0195460437","53098.7040007413"
"Q8BND5;Q8BND5-2;Q8BND5-4","41","9","279.2434","0.288226198033221","0.281695041379514","1.15183536008214","0.158599511732885","Control_3_meses","STZ_3_meses","83583.8048","Sulfhydryl oxidase 1 OS=Mus musculus OX=10090 GN=Qsox1 PE=1 SV=1","20892.4293452937","20478.5547948117","27532.485969479","22073.5962266726","19457.68326448","18289.3098894955","20892.4293452937","25188.9132885158","30696.5744568835","22165.472625176","12599.8202250777","20713.765904693"
"Q8BND5-3","31","2","281.5185","0.288226198037696","0.281695041379514","1.15183536008214","0.158599511730181","Control_3_meses","STZ_3_meses","64077.8522","Isoform 3 of Sulfhydryl oxidase 1 OS=Mus musculus OX=10090 GN=Qsox1","19363.3683733834","18979.7841932527","25517.4570295782","20458.0888128584","18033.6275172143","16950.7642616506","19363.3683733834","23345.4041590723","28449.9743512843","20543.2410237209","11677.6731142347","19197.7808316939"
"H3BL44;Q3UZR5;Q80XR2;Q8BMS7;H3BJ99;H3BJJ5;H3BJY0;H3BKB1;H3BLC2","3","2","15.4884","0.292142075917452","0.282547954704709","1.45596887330676","0.156554771182568","Control_3_meses","STZ_3_meses","97831.5813","Calcium-transporting ATPase OS=Mus musculus OX=10090 GN=Atp2c1 PE=1 SV=1","1557.55954870979","2192.60100466549","3700.6371867003","1521.64876813489","1666.06322148357","1929.70355179592","1557.55954870979","2696.9303808892","4125.92183159142","1527.982290193","1078.85901877269","2185.50770252479"
"A2AL36;R4GML3;E9Q9E7","10","6","42.4822","0.292766869765084","0.282547954704709","1.28526532377823","0.156232664785773","Control_3_meses","STZ_3_meses","269963.4156","Centriolin OS=Mus musculus OX=10090 GN=Cntrl PE=1 SV=2","18606.9118463337","23176.5711442941","23346.9007350577","10122.4059317247","20626.7149969986","19925.5394085094","18606.9118463337","28507.5117227827","26029.9733756562","10164.5381783984","13356.8265688922","22566.8962539507"
"Q9QWR8","4","4","18.075","0.29558730290285","0.282547954704709","1.45274044746681","0.15479251619481","Control_3_meses","STZ_3_meses","47748.0514","Alpha-N-acetylgalactosaminidase OS=Mus musculus OX=10090 GN=Naga PE=1 SV=2","790.514703869867","704.514199884517","727.573125223403","624.328989710177","178.478934904652","727.129534518633","790.514703869867","866.562473242263","811.187287483081","626.927619243254","115.574010697725","823.518823367852"
"A2BHD2","22","3","194.6088","0.298846134458411","0.282547954704709","1.38578565720243","0.153156344026877","STZ_3_meses","Control_3_meses","19594.2308","Predicted gene 14743 OS=Mus musculus OX=10090 GN=Gm14743 PE=1 SV=1","20874.5007261442","46192.1123105166","38751.0026524024","37735.4316558483","65895.8548576392","43009.247587775","20874.5007261442","56816.9542851614","43204.3455689762","37892.4969351489","42670.8520998353","48710.6124644886"
"O70570","8","8","45.9715","0.299750087936497","0.282547954704709","1.09872929698353","0.152707680470766","STZ_3_meses","Control_3_meses","86310.5057","Polymeric immunoglobulin receptor OS=Mus musculus OX=10090 GN=Pigr PE=1 SV=1","2656.42058591036","2793.54736842341","2644.56425031745","3173.44160421027","2549.0050778076","3171.2529966091","2656.42058591036","3436.1029445499","2948.48287604224","3186.65034384933","1650.60790108633","3591.63864537313"
"E9PY58;Q60649;Q8CCN6","1","1","4.4527","0.301400265895034","0.282547954704709","1.3342122507031","0.15189436034794","Control_3_meses","STZ_3_meses","79966.0221","Mitochondrial disaggregase OS=Mus musculus OX=10090 GN=Clpb PE=1 SV=1","1285.5012974166","1667.16581488271","1467.10074953487","1738.00561012136","595.857167326012","978.779464823343","1285.5012974166","2050.63763382843","1635.70290905696","1745.23966905752","385.847229913392","1108.52781374304"
"O88531;B1B0P8;B1B0P9","9","8","56.7942","0.301438472942996","0.282547954704709","1.15631590875178","0.151875616265125","Control_3_meses","STZ_3_meses","35060.538","Palmitoyl-protein thioesterase 1 OS=Mus musculus OX=10090 GN=Ppt1 PE=1 SV=2","10677.9115032102","9123.14635706317","10289.6945703651","9508.80738852134","6670.4932502972","9843.65053126515","10677.9115032102","11221.5996103751","11472.2069001668","9548.38566874123","4319.47702220884","11148.5383529612"
"A1L317","12","6","84.1633","0.303629033510206","0.282946579068528","1.36893417825582","0.15080745806841","Control_3_meses","STZ_3_meses","55067.5256","Keratin_ type I cytoskeletal 24 OS=Mus musculus OX=10090 GN=Krt24 PE=2 SV=2","4885.70092103048","7804.29974140086","7882.52092698893","7837.84239737456","3264.65532102884","3925.63286390991","4885.70092103048","9599.39953934335","8788.39603555919","7870.46566021371","2114.02712145576","4446.02014302916"
"Q9JHU4","9","4","49.667","0.307876810812094","0.285246597894694","1.52940508560609","0.148772036467151","Control_3_meses","STZ_3_meses","534783.7004","Cytoplasmic dynein 1 heavy chain 1 OS=Mus musculus OX=10090 GN=Dync1h1 PE=1 SV=2","4990.64961714666","9082.26595561864","13340.3255776196","7374.4186597019","5636.03082248113","4913.67108494669","4990.64961714666","11171.3161359061","14873.4225389752","7405.1130250673","3649.61101386069","5565.03406641398"
"O35176","36","31","125.3503","0.3177875049861","0.288658775329988","1.17865791147241","0.144199543838641","Control_3_meses","STZ_3_meses","10516.0204","ABPA2 OS=Mus musculus OX=10090 GN=Scgb1b2 PE=1 SV=1","173648.899226586","189599.003633457","211282.422778997","194327.605820847","174446.448950325","118670.453127921","173648.899226586","233209.467658437","235563.422404205","195136.450939208","112962.774951205","134401.571231916"
"P02088","7","1","45.8808","0.319766383634693","0.288658775329988","1.28526438941475","0.143314935768722","Control_3_meses","STZ_3_meses","15954.2598","Hemoglobin subunit beta-1 OS=Mus musculus OX=10090 GN=Hbb-b1 PE=1 SV=2","67.4885730303934","40.005088336771","44.3330929577223","51.6522754014332","34.0167517827971","32.4597839579054","67.4885730303934","49.2068269128856","49.4279408836983","51.8672664246293","22.027543119008","36.7626974600685"
"Q5RJH2","2","2","11.3686","0.320600617310697","0.288658775329988","1.15306956173378","0.142944753783557","STZ_3_meses","Control_3_meses","100976.4943","Multiple C2 and transmembrane domain-containing protein 2 OS=Mus musculus OX=10090 GN=Mctp2 PE=2 SV=1","7439.38570807215","9969.80947321653","11026.9064833332","12328.7963769933","10011.9721951953","10448.034711654","7439.38570807215","12263.007269805","12294.140684207","12380.1122295335","6483.25127114298","11833.040529627"
"Q8BGZ7","26","11","211.1681","0.321487199213087","0.288658775329988","1.08184638817066","0.142553108504524","STZ_3_meses","Control_3_meses","59968.7134","Keratin_ type II cytoskeletal 75 OS=Mus musculus OX=10090 GN=Krt75 PE=1 SV=1","22114.984828164","20880.0830064656","25572.8358655883","23008.5370434821","26266.191697344","24905.2102216879","22114.984828164","25682.7986924216","28511.7174341576","23104.3049236535","17008.6689605083","28206.6790631345"
"P07309","1","1","6.0779","0.322508681732814","0.288658775329988","1.52844571394792","0.142104111536399","Control_3_meses","STZ_3_meses","15889.9971","Transthyretin OS=Mus musculus OX=10090 GN=Ttr PE=1 SV=1","847.130683282926","519.979986755473","1352.20228802299","805.249087655505","383.128214636778","590.758805222778","847.130683282926","639.582769847879","1507.60008598858","808.600756559485","248.094624728048","669.070603071197"
"Q6IFX2","34","14","274.9775","0.324006863778153","0.288658775329988","1.18338750414657","0.14144988172939","STZ_3_meses","Control_3_meses","50475.3422","Keratin_ type I cytoskeletal 42 OS=Mus musculus OX=10090 GN=Krt42 PE=1 SV=1","32826.8003309522","18439.2262391906","27303.2135591094","32938.1900011901","29250.5886985395","30789.0782795186","32826.8003309522","22680.5101971342","30440.9536014468","33075.2878369689","18941.2148440138","34870.5207444439"
"A0A5H1ZRK8;P01837","3","2","16.2488","0.327944349430721","0.288658775329988","1.72191702636166","0.139754459215396","STZ_3_meses","Control_3_meses","11948.9751","Immunoglobulin kappa constant (Fragment) OS=Mus musculus OX=10090 GN=Igkc PE=1 SV=1","21.1463620181269","610.803574300377","411.183225836733","824.868326746118","452.737719580872","518.582706350591","21.1463620181269","751.297072646245","458.437226529809","828.301656336943","293.170250450321","587.326741493831"
"P04104","42","31","242.6179","0.329130364006029","0.288658775329988","1.25762234661267","0.1392504852889","STZ_3_meses","Control_3_meses","66119.2737","Keratin_ type II cytoskeletal 1 OS=Mus musculus OX=10090 GN=Krt1 PE=1 SV=4","92530.2010334496","55577.7350696189","120621.528962484","131375.494877059","109403.862542188","97180.8230404608","92530.2010334496","68361.4035984325","134483.596904566","131922.31593861","70844.45672302","110063.246292396"
"Q3UV11;Q9Z331","26","1","210.4656","0.329700459518068","0.288658775329988","1.42648999869157","0.139009323834272","Control_3_meses","STZ_3_meses","59868.6585","Keratin 6B OS=Mus musculus OX=10090 GN=Krt6b PE=1 SV=1","2630.06183161834","3490.5593122841","5456.32490531789","4248.83600376989","2234.65309727294","1632.1976965086","2630.06183161834","4293.43753631586","6083.37670280517","4266.52083164521","1447.04931765702","1848.56406282867"
"Q52KB6;E9Q526;Q52KB6-2;Q52KB6-3;D3Z640;D3Z4D9;V9GXB2","6","4","31.902","0.330053326909374","0.288658775329988","1.33128908279589","0.138860406725294","STZ_3_meses","Control_3_meses","257513.1082","C2 domain-containing protein 3 OS=Mus musculus OX=10090 GN=C2cd3 PE=1 SV=3","7000.79616572037","5854.6131080805","14574.1151598278","13957.4485769414","13628.7760803188","8930.40176751281","7000.79616572037","7201.25728572459","16249.0016935915","14015.5433293496","8825.31214871457","10114.2280799431"
"REVERSE26875","1","1","4.285","0.331369849470979","0.288658775329988","2.03907512261446","0.138307174623389","Control_3_meses","STZ_3_meses","23851.1047","Reversed Sequence 26875","24.0971738128807","191.356300537136","115.399427378242","140.92012085043","0","21.336236484775","24.0971738128807","235.370967811766","128.661360936488","141.506669279035","0","24.164597270378"
"F6XVM5","1","1","14.7008","0.334394778792292","0.289280481510417","1.1213543836962","0.137050015025965","STZ_3_meses","Control_3_meses","7839.2361","Oligomycin sensitivity conferral protein (Fragment) OS=Mus musculus OX=10090 GN=Atp5po PE=1 SV=1","47631.8079848158","40317.5416337745","47203.4529677496","53607.4840641582","55561.2598987053","42385.4436861564","47631.8079848158","49591.1489064925","52628.1684208534","53830.6132053306","35978.6865006929","48004.1162616994"
"A2AAN0;O35250;O35250-2;A2AAN3;A2AAN4","7","7","40.0101","0.335693149471607","0.289280481510417","1.21361292804269","0.136516308771108","Control_3_meses","STZ_3_meses","78733.7579","Exocyst complex component 7 OS=Mus musculus OX=10090 GN=Exoc7 PE=1 SV=1","32894.247349834","41268.2134578915","39975.7768775971","32874.3598528937","40190.0761905641","20983.8680310581","32894.247349834","50760.488754126","44569.8733036762","33011.1920099819","26025.0785229757","23765.518370923"
"P60710;P63260;E9Q1F2;E9Q5F4;G3UZ07;B1ATY1;E9Q606;G3UYG0;F8WGM8;Q8BFZ3;E9Q2D1;F6WX90","27","18","219.9474","0.339945234267312","0.290386043009148","1.2570414107892","0.134792741171061","STZ_3_meses","Control_3_meses","42079.017","Actin_ cytoplasmic 1 OS=Mus musculus OX=10090 GN=Actb PE=1 SV=1","27022.7169592344","46984.2584574096","61773.2494603367","49838.1653455723","54939.1408303104","65904.0592607519","27022.7169592344","57791.3052980061","68872.3551373065","50045.6055421288","35575.8333802149","74640.3917886639"
"B1AZM5","2","1","16.4812","0.340599488005335","0.290386043009148","1.18675388208701","0.134530796794555","STZ_3_meses","Control_3_meses","13672.6566","Predicted gene 12886 OS=Mus musculus OX=10090 GN=Gm12886 PE=4 SV=1","799.940218708395","984.601937173298","713.014759576921","1236.50084413628","845.40585228645","882.078668731042","799.940218708395","1211.0743686584","794.955845268485","1241.64750185073","547.442447862382","999.008227429737"
"Q61362;Q61362-2;Q61362-3;D3YXU4;D3Z2Z5","4","3","22.2315","0.343155293991328","0.291017091800147","1.10939881314845","0.133515700634583","Control_3_meses","STZ_3_meses","44178.3342","Chitinase-3-like protein 1 OS=Mus musculus OX=10090 GN=Chi3l1 PE=1 SV=3","69272.6286623702","90821.9159836797","75480.3432931825","69976.6173210328","76925.7368420709","65442.2825421359","69272.6286623702","111712.246754316","84154.6956747309","70267.8793117337","49813.2507204028","74117.4013145869"
"Q99KW3;Q99KW3-2;Q99KW3-4;Q99KW3-5;A0A2R8VI64","58","38","338.328","0.348052476943106","0.292129757973827","1.18084355399384","0.131606354972812","Control_3_meses","STZ_3_meses","225306.726","TRIO and F-actin-binding protein OS=Mus musculus OX=10090 GN=Triobp PE=1 SV=3","95665.5372367322","77637.4233004222","91920.6876258234","96942.6294177324","73263.8174742349","54398.7916817112","95665.5372367322","95495.13347268","102484.397339272","97346.1313918054","47441.9753179662","61609.9701520345"
"P28738","8","5","45.7161","0.348112460485256","0.292129757973827","1.17082534813478","0.131583253860389","Control_3_meses","STZ_3_meses","109844.9859","Kinesin heavy chain isoform 5C OS=Mus musculus OX=10090 GN=Kif5c PE=1 SV=3","14269.3683942129","14457.1614451088","15272.9019966774","16878.3329210986","11487.3867641918","9214.12252268175","14269.3683942129","17782.5139365392","17028.0945147273","16948.5852001385","7438.65578020658","10435.5592477335"
"Q07797","2","2","11.8325","0.353004328681625","0.293840748281534","1.38048075499989","0.129722026581859","Control_3_meses","STZ_3_meses","65403.6665","Galectin-3-binding protein OS=Mus musculus OX=10090 GN=Lgals3bp PE=1 SV=1","646.090852210438","755.883990210233","489.971266388986","477.770659981834","173.553836498501","719.173499929475","646.090852210438","929.748045033273","546.279746664215","479.759273305144","112.384763876054","814.508125916435"
"Q6NXH9","28","15","193.1777","0.354654438394342","0.293840748281534","1.27328540612397","0.129104189393365","STZ_3_meses","Control_3_meses","59538.823","Keratin_ type II cytoskeletal 73 OS=Mus musculus OX=10090 GN=Krt73 PE=1 SV=1","23403.4433864422","15642.3742476249","27656.06881137","37879.1529203884","23540.1197498857","23511.2659016389","23403.4433864422","19240.3425191782","30834.3596867355","38036.8164072506","15243.4014313927","26627.9515712757"
"REVERSE11897","12","8","77.5023","0.355651098108174","0.293840748281534","1.18664361865295","0.128733416895362","Control_3_meses","STZ_3_meses","195527.5509","Reversed Sequence 11897","152337.004578808","153706.465005561","180638.572224582","183684.603845999","129996.322009858","96452.35608217","152337.004578808","189061.135304834","201397.91910632","184449.149853301","84179.1011284246","109238.212754526"
"REVERSE289","2","2","11.3264","0.361693561545849","0.295831958147879","1.48835941440842","0.126523457581732","Control_3_meses","STZ_3_meses","10524.0816","Reversed Sequence 289","1044.53910937064","2024.31500838489","2142.83998794848","2222.35400749474","289.869511539944","989.413286733444","1044.53910937064","2489.93621501879","2389.09945553648","2231.6040581123","187.704963869036","1120.57126967708"
"Q9CPN9","9","6","36.0488","0.361950773239992","0.295831958147879","1.084228019805","0.126430806947337","STZ_3_meses","Control_3_meses","27106.3718","trypsin OS=Mus musculus OX=10090 GN=Prss3b PE=1 SV=1","49596.6070018895","49971.09552707","61988.5619126571","61407.7229654435","59654.4671338983","54101.6385832851","49596.6070018895","61465.1573206918","69112.4117283268","61663.318853328","38629.2423046085","61273.4260311332"
"A0A1C7CYU3;A0A1B0GR92;A0A1B0GS16","13","1","71.3231","0.363598193727784","0.295831958147879","1.17168525608045","0.125840091270083","Control_3_meses","STZ_3_meses","52997.2591","Nucleobindin-1 OS=Mus musculus OX=10090 GN=Nucb1 PE=1 SV=1","53290.2434291909","68124.4468920852","76886.3591035928","66080.5137407829","58062.056012277","45101.728914853","53290.2434291909","83794.037361835","85722.2936409902","66355.5590732884","37598.0766933628","51080.4759875475"
"Q3TTY5","47","36","323.1627","0.366074734819856","0.296342652233319","1.08529710687923","0.124960795373947","STZ_3_meses","Control_3_meses","71379.0367","Keratin_ type II cytoskeletal 2 epidermal OS=Mus musculus OX=10090 GN=Krt2 PE=1 SV=1","111503.667052982","87903.8360077563","104994.292163608","113069.219928675","116329.021525758","100968.146231392","111503.667052982","108122.966933598","117060.446721766","113539.84522244","75328.8425071359","114352.622242411"
"Q9D478;Q9D478-2;Q9D478-3;A0A0G2JFI3","3","2","19.6493","0.370552479956211","0.297368720310031","1.58926396798743","0.123397055044087","STZ_3_meses","Control_3_meses","74834.9428","Protein BCAP OS=Mus musculus OX=10090 GN=Odf2l PE=2 SV=1","803.971992992692","188.992013277183","714.237597470679","1249.49422135401","462.252809282967","1001.44696427824","803.971992992692","232.462860898127","796.319214144657","1254.69496108984","299.331745528758","1134.2001480296"
"P68254;P68254-2","9","3","54.6376","0.371052773649535","0.297368720310031","1.26073885232444","0.123224392375893","STZ_3_meses","Control_3_meses","28063.46","14-3-3 protein theta OS=Mus musculus OX=10090 GN=Ywhaq PE=1 SV=1","401.152732110131","454.181032570918","536.778958658799","545.675030091812","418.366265262722","791.049301775195","401.152732110131","558.649121549138","598.466672774265","547.946280141113","270.913019751447","895.911882681443"
"Q9JJV1","1","1","5.6629","0.373900966300086","0.298160513276784","Infinity","0.122249143803176","Control_3_meses","STZ_3_meses","22635.8692","Beta-crystallin A2 OS=Mus musculus OX=10090 GN=Cryba2 PE=2 SV=3","0","5.46653142128368","0","0","0","0","0","6.7239112983963","0","0","0","0"
"Q8CDG5;B8JJI2;B8JJI3","11","6","57.7598","0.377178443403714","0.299285097096417","1.17127423168728","0.121142940717243","Control_3_meses","STZ_3_meses","73111.547","CREB3 regulatory factor OS=Mus musculus OX=10090 GN=Crebrf PE=2 SV=1","2687.94365991262","3370.684021958","3097.79898771746","3033.5894779033","1806.25424521029","2977.64804941329","2687.94365991262","4145.98922642708","3453.80425815311","3046.21611440174","1169.63969764985","3372.36916071599"
"Q9EPK6;A0A494B9H1;A0A494B9B2;A0A494B9L8","18","14","121.9037","0.380476359462969","0.300414739367225","1.17590785135296","0.120046815241142","Control_3_meses","STZ_3_meses","52772.1901","Nucleotide exchange factor SIL1 OS=Mus musculus OX=10090 GN=Sil1 PE=1 SV=2","2766.20905208753","3328.05396710739","2928.23228155674","2949.91057684061","1705.51670599828","3017.36382096286","2766.20905208753","4093.55365341542","3264.75060615667","2962.1889186624","1104.40711745337","3417.34970943941"
"Q9QWL7","36","11","329.1176","0.384515673459485","0.302115826663354","1.07946366979191","0.118726957998401","STZ_3_meses","Control_3_meses","48447.0528","Keratin_ type I cytoskeletal 17 OS=Mus musculus OX=10090 GN=Krt17 PE=1 SV=3","28905.2016014861","25791.640165327","33107.1765942555","30064.5423007154","30623.4853011008","34093.2202806992","28905.2016014861","31724.0837648182","36911.9197049386","30189.6792218078","19830.2338574679","38612.6643431824"
"Q8VED5","17","7","136.8788","0.387898797676585","0.303287261481424","1.19689681797516","0.11764030646274","Control_3_meses","STZ_3_meses","57837.5262","Keratin_ type II cytoskeletal 79 OS=Mus musculus OX=10090 GN=Krt79 PE=1 SV=2","120026.730122236","81721.0121228755","120820.333235383","69236.3081430511","111360.818954088","88906.5349028952","120026.730122236","100518.005730286","134705.248163088","69524.4887626717","72111.6835887829","100692.107165493"
"A2AEN9","41","31","137.219","0.391012888124495","0.304237994254698","1.09370866311461","0.116654882630424","Control_3_meses","STZ_3_meses","18793.3791","Predicted gene 5938 OS=Mus musculus OX=10090 GN=Gm5938 PE=1 SV=1","1142471.22832881","1117763.0054487","1251950.77983632","1153672.7311296","1179417.59998138","878171.618311641","1142471.22832881","1374864.37414477","1395827.47348717","1158474.63538205","763731.710916774","994583.25304556"
"Q8BFR4;A0A1W2P8D3","5","5","32.4194","0.394259107690824","0.304848961421609","1.32302648171406","0.115642465244529","Control_3_meses","STZ_3_meses","61916.357","N-acetylglucosamine-6-sulfatase OS=Mus musculus OX=10090 GN=Gns PE=1 SV=1","1592.29328056526","1230.40641985148","1716.07600800628","1499.86445876777","406.101268072478","1524.63507454565","1592.29328056526","1513.41737392154","1913.2909034016","1506.10730851911","262.970822442671","1726.74279210291"
"P17879;Q61696","19","9","127.3413","0.397300940601576","0.304848961421609","1.45465724839047","0.114707256740186","Control_3_meses","STZ_3_meses","70461.5006","Heat shock 70 kDa protein 1B OS=Mus musculus OX=10090 GN=Hspa1b PE=1 SV=3","11834.6601252203","11977.1365379238","24184.1245258735","2893.1539789097","19000.7923318677","11100.7135942439","11834.6601252203","14732.0480727923","26963.4126030599","2905.19608410944","12303.960562078","12572.2394204867"
"A8R0V5","3","2","15.044","0.397503913414346","0.304848961421609","1.39538567046284","0.114645310534148","Control_3_meses","STZ_3_meses","12275.209","Exocrine gland secreted peptide 23 OS=Mus musculus OX=10090 GN=Esp23 PE=2 SV=1","457.459018468057","633.914105740513","926.799046525517","186.087789827159","646.766846457344","613.463907365632","457.459018468057","779.723354594842","1033.30865108864","186.862338557651","418.813785903238","694.785524709621"
"P11590;Q3KQQ2;Q5FW60;Q80YX8","62","51","439.7535","0.405152214953438","0.308892667070125","1.21109579955636","0.112351908555501","Control_3_meses","STZ_3_meses","20826.8606","Major urinary protein 4 OS=Mus musculus OX=10090 GN=Mup4 PE=1 SV=1","299399.948323416","456437.617192976","487946.011475936","281270.685347487","433669.301168185","312050.262685044","299399.948323416","561424.752688285","544021.74539613","282441.411553989","280822.49862855","353416.073696056"
"P00329","9","6","53.4061","0.406630973824365","0.308892667070125","1.14842236201299","0.111917496654479","STZ_3_meses","Control_3_meses","40626.8986","Alcohol dehydrogenase 1 OS=Mus musculus OX=10090 GN=Adh1 PE=1 SV=2","2278.78151552092","1698.98820979541","2724.02542066805","2347.83079706382","2333.57515309737","3015.08546111738","2278.78151552092","2089.77963159734","3037.07588340097","2357.60311670374","1511.10628182593","3414.76932708649"
"A0A1D5RLF0","3","2","16.0697","0.412840537927008","0.310267866443343","1.33359168787704","0.110124228618315","Control_3_meses","STZ_3_meses","54724.9729","F-box and WD-40 domain protein 27 OS=Mus musculus OX=10090 GN=Fbxw27 PE=4 SV=1","55.2867735448677","41.6677598312603","2038.19426581682","457.140629090543","494.856719044406","649.054022087607","55.2867735448677","51.2519364687899","2272.42763721358","459.043374532615","320.444402983652","735.093513875225"
"J3KMP9","2","2","12.4073","0.41652569409939","0.310267866443343","2.17752861664715","0.109083072786131","Control_3_meses","STZ_3_meses","10896.5452","Secretoglobin_ family 2A_ member 2 OS=Mus musculus OX=10090 GN=Scgb2a2 PE=4 SV=1","1380.84448925755","882.172214792288","5398.95117098477","445.475716597357","1239.64335218599","1833.53405772855","1380.84448925755","1085.08435515043","6019.40946389407","447.329909454805","802.73088879338","2076.58984836189"
"P07759;A0A0R4J0I1;E9Q499;F2Z405;P29621;Q03734","11","8","74.5989","0.41653878849946","0.310267866443343","1.18347433137696","0.109079403339783","Control_3_meses","STZ_3_meses","47051.0918","Serine protease inhibitor A3K OS=Mus musculus OX=10090 GN=Serpina3k PE=1 SV=2","1529.63407439647","1336.15154436132","1640.78720023603","1701.52504035125","781.867657301981","1324.52497281323","1529.63407439647","1643.48537914212","1829.3497548961","1708.60725708954","506.298298101672","1500.10582069753"
"Q3UV17","24","15","182.5517","0.417291128288016","0.310267866443343","1.12204325656594","0.108868929589415","STZ_3_meses","Control_3_meses","63357.9783","Keratin_ type II cytoskeletal 2 oral OS=Mus musculus OX=10090 GN=Krt76 PE=1 SV=1","54643.6336129259","41742.1558976519","58325.8839326285","66243.1806337336","57501.0809640536","49848.9283011936","54643.6336129259","51343.4446872223","65028.811451542","66518.903030734","37234.8173750619","56456.9706385588"
"Q9WU78","5","5","24.4868","0.421048687464922","0.310267866443343","1.09726022963357","0.107828063428334","Control_3_meses","STZ_3_meses","96594.6173","Programmed cell death 6-interacting protein OS=Mus musculus OX=10090 GN=Pdcd6ip PE=1 SV=3","3124.94209053591","3146.4471298149","3500.31856157753","3650.12893140362","2675.48582992352","2579.93701028098","3124.94209053591","3870.17466388237","3902.58218845138","3665.32177523599","1732.51049539479","2921.93700050472"
"Q9ES28","3","2","12.1617","0.421924965670971","0.310267866443343","1.21809525644541","0.10758778250203","Control_3_meses","STZ_3_meses","97797.3375","Rho guanine nucleotide exchange factor 7 OS=Mus musculus OX=10090 GN=Arhgef7 PE=1 SV=2","581.75041323598","890.924059625947","780.772163007663","939.603320383212","470.101515337231","440.270873441655","581.75041323598","1095.8492486128","870.500065348086","943.514208677633","304.414174096384","498.633784556468"
"O54827","8","2","38.4857","0.422638545038063","0.310267866443343","1.35530193081513","0.107392793114469","STZ_3_meses","Control_3_meses","170955.0129","Phospholipid-transporting ATPase VA OS=Mus musculus OX=10090 GN=Atp10a PE=1 SV=4","1217.95449418033","984.810810426105","2029.48203934976","2822.0922842197","1213.7882420206","1700.09247071075","1217.95449418033","1211.33128572632","2262.71418421381","2833.8386110373","785.988415624532","1925.45906146299"
"A0A3B2W725;A0A3Q4EGS4;G5E8Z2","2","1","19.468","0.423927233390309","0.310267866443343","1.47717954503254","0.1070421869377","STZ_3_meses","Control_3_meses","90825.671","TATA-box binding protein associated factor 4b OS=Mus musculus OX=10090 GN=Taf4b PE=1 SV=1","1351.65384291382","1637.5298126448","3600.41823251743","1698.76052436517","5081.27831285125","2953.98628175729","1351.65384291382","2014.18493010648","4014.18551426519","1705.83123442509","3290.38109960326","3345.57075667128"
"A0A0U1RNJ1;P19096","11","10","57.9407","0.428570630867253","0.312240564033204","1.13569877939981","0.105795065940665","STZ_3_meses","Control_3_meses","274965.8558","Fatty acid synthase OS=Mus musculus OX=10090 GN=Fasn PE=1 SV=1","744.87258374965","1007.72330394558","1044.33969781488","908.567215958146","1000.4225010554","1267.48661351017","744.87258374965","1239.51397821944","1164.35730968105","912.348923421819","647.823458275285","1435.5063782183"
"D3Z3L7;D3Z4D7;F8WJ99;Q9QZJ6","1","1","5.3319","0.430675658356023","0.312354415686813","1.1128191299194","0.105237918686254","Control_3_meses","STZ_3_meses","14150.8742","Microfibrillar associated protein 5 (Fragment) OS=Mus musculus OX=10090 GN=Mfap5 PE=1 SV=1","6550.09341330625","9118.98316169836","8497.70242301671","6826.46539818237","8043.2055501717","6847.04684366638","6550.09341330625","11216.4788209396","9474.27542248587","6854.87903087061","5208.37669048257","7754.7007686513"
"J3QJY4","4","2","49.7105","0.437852189372708","0.314216013316358","1.20072388721113","0.103376036099396","Control_3_meses","STZ_3_meses","10289.6988","ABPA3 OS=Mus musculus OX=10090 GN=Scgb1b3 PE=3 SV=1","6753.62643718663","11139.7692956046","10907.3239388877","8904.2062750216","8730.8328048755","6351.09126899863","6753.62643718663","13702.0744702232","12160.8154740031","8941.26803857293","5653.64962834294","7193.00064246471"
"G3UVV3;S4R2G4","7","6","32.3909","0.438164482875511","0.314216013316358","1.3917322168387","0.10329631030291","Control_3_meses","STZ_3_meses","250867.7329","Zinc finger protein 407 OS=Mus musculus OX=10090 GN=Zfp407 PE=1 SV=1","2226.33390620269","4179.77784077288","5895.46971551823","3717.70998969943","2880.69771075478","2240.63569715908","2226.33390620269","5141.18611647157","6572.98891503374","3733.18412454479","1865.39542169246","2537.65743973252"
"Q3UU35","52","41","332.4498","0.43912355651236","0.314216013316358","1.12173323618359","0.103052132407729","STZ_3_meses","Control_3_meses","163709.1402","Alpha-2-macroglobulin-like protein 1 OS=Mus musculus OX=10090 GN=A2ml1 PE=1 SV=2","138908.451870379","126500.218729174","97758.4775788789","116161.374376301","157674.057608592","133541.228416865","138908.451870379","155597.065929415","108993.077817899","116644.87007013","102101.815155634","151243.636898559"
"P63154","6","3","29.5977","0.443329779325495","0.315281505508988","1.32091775467726","0.101992973861322","STZ_3_meses","Control_3_meses","83700.9527","Crooked neck-like protein 1 OS=Mus musculus OX=10090 GN=Crnkl1 PE=1 SV=1","5823.58498362808","3692.97123192801","7216.47912831289","9479.97942704749","4368.15365724988","8254.83039106128","5823.58498362808","4542.40707267026","8045.81137803425","9519.43771733691","2828.59732316312","9349.10203482289"
"REVERSE54119","1","1","5.6134","0.448153450306395","0.315281505508988","1.15670925659451","0.100801446722674","Control_3_meses","STZ_3_meses","18887.0901","Reversed Sequence 54119","12.2954096793765","1577.50040751593","14233.189480445","1664.68753075879","6830.90433111581","5183.71882698859","12.2954096793765","1940.34790910071","15868.8961516132","1671.61641961719","4423.35119638221","5870.87970769537"
"P13745;Q6P8Q0;P30115","5","3","28.1861","0.448434954519192","0.315281505508988","1.10385617759647","0.10073266034413","STZ_3_meses","Control_3_meses","25722.1182","Glutathione S-transferase A1 OS=Mus musculus OX=10090 GN=Gsta1 PE=1 SV=2","4379.02016216803","4562.60757993976","3202.26328347155","4927.06548603916","3985.29183161423","4492.75181099067","4379.02016216803","5612.07213361291","3570.27380021539","4947.57329217094","2580.67519859754","5088.31715592487"
"P62806","7","7","54.1385","0.45010600724793","0.315281505508988","1.31445075942398","0.100326015763081","STZ_3_meses","Control_3_meses","11367.3627","Histone H4 OS=Mus musculus OX=10090 GN=H4c1 PE=1 SV=2","5747.17738317545","6905.97843075828","9137.15355710316","14407.8869233652","7702.01399496915","6532.38778250869","5747.17738317545","8494.45156690466","10187.213562935","14467.8565244655","4987.43814402598","7398.33007057732"
"B1ATI0;B1AV77;P47740","7","4","41.2395","0.452130058080906","0.315281505508988","1.27784463785752","0.0998372989957683","Control_3_meses","STZ_3_meses","59847.0305","Aldehyde dehydrogenase OS=Mus musculus OX=10090 GN=Aldh3a2 PE=1 SV=1","5220.72482359225","7689.6048881013","11307.51880984","5132.85613337593","7716.86128538241","6102.38974987057","5220.72482359225","9458.32324058355","12607.0015418746","5154.22049696798","4997.05250496988","6911.33090869751"
"Q9Z0K8","7","7","42.364","0.45241472783074","0.315281505508988","1.25981809792876","0.0997688982065926","STZ_3_meses","Control_3_meses","57889.8359","Pantetheinase OS=Mus musculus OX=10090 GN=Vnn1 PE=1 SV=3","1717.14981632566","2004.192442862","1084.78886844793","2501.08937099514","1310.93799773213","2242.82360688678","1717.14981632566","2465.18517359144","1209.45498009966","2511.49959511008","848.89772708969","2540.13538177593"
"P02525","4","1","17.7175","0.461938139430275","0.320524652604899","1.27225322664671","0.0975271135422159","Control_3_meses","STZ_3_meses","23857.5657","Beta-crystallin A1 OS=Mus musculus OX=10090 GN=Cryba1 PE=2 SV=2","34.7887256109594","32.2458952496149","60.9287907915596","51.1918974268788","20.6962915778017","28.6919541397852","34.7887256109594","39.662909198988","67.9308495852611","51.4049722299077","13.4018808745913","32.4953989511133"
"G3X977;Q61703;F6SGM1","6","5","32.0148","0.464647593190028","0.321014983894037","1.06135791679973","0.0969054662459694","STZ_3_meses","Control_3_meses","106760.7795","Inter-alpha-trypsin inhibitor heavy chain H2 OS=Mus musculus OX=10090 GN=Itih2 PE=1 SV=1","1572.78568209361","1548.79570478394","1474.59114091813","1841.24437183185","1556.22745609111","1480.7122714304","1572.78568209361","1905.04071699983","1644.05411123544","1848.90813898204","1007.73488341609","1676.99752193666"
"P62331","4","2","30.506","0.467619202285515","0.32168144646062","1.98901491825967","0.0962316846813462","STZ_3_meses","Control_3_meses","20196.2516","ADP-ribosylation factor 6 OS=Mus musculus OX=10090 GN=Arf6 PE=1 SV=2","281.995885715051","645.541101803222","1069.17170115703","319.777517884017","1594.73372120121","2056.97213010865","281.995885715051","794.024724909493","1192.04305663288","321.108520153147","1032.66961029656","2329.64717821421"
"Q8VFX0","2","1","11.5306","0.470593264129361","0.322343892833462","14.7779928187981","0.0955656184584645","Control_3_meses","STZ_3_meses","35085.2119","Olfactory receptor OS=Mus musculus OX=10090 GN=Or5b101 PE=3 SV=1","0","3.4822881764497","144.088299347866","0","0","9.98583429656297","0","4.28326392175088","160.647215591087","0","0","11.3095701932888"
"REVERSE3914","6","2","42.3808","0.474784962213567","0.322926001583399","1.24290031533346","0.094640664868795","STZ_3_meses","Control_3_meses","54354.5154","Reversed Sequence 3914","115554.688568277","117425.684865244","173017.590025737","113093.19028649","231322.743094799","160199.063426966","115554.688568277","144435.260376117","192901.118353901","113563.915351499","149793.011703862","181435.271096977"
"P57780;A0A1L1SV25;E9Q2W9;A0A1L1SVJ6;D3Z0L8;D3Z761","45","20","310.6523","0.476160614181342","0.322926001583399","1.17216813272684","0.0943405810028302","Control_3_meses","STZ_3_meses","105433.5004","Alpha-actinin-4 OS=Mus musculus OX=10090 GN=Actn4 PE=1 SV=1","52123.5098018669","67151.8965178373","91627.491485533","54941.7189206373","58660.5593969447","66323.1879332437","52123.5098018669","82597.7865867632","102157.506510712","55170.4015154523","37985.6374809659","75115.0807331017"
"Q6P5H2;Q6P5H2-2","7","5","37.7579","0.478198420729099","0.322926001583399","1.10327221097492","0.0938991688543775","Control_3_meses","STZ_3_meses","207751.8418","Nestin OS=Mus musculus OX=10090 GN=Nes PE=1 SV=1","9040.46165956683","9859.7117885993","12111.7274349901","10855.0492308031","9375.32740113601","7878.64358506803","9040.46165956683","12127.5855538256","13503.6314345823","10900.2309410538","6070.99201893168","8923.04738963074"
"Q9JKR6;F6TRP3;A0A1L1SQ34;E0CYZ2","18","15","91.2976","0.481586396513047","0.322926001583399","1.15423743247169","0.093173431400949","STZ_3_meses","Control_3_meses","111409.387","Hypoxia up-regulated protein 1 OS=Mus musculus OX=10090 GN=Hyou1 PE=1 SV=1","70434.1207400217","42692.4806874162","81539.6910507973","76629.4274634563","86383.7282561505","61677.9658992535","70434.1207400217","52512.3576776723","90910.3958250176","76948.3802857524","55937.7718099857","69854.0816921998"
"REVERSE8730","3","3","24.3611","0.483142195256331","0.322926001583399","1.13914804400236","0.0928435298773064","STZ_3_meses","Control_3_meses","94178.5616","Reversed Sequence 8730","25410.5309099365","17886.5426205886","32030.0309206698","23501.8907279876","30768.1240678053","31538.7089001475","25410.5309099365","22000.7014955711","35710.9862909785","23599.7120823304","19923.8946717223","35719.5234287724"
"P07901;B7ZC50","23","12","138.422","0.483531375241417","0.322926001583399","1.09073697996136","0.0927613340165301","STZ_3_meses","Control_3_meses","85187.2283","Heat shock protein HSP 90-alpha OS=Mus musculus OX=10090 GN=Hsp90aa1 PE=1 SV=4","47063.4544505486","46466.0190653111","54499.4154512008","50590.3966015148","63786.9257639082","47083.2609335448","47063.4544505486","57153.8634843108","60762.5975405545","50800.9677921299","41305.2153440477","53324.6826096579"
"P02816;A0A0N4SV85","59","51","196.1529","0.487488381447593","0.32421777727546","1.06682608621641","0.0919329927169722","Control_3_meses","STZ_3_meses","17108.5903","Prolactin-inducible protein homolog OS=Mus musculus OX=10090 GN=Pip PE=2 SV=3","397028.121313022","451595.977132791","410176.600569763","394209.980699278","448980.299132162","336759.02519542","397028.121313022","555469.46664041","457314.917868979","395850.791417605","290737.133335592","381400.263669706"
"A2BHR2","51","48","136.3951","0.491978861801472","0.325072445806583","1.08814266866461","0.0910090438237242","Control_3_meses","STZ_3_meses","20590.2234","Lipocalin 11 OS=Mus musculus OX=10090 GN=Lcn11 PE=1 SV=1","239447.727260967","286417.075402712","259683.669479211","269181.69259131","263156.857777067","189578.248562898","239447.727260967","352297.07120236","289527.03741471","270302.101074113","170407.188457027","214709.001328092"
"A0A5F8MPN8;P14152","2","2","11.4787","0.494068127074982","0.325072445806583","1.27714195768105","0.0905848873893222","STZ_3_meses","Control_3_meses","39114.0452","Malate dehydrogenase OS=Mus musculus OX=10090 GN=Mdh1 PE=1 SV=1","611.28329131753","717.172508536501","1464.24464880603","1568.79855926412","713.873293377201","1284.00306557714","611.28329131753","882.132372691167","1632.51857950618","1575.32833176346","462.26855673289","1454.21227383483"
"REVERSE46924","1","1","4.5302","0.495760003112155","0.325072445806583","1.33580752860637","0.0902440370334107","STZ_3_meses","Control_3_meses","63124.8711","Reversed Sequence 46924","406.97682369238","128.361042325786","226.247424320467","376.355926673804","182.083586758326","458.891851078086","406.97682369238","157.885905385613","252.248231926104","377.922423892614","117.908202528938","519.723184539738"
"Q45VK7;Q45VK7-2;D3Z025;Q45VK7-3","8","6","47.9711","0.499828967397928","0.325072445806583","1.11596423006458","0.0894338069444491","STZ_3_meses","Control_3_meses","495761.6297","Cytoplasmic dynein 2 heavy chain 1 OS=Mus musculus OX=10090 GN=Dync2h1 PE=1 SV=1","57498.7824664506","40373.5698713841","63468.41380739","51168.1462751196","69075.2167859287","59807.1608082365","57498.7824664506","49660.0644346144","70762.3311697527","51381.1222193009","44729.6474961008","67735.2801112342"
"REVERSE15920","2","1","14.797","0.502380411173165","0.325072445806583","1.21062819282729","0.0889325202681863","STZ_3_meses","Control_3_meses","44399.3448","Reversed Sequence 15920","52362.5872779197","25007.7113609159","56810.886950167","71205.3585591905","40888.7178313806","50349.449830467","52362.5872779197","30759.8401999508","63339.7079784436","71501.7349099845","26477.4838251069","57023.8419885589"
"E9PZW8;Q9QY06;Q9QY06-2;A0A1D5RLW4;E9PWZ6;Q9QY06-3;A0A8V5KX73","6","1","37.7045","0.502488920139062","0.325072445806583","1.12510964307797","0.0889113157541374","Control_3_meses","STZ_3_meses","241856.0725","Myosin IXb OS=Mus musculus OX=10090 GN=Myo9b PE=1 SV=1","400.601768222949","598.873611552427","414.167765414183","396.402183864213","468.987402297283","391.059644263952","400.601768222949","736.623049005208","461.764755379193","398.052119137031","303.692730344681","442.899047312248"
"P21981","4","4","28.3486","0.508154134174385","0.325072445806583","3.37648705958025","0.0878170380037695","STZ_3_meses","Control_3_meses","78201.6821","Protein-glutamine gamma-glutamyltransferase 2 OS=Mus musculus OX=10090 GN=Tgm2 PE=1 SV=4","441.312617466814","520.856846462004","908.255533093931","690.280449345826","356.785985015957","5268.39936400096","441.312617466814","640.661319742405","1012.63407991566","693.153587052611","231.036717420246","5966.78561289114"
"E9Q0P8;P04627","3","3","14.1235","0.50854749667287","0.325072445806583","1.24715617189697","0.0877419810902502","STZ_3_meses","Control_3_meses","46768.0905","non-specific serine/threonine protein kinase OS=Mus musculus OX=10090 GN=Araf PE=1 SV=1","7091.60744605858","8482.46216267418","14236.2596994103","7734.37567641572","16217.2951316976","13226.4653748186","7091.60744605858","10433.5489505758","15872.3192062975","7766.56828221154","10501.5073181621","14979.7837740108"
"P02762;A2AKN9;A2BIM8;A2BIN1;A2CEK7;A2CEL1;A9R9W0;P04938;P11588;P11589;Q4FZE8;A2AKN8;B8JI96;Q58EV3;A2CEL0;A9C496;A9C497;B5X0G2;E9PVW0;E9QA79;L7MUC7;A2CEK6;A2BIN0;L7N222","11","8","89.8253","0.509705158084026","0.325072445806583","1.4002345162107","0.0875217778678594","STZ_3_meses","Control_3_meses","20934.5736","Major urinary protein 6 OS=Mus musculus OX=10090 GN=Mup6 PE=1 SV=2","3256.03959726758","4522.98660932548","4993.18234615035","4752.03152197101","9808.27230286003","3323.78343896183","3256.03959726758","5563.33777695495","5567.00887218508","4771.8107884453","6351.34543279594","3764.38873246354"
"P24369","12","8","78.892","0.510617558110339","0.325072445806583","1.07842734218781","0.0873489481837112","Control_3_meses","STZ_3_meses","23713.5186","Peptidyl-prolyl cis-trans isomerase B OS=Mus musculus OX=10090 GN=Ppib PE=1 SV=2","7426.10291844769","8381.77159424291","7478.78201183331","6446.21645723411","6220.3451366325","8926.60060960849","7426.10291844769","10309.6981211301","8338.25863481904","6473.04738890389","4027.98367072712","10109.9230353311"
"P35700;B1AXW5;B1AXW6","7","5","39.6823","0.5110826081003","0.325072445806583","1.06219964235492","0.0872611006868302","STZ_3_meses","Control_3_meses","22404.6355","Peroxiredoxin-1 OS=Mus musculus OX=10090 GN=Prdx1 PE=1 SV=1","174225.341009913","172929.933094644","186525.777461782","189787.684631781","212301.058503614","164787.078969966","174225.341009913","212706.274117226","207961.693772617","190577.633345403","137475.522362026","186631.480275945"
"P00687;D3YYQ5","2","2","10.9917","0.515775686726167","0.326166347462305","2.08052335201298","0.0863837089284799","Control_3_meses","STZ_3_meses","58328.1357","Alpha-amylase 1 OS=Mus musculus OX=10090 GN=Amy1 PE=1 SV=2","3340.95845695936","421.618556541779","1138.17787260363","897.632008733899","419.957068248567","1037.95039887255","3340.95845695936","518.596813494413","1268.97955565237","901.368200847633","271.943144014583","1175.54252800305"
"Q6KCD5;Q6KCD5-3","5","4","20.9353","0.519406462267987","0.326166347462305","1.16108489482177","0.0857161631300967","Control_3_meses","STZ_3_meses","317503.8569","Nipped-B-like protein OS=Mus musculus OX=10090 GN=Nipbl PE=1 SV=1","4436.75335857822","5794.74386311384","7538.78718489423","3967.33937816244","6366.78739781796","4970.76995107075","4436.75335857822","7127.61726399337","8405.1597226723","3983.85253940555","4122.8123375941","5629.70203658144"
"A0A3Q4EBW1;A0A3Q4EC06;Q78JT3","1","1","4.9083","0.521148895182363","0.326166347462305","1.15154019772979","0.0853992344309685","Control_3_meses","STZ_3_meses","7713.8069","3-hydroxyanthranilate 3_4-dioxygenase OS=Mus musculus OX=10090 GN=Haao PE=1 SV=1","17913.6050914959","27015.4708545542","26612.9109686981","28659.5362408909","16290.4929464765","17177.1870885302","17913.6050914959","33229.4128966658","29671.3200533599","28778.8251390637","10548.9065534434","19454.2185791978"
"Q8K203","1","1","4.618","0.523116864133395","0.326166347462305","1.34046211750001","0.0850439299890816","STZ_3_meses","Control_3_meses","69184.3257","Endonuclease 8-like 3 OS=Mus musculus OX=10090 GN=Neil3 PE=1 SV=1","117.589416048052","88.2157489410968","146.661973787969","235.838852242281","84.9981926309652","151.631802321099","117.589416048052","108.506624272223","163.516661857799","236.820478622898","55.0405683991026","171.732322103082"
"Q3U269","5","2","18.512","0.524819099732305","0.326166347462305","1.92680486172234","0.0847388484582186","STZ_3_meses","Control_3_meses","56868.7097","Thiosulfate sulfurtransferase/rhodanese-like domain-containing protein 2 OS=Mus musculus OX=10090 GN=Tstd2 PE=2 SV=3","3480.62665043472","3273.38734260002","1031.65806219047","1120.29300417821","6303.42459724145","7577.75316636405","3480.62665043472","4026.31292875057","1150.21827506531","1124.95597279626","4081.78176445907","8582.2705241472"
"P97805;I7HJS7;I7HLV5;I7HPY1;Q9D8T0","2","2","12.0758","0.52501203497259","0.326166347462305","1.31413239274157","0.0847044005522754","Control_3_meses","STZ_3_meses","25216.242","Protein FAM3D OS=Mus musculus OX=10090 GN=Fam3d PE=2 SV=2","344.105569714414","900.384457561824","562.925454784442","702.937772250043","177.259100956826","495.171006044641","344.105569714414","1107.48567245566","627.617976655692","705.863593227429","114.784107386106","560.811554070232"
"O09131;A0A494BAB1;A0A494B9X6;A0A494BAY2;A0A494BB82;Q8K2Q2","24","20","174.6448","0.527338193221166","0.32634657567781","1.29343223133785","0.0842911552532265","Control_3_meses","STZ_3_meses","27725.7866","Glutathione S-transferase omega-1 OS=Mus musculus OX=10090 GN=Gsto1 PE=1 SV=2","39615.042395716","15723.8308116766","25285.4031294781","25927.3429146843","17124.9936683769","19281.2549136327","39615.042395716","19340.5352500246","28191.2523517406","26035.2596703095","11089.2873855663","21837.2045223581"
"Q8BVM7;A0A087WNN1","5","4","28.7866","0.531069845692426","0.327213852253947","1.10371545287098","0.0836361817868772","Control_3_meses","STZ_3_meses","45485.8919","Flagellum-associated coiled-coil domain-containing protein 1 OS=Mus musculus OX=10090 GN=Flacc1 PE=1 SV=1","5852.06200214021","5338.03585429735","7314.51786000134","6849.35643126645","4522.53215638339","5393.85992869529","5852.06200214021","6565.85992576734","8155.11691732588","6877.86534275096","2928.56509986398","6108.87740219598"
"P63101;A0A2I3BQ03;D3YXN6;D3YXF4","7","2","46.5998","0.532822542882367","0.327213852253947","1.23755328584202","0.0833318967785671","STZ_3_meses","Control_3_meses","27942.2773","14-3-3 protein zeta/delta OS=Mus musculus OX=10090 GN=Ywhaz PE=1 SV=1","2208.32507527799","2753.49927471337","5006.77242389147","5752.86062054747","2649.85457488304","3933.9544973223","2208.32507527799","3386.84322041702","5582.1607489069","5776.80561389973","1715.91297958247","4455.44490358549"
"A0A1B0GT39","1","1","4.4737","0.538965117861457","0.329722788638296","1.75531074227423","0.0822820876129129","Control_3_meses","STZ_3_meses","8403.4742","Predicted gene_ 40193 OS=Mus musculus OX=10090 GN=Gm40193 PE=4 SV=1","33.1569519354404","48.0140905971883","0","0","0","46.2431184278297","33.1569519354404","59.0580134583487","0","0","0","52.3731696605575"
"P24622","5","1","39.4478","0.552473869079541","0.334822559372095","1.11359829601828","0.0800615019563155","Control_3_meses","STZ_3_meses","22546.4092","Alpha-crystallin A chain OS=Mus musculus OX=10090 GN=Cryaa PE=2 SV=1","71.0208417783076","76.8760957584432","75.4022853056048","72.515574375694","16.6174446621843","111.387423244382","71.0208417783076","94.5586897816473","84.0676671067227","72.8174042062584","10.7606240937181","126.153092913378"
"F6RR30","9","2","68.7556","0.553060295479752","0.334822559372095","1.06663063492423","0.0799677723009464","Control_3_meses","STZ_3_meses","45055.7723","Lipase OS=Mus musculus OX=10090 GN=Lipo4 PE=3 SV=2","22753.7714463095","28183.055635186","30301.5425631618","25355.0556396953","26500.0111258558","24308.4775624518","22753.7714463095","34665.5587619872","33783.856585985","25460.5903777645","17160.0787005238","27530.8427037647"
"Q8BHN3;Q8BHN3-2","6","6","33.1044","0.556204633634615","0.334822559372095","1.92637042409447","0.0794689033734374","Control_3_meses","STZ_3_meses","107367.5114","Neutral alpha-glucosidase AB OS=Mus musculus OX=10090 GN=Ganab PE=1 SV=1","3463.60148958415","915.846180199382","533.00740488081","627.290803926493","718.95184978986","1203.86661562292","3463.60148958415","1126.50381092836","594.261684474533","629.901761347624","465.557175266383","1363.45282611296"
"P61982","8","2","62.4061","0.55844086051831","0.334822559372095","1.28711242932176","0.0791178728515033","Control_3_meses","STZ_3_meses","28473.7251","14-3-3 protein gamma OS=Mus musculus OX=10090 GN=Ywhag PE=1 SV=2","949.415831068306","2228.74510082059","2206.52659577281","1613.90749447145","1185.82922368816","1383.80421035055","949.415831068306","2741.38813257455","2460.10505601705","1620.62502280653","767.883557000308","1567.24319530465"
"P06797;A0A1Y7VNM3;A0A1Y7VNQ4","4","2","20.1806","0.559113273530339","0.334822559372095","1.30035079263046","0.0790129274801159","Control_3_meses","STZ_3_meses","38117.7169","Procathepsin L OS=Mus musculus OX=10090 GN=Ctsl PE=1 SV=2","9.44067058641738","1979.03157711388","730.451877083871","614.44148595519","569.118498243628","907.355898033315","9.44067058641738","2434.23695131972","814.396871278954","616.998960969272","368.532608284676","1027.63624093326"
"Q8C0V1;Q8C0V1-2;Q8C0V1-3;Q8C0V1-4","5","4","26.8481","0.561018904620135","0.334822559372095","1.08760719938203","0.0787170234041624","STZ_3_meses","Control_3_meses","88774.0037","Telomere repeats-binding bouquet formation protein 1 OS=Mus musculus OX=10090 GN=Terb1 PE=1 SV=2","55266.2548386382","67291.7505713166","68535.177514161","76819.4871714346","75175.0053700422","55839.8289596184","55266.2548386382","82769.809059122","76411.3775200439","77139.2310746805","48679.5647871851","63242.0333088652"
"REVERSE22921","3","1","21.2769","0.561923758262031","0.334822559372095","1.11783473524485","0.0785772983912854","STZ_3_meses","Control_3_meses","59144.592","Reversed Sequence 22921","70.730638303988","38.5925016169788","46.740407141513","46.1454204107141","64.7617601700504","63.546073231195","70.730638303988","47.4693251822278","52.1119084399066","46.3374903838724","41.9364692348454","71.969827895445"
"P63017;Q504P4;D3Z5E2","8","2","51.569","0.573276259859848","0.340321816403876","1.13115887110438","0.07686613435102","STZ_3_meses","Control_3_meses","71099.2839","Heat shock cognate 71 kDa protein OS=Mus musculus OX=10090 GN=Hspa8 PE=1 SV=1","628.722147522759","711.129289850302","401.202580631176","592.059545708662","541.683342080501","835.665809748255","628.722147522759","874.699127865278","447.309585567066","594.523860911345","350.766976538919","946.442816173343"
"A0A140LIJ4;A0A571BGC3","11","9","49.114","0.576017065384762","0.340687074245049","1.06380601696097","0.0764644035502778","Control_3_meses","STZ_3_meses","521619.9729","Dynein_ axonemal_ heavy chain 14 OS=Mus musculus OX=10090 GN=Dnah14 PE=1 SV=1","15546.7683946494","15704.5444792785","17952.715002541","18656.8878628717","14700.8935883346","12895.0382282994","15546.7683946494","19316.8127872192","20015.8770039732","18734.5429783554","9519.56169926705","14604.422190171"
"A0A8D3UE05;Q09PK2","1","1","6.6871","0.585100501007368","0.343939729805285","1.16529467840539","0.0751637388008904","STZ_3_meses","Control_3_meses","28222.7707","Retroviral-like aspartic protease 1 OS=Mus musculus OX=10090 GN=Asprv1 PE=1 SV=1","31.5166185821324","234.202201838122","1797.97644268106","171.538844935465","485.928934392287","1747.34532861463","31.5166185821324","288.072035023416","2004.60350023112","172.25283694267","314.663217212669","1978.97582305008"
"E9Q9C6;E9Q0B5","20","20","122.4316","0.586014582306656","0.343939729805285","1.09141385666109","0.0750354230258408","STZ_3_meses","Control_3_meses","287673.2067","Mucin-2 OS=Mus musculus OX=10090 GN=Fcgbp PE=1 SV=1","93545.5860362187","61005.2922535019","75391.2309162768","91656.3309092302","91222.3140895598","68083.3592185136","93545.5860362187","75037.3760312102","84055.3423248101","92037.8298502048","59070.9974266168","77108.5827392208"
"P16627","12","2","83.2323","0.587953948531885","0.343939729805285","1.34209776539463","0.0747647152160142","Control_3_meses","STZ_3_meses","71036.5741","Heat shock 70 kDa protein 1-like OS=Mus musculus OX=10090 GN=Hspa1l PE=1 SV=4","19578.7594790798","38421.3588479554","64144.7668971667","14240.4124925334","43038.2983554955","33731.7120687295","19578.7594790798","47258.8171453043","71516.4121126247","14299.6850188395","27869.4444092644","38203.2341065792"
"Q06890;E9PUU2;E9PXG5;E9Q8Y5;E9Q9B8;E9Q2G2","17","17","125.0581","0.593503181468925","0.345923411060351","1.07509200848714","0.0740015211431737","Control_3_meses","STZ_3_meses","52283.0131","Clusterin OS=Mus musculus OX=10090 GN=Clu PE=1 SV=1","168033.420774","159919.93848526","164868.808473922","109525.902951826","204438.326216272","144435.762500221","168033.420774","196703.79594514","183815.862488686","109981.779982588","132384.011109025","163582.365369279"
"REVERSE12630","4","3","21.5927","0.6018150041677","0.349497059666305","1.2572793705176","0.0728893744367699","Control_3_meses","STZ_3_meses","18754.2527","Reversed Sequence 12630","17005.8495971247","29874.3386679009","62047.7672768881","6588.29798474699","54033.1896068011","26016.3417534684","17005.8495971247","36745.860916326","69178.4210917159","6615.72029894038","34989.1847852229","29465.1037154415"
"Q792Z1","7","6","43.8866","0.606253987062406","0.34959831190378","1.0351283681499","0.0723103117654709","Control_3_meses","STZ_3_meses","26905.2215","trypsin OS=Mus musculus OX=10090 GN=Try10 PE=1 SV=1","37303.9913691274","39822.2445281161","33102.8198881519","34675.248765669","36822.8607365594","34990.1862271306","37303.9913691274","48981.926431006","36907.0623174348","34819.5767193511","23844.6386009727","39628.5333262725"
"Q8CH09;D3Z0I4;D3YVJ0","6","4","37.4267","0.606351596738863","0.34959831190378","1.12742410567804","0.0722976933016402","Control_3_meses","STZ_3_meses","118958.15","SURP and G-patch domain-containing protein 2 OS=Mus musculus OX=10090 GN=Sugp2 PE=1 SV=2","18048.7350366039","23133.5258968341","30563.8113439169","28392.4681112856","18473.3712612327","16771.3242432146","18048.7350366039","28454.5654569638","34076.2658208462","28510.645398208","11962.4291175278","18994.5539981898"
"Q8K1H9","5","5","28.6418","0.613640772761465","0.352532858253189","1.11965684523898","0.0713691329298","STZ_3_meses","Control_3_meses","20167.2155","Odorant-binding protein 2a OS=Mus musculus OX=10090 GN=Obp2a PE=1 SV=1","6512.37178095728","7547.22774104151","6813.28724527935","6451.81913488384","10393.818697385","6524.83271661227","6512.37178095728","9283.19732728112","7596.28387544439","6478.673386444","6730.51592314537","7389.77349477875"
"Q7M747","1","1","6.9312","0.623671143902178","0.357015619045942","1.16800577904732","0.0701348249536987","Control_3_meses","STZ_3_meses","12705.6421","Secretoglobin family 2B member 24 OS=Mus musculus OX=10090 GN=Scgb2b24 PE=2 SV=1","2663.01046736915","4604.25238087849","2329.12312646148","2150.15509704648","4026.21573113156","2039.67240282066","2663.01046736915","5663.29583031776","2596.79062580585","2159.10463587612","2607.17546431873","2310.05417533855"
"Q91W20","1","1","5.8847","0.635724134032832","0.361582061050933","1.08537227220542","0.0687159706443041","Control_3_meses","STZ_3_meses","36322.9776","Leucine-rich repeat-containing protein 26 OS=Mus musculus OX=10090 GN=Lrrc26 PE=2 SV=1","764.68475141358","1034.22884878128","777.667514448916","570.811779621653","758.052613661567","1045.05023548124","764.68475141358","1272.1161748696","867.038624352468","573.187655758754","490.87686974132","1183.58352869485"
"Q9WV92;A0A3B2WBE1;A0A5F8MPR1;A7YY80;D0VYV6;Q9WV92-2;Q9WV92-3;Q9WV92-4;Q9WV92-5;Q9WV92-6;Q9WV92-7;Q9WV92-8;A0A3B2WD96;A0A5F8MPE1;A0A286YCY8;A0A286YD94;A0A286YDD0","8","5","40.84","0.636160041937596","0.361582061050933","1.06203454804812","0.0686659393248555","STZ_3_meses","Control_3_meses","103794.0457","Band 4.1-like protein 3 OS=Mus musculus OX=10090 GN=Epb41l3 PE=1 SV=1","2711.02003067247","3543.91020970879","4913.51482819056","4130.07368154749","3978.81475612658","3752.38607312683","2711.02003067247","4359.05989797956","5478.18580333619","4147.26418786633","2576.48096922195","4249.80751993391"
"P10078;P10078-2;A0A140LIA3;A0A140LJ19","6","5","31.1472","0.641687262441835","0.362869694948832","1.12281177192737","0.0680391653763714","STZ_3_meses","Control_3_meses","95761.5109","Zinc finger protein 28 OS=Mus musculus OX=10090 GN=Zfp28 PE=2 SV=3","14245.5373913966","12132.0258647462","8761.46371314896","10238.7309062373","11680.7862390994","17534.9959898572","14245.5373913966","14922.564144934","9768.34868889428","10281.3473295537","7563.89158461032","19859.4591194634"
"P28665","8","3","47.1746","0.642953318809463","0.362869694948832","1.10139017842577","0.0678975683268991","STZ_3_meses","Control_3_meses","166723.6185","Murinoglobulin-1 OS=Mus musculus OX=10090 GN=Mug1 PE=1 SV=3","9237.00740668879","10944.9597134507","19306.5505919865","11622.5954654297","18332.1395856499","13537.5305176479","9237.00740668879","13462.4559169701","21525.2980936584","11670.9719149063","11870.9745646788","15332.0841390113"
"P21956;P21956-2","15","11","86.9946","0.649454984806131","0.363155976471819","1.18537346250958","0.0671818226047003","Control_3_meses","STZ_3_meses","52381.5735","Lactadherin OS=Mus musculus OX=10090 GN=Mfge8 PE=1 SV=3","4840.15595441448","4002.87356835221","8687.61353233803","3866.71880260598","4602.20803536381","6320.20385337382","4840.15595441448","4923.59134852919","9686.01149724257","3882.81315324829","2980.15920476243","7158.01874864155"
"A0A0J9YUR3","3","1","24.2636","0.650240684402536","0.363155976471819","1.09903571184337","0.0670966088940134","STZ_3_meses","Control_3_meses","8097.0205","Transducin (beta)-like 1X-linked receptor 1 (Fragment) OS=Mus musculus OX=10090 GN=Tbl1xr1 PE=1 SV=1","31689.9739968341","51609.8855877365","136775.796434306","50581.9530633094","107844.455124868","83444.5970839242","31689.9739968341","63480.8923737664","152494.345181888","50792.4891095886","69834.6626561306","94506.127374471"
"REVERSE4129","3","2","22.5129","0.650873835036766","0.363155976471819","1.03043074021545","0.0670281393528274","Control_3_meses","STZ_3_meses","46020.8252","Reversed Sequence 4129","28433.8505236164","31345.1412686492","30673.4172756244","29646.4269876937","32050.9825251908","26083.7537790587","28433.8505236164","38554.9690074966","34198.4678859742","29769.8235974782","20754.6094961734","29541.4519716456"
"D2XZ31;E9PWZ2;A0A087WQJ0;A0A494BAG6;O88286;O88286-4","27","13","92.4211","0.652523393729415","0.363155976471819","1.08523334309289","0.0668505872493994","Control_3_meses","STZ_3_meses","10331.8229","ABPA7 (Fragment) OS=Mus musculus OX=10090 GN=Scgb1b29 PE=2 SV=1","92962.0809440768","132445.138258396","136359.996614941","135511.506651775","97218.0223218045","100624.784289948","92962.0809440768","162909.401395915","152030.760813646","136075.542935627","62953.5174996108","113963.743770854"
"Q7TPR4;A1BN54","27","7","202.7225","0.655934185197996","0.363192255585333","1.13689320523339","0.0664872574388025","Control_3_meses","STZ_3_meses","103695.9952","Alpha-actinin-1 OS=Mus musculus OX=10090 GN=Actn1 PE=1 SV=1","20513.3092467834","24877.9165994918","38689.9458858279","20711.2925463294","26403.7326869962","26841.9404210185","20513.3092467834","30600.1907997088","43136.2720363745","20797.498661","17097.7336101709","30400.1448752329"
"Q8C6C9;D3YTP1;D3Z001","50","35","249.1019","0.657930003831283","0.363192255585333","1.0848236459927","0.0662770104164596","Control_3_meses","STZ_3_meses","38626.3357","Protein LEG1 homolog OS=Mus musculus OX=10090 GN=Leg1 PE=2 SV=2","157730.950568588","188596.071000257","243977.986528934","153756.980039886","196521.12146464","193870.258718211","157730.950568588","231975.846273284","272016.425891514","154396.959018651","127257.226218976","219569.966239008"
"Q9EPQ2;E7CHD7;E9QQ97;M0QW58;M0QWL3;M0QWM1;Q9EPQ2-3;Q9EPQ2-4;Q9EPQ2-5","3","3","10.122","0.659893019777599","0.363192255585333","1.14167306322771","0.066071901822824","Control_3_meses","STZ_3_meses","153079.9543","X-linked retinitis pigmentosa GTPase regulator-interacting protein 1 OS=Mus musculus OX=10090 GN=Rpgrip1 PE=1 SV=1","45901.2684290853","81801.4674707303","84898.6525536711","48814.4307269508","77949.2833144181","59455.4368707366","45901.2684290853","100616.966950989","94655.3759181727","49017.6098575343","50476.0481032305","67336.9311659502"
"A0A3B2WD20;A8R0U0","25","22","171.7372","0.661652310798532","0.363192255585333","1.04674768806929","0.0658894894448432","Control_3_meses","STZ_3_meses","17466.8196","Exocrine gland secreted peptide 6 OS=Mus musculus OX=10090 GN=Esp6 PE=1 SV=1","55898.5974878416","72275.4817100716","60540.0316464589","59891.3805845184","65033.293327271","55361.4762228751","55898.5974878416","88899.8691519944","67497.4134597835","60140.6650369926","42112.3004948995","62700.2694769526"
"P05784;Q9R0N5","21","14","131.1086","0.666932324835737","0.364841089695674","1.03425423581871","0.065349957649191","STZ_3_meses","Control_3_meses","47538.1754","Keratin_ type I cytoskeletal 18 OS=Mus musculus OX=10090 GN=Krt18 PE=1 SV=5","33021.9082746004","34569.7192348025","39844.8312589036","40460.0752393695","36380.9970276352","34275.5402954785","33021.9082746004","42521.2457098971","44423.8791519501","40628.4812371053","23558.5098146853","38819.1529492969"
"REVERSE6695","4","4","27.959","0.672121472519708","0.366429168460752","1.05460672600752","0.064831154581483","STZ_3_meses","Control_3_meses","50066.409","Reversed Sequence 6695","16241.6617277514","18507.7056105452","25712.0817644372","20574.2529769095","23844.0671930431","19344.7307179516","16241.6617277514","22764.7407966265","28666.9657508758","20659.8886950773","15440.2225580191","21909.0947663978"
"P19001","21","11","186.1946","0.676589631370747","0.367614742213329","1.13641051674569","0.0643933888117985","Control_3_meses","STZ_3_meses","44541.8626","Keratin_ type I cytoskeletal 19 OS=Mus musculus OX=10090 GN=Krt19 PE=1 SV=1","21339.854430915","35583.9224150251","42623.2117385585","17748.6412152235","40321.0044386363","29528.0904790025","21339.854430915","43768.7300279817","47521.5566866929","17822.5159575373","26109.8610927026","33442.3746707878"
"P11591;A2CEK9","12","7","109.379","0.690465344381151","0.373886489167918","1.03852439603165","0.063085532547295","Control_3_meses","STZ_3_meses","21160.9518","Major urinary protein 5 OS=Mus musculus OX=10090 GN=Mup5 PE=2 SV=2","26238.4128328542","30591.7486787672","23386.4355126623","15069.4031555512","43500.4006105625","18671.1328270014","26238.4128328542","37628.2854202565","26074.0515691663","15132.1261697493","28168.6786634305","21146.2038147249"
"P70704;A0A140LHU4;A0A140LIB1","7","6","44.539","0.694625067987005","0.374872515319065","1.1215061961076","0.062708342942479","Control_3_meses","STZ_3_meses","132725.2113","Phospholipid-transporting ATPase IA OS=Mus musculus OX=10090 GN=Atp8a1 PE=1 SV=2","4333.24444284692","5810.44899583018","8293.69920977675","6752.92923433205","4569.26411733317","5117.65576592705","4333.24444284692","7146.93480032052","9246.827750975","6781.03678921471","2958.82637499777","5796.05923660904"
"P28666","8","2","52.2975","0.697754621612048","0.375297831406515","1.06666682214767","0.0624290020735939","STZ_3_meses","Control_3_meses","163807.927","Murinoglobulin-2 OS=Mus musculus OX=10090 GN=Mug2 PE=1 SV=2","8637.64305452715","12024.8417873824","23352.9636659118","12017.3033697243","19163.7277386384","15768.7874768794","8637.64305452715","14790.7262072633","26036.7330706797","12067.3227024146","12409.4693631879","17859.1195824472"
"Q80WJ6;D6RCU5;D6RGU5;Q80WJ6-2;Q80WJ6-3;Q80WJ6-4","3","2","19.9351","0.705571792906941","0.377314052261","1.01414160746505","0.0617476606486878","Control_3_meses","STZ_3_meses","154429.2033","ATP-binding cassette sub-family C member 12 OS=Mus musculus OX=10090 GN=Abcc12 PE=1 SV=1","37013.4268602511","22576.3940908819","10427.4022602668","2524.3301112637","32309.5429517413","34207.0012054466","37013.4268602511","27769.285421775","11625.7402338817","2534.8370697527","20922.0402661974","38741.5282234423"
"O70456","16","7","105.3673","0.707577605807642","0.377314052261","1.04710989353909","0.0615765692966077","STZ_3_meses","Control_3_meses","27820.1408","14-3-3 protein sigma OS=Mus musculus OX=10090 GN=Sfn PE=1 SV=2","52695.1770177723","65983.0832690348","94395.6501364724","67608.1134799571","82108.7390899293","73394.9470893922","52695.1770177723","81160.1296881419","105243.787503689","67889.5171041043","53169.5031406693","83124.2819867237"
"Q7SIG6;D3YX85;E9PX52","5","3","28.9227","0.710508854207303","0.377314052261","1.09235885498026","0.0613292520270621","Control_3_meses","STZ_3_meses","108059.5925","Arf-GAP with SH3 domain_ ANK repeat and PH domain-containing protein 2 OS=Mus musculus OX=10090 GN=Asap2 PE=1 SV=3","4772.80554450983","6639.90143359759","8137.48810166684","4363.51623744181","6605.97893756194","6927.73245366551","4772.80554450983","8167.17308086387","9072.66454913395","4381.67839609464","4277.70078752767","7846.08217382719"
"REVERSE7807","4","4","19.0612","0.711823828597039","0.377314052261","1.02310286683707","0.0612193445749099","STZ_3_meses","Control_3_meses","62646.7246","Reversed Sequence 7807","20443.1118285627","31474.0732617754","74623.5769721087","39123.5424756211","53520.5001523653","36820.1738098503","20443.1118285627","38713.5571904768","83199.4680503113","39286.3854551902","34657.1927967945","41701.1065740319"
"Q9Z0S1;A0A1B0GRV0;D3Z0E6","7","5","34.6851","0.713273371879443","0.377314052261","1.04602226580507","0.0610989326302024","STZ_3_meses","Control_3_meses","33538.2313","3'(2')_5'-bisphosphate nucleotidase 1 OS=Mus musculus OX=10090 GN=Bpnt1 PE=1 SV=2","5596.03356551885","6550.76198334479","7609.46132500738","7523.10749407697","7286.42609677771","5855.95098817879","5596.03356551885","8057.53029085739","8483.95587666161","7554.42074340037","4718.32425550417","6632.22388659724"
"G3UZJ4;P99029;P99029-2;A0A494BAZ4;H3BJQ7","5","4","30.2826","0.725558137292359","0.382550021607299","1.05450523968576","0.0601093274732099","STZ_3_meses","Control_3_meses","17538.3371","thioredoxin-dependent peroxiredoxin OS=Mus musculus OX=10090 GN=Prdx5 PE=1 SV=1","1081.24977663746","1462.86362797789","2094.06334451659","1673.93997131823","1347.95205182912","1869.08966140096","1081.24977663746","1799.34304189251","2334.71730244926","1680.90737138736","872.866172925928","2116.85875164585"
"Q80XI7;Q80XI7-2","17","2","123.6215","0.730315919137191","0.383796071687182","1.05583004275397","0.0597406683981259","STZ_3_meses","Control_3_meses","62790.549","Vomeromodulin OS=Mus musculus OX=10090 GN=Bpifb9a PE=1 SV=1","17943.5515712529","6948.63412548821","16024.6785441403","11426.0761809457","17387.0439099279","14388.1344299347","17943.5515712529","8546.91867733209","17866.2667302591","11473.6346629325","11258.9779848324","16295.4452730934"
"P48756","1","1","5.3779","0.736518085828809","0.385790551094621","1.36287260482389","0.0592720994270542","Control_3_meses","STZ_3_meses","16502.8957","Gastric inhibitory polypeptide OS=Mus musculus OX=10090 GN=Gip PE=2 SV=2","1372.74640238068","2536.69929280066","6440.41838717816","4020.52562456335","2018.56681038","1555.06130013517","1372.74640238068","3120.17616309446","7180.56418060665","4037.26016164024","1307.12267115199","1761.20235990686"
"P07744","6","1","51.7206","0.743045178589243","0.385997073442352","1.12696493324884","0.0587934535935338","Control_3_meses","STZ_3_meses","56625.623","Keratin_ type II cytoskeletal 4 OS=Mus musculus OX=10090 GN=Krt4 PE=1 SV=2","394.60761787374","559.592323926972","864.661586293066","566.645320554749","351.535889561495","695.765661194405","394.60761787374","688.306507248583","964.030229347081","569.003854739517","227.637018802915","787.997311958849"
"Q497I4","9","4","62.384","0.744068856213483","0.385997073442352","1.083694480641","0.0587197166237967","Control_3_meses","STZ_3_meses","51841.451","Keratin_ type I cuticular Ha5 OS=Mus musculus OX=10090 GN=Krt35 PE=1 SV=1","5219.14514206695","5399.72999131633","3229.02462476558","5549.99168379419","3079.90607625008","4148.5190405635","5219.14514206695","6641.74459064489","3600.11060850466","5573.09228065184","1994.39277242816","4698.45241710017"
"E9Q704;F8VQA4;P97467;F6T0D3;F6TGI4;F7D4K4","15","13","88.2678","0.745530305601045","0.385997073442352","1.16105265890816","0.0586150675339678","Control_3_meses","STZ_3_meses","98032.1423","Peptidylglycine alpha-amidating monooxygenase OS=Mus musculus OX=10090 GN=Pam PE=1 SV=1","11764.4355220503","27262.1442766833","23385.0711602489","15946.937892066","20014.0492475456","17793.3800547873","11764.4355220503","33532.8247097966","26072.5304226382","16013.3134479852","12960.0949438451","20152.0949305903"
"P11881;P11881-2;P11881-3;P11881-4;P11881-5;P11881-6;P11881-7;P11881-8","4","2","19.9925","0.746545201817796","0.385997073442352","1.32363291650325","0.0585428231946792","Control_3_meses","STZ_3_meses","316589.3652","Inositol 1_4_5-trisphosphate-gated calcium channel ITPR1 OS=Mus musculus OX=10090 GN=Itpr1 PE=1 SV=2","1847.20931535292","4262.9771894632","7181.46994241962","3410.7382699179","3334.56854193792","3296.49275471086","1847.20931535292","5243.52249717908","8006.77886630832","3424.93470375948","2159.299418411","3733.4803576605"
"Q497J0;D6REU3;L7N257;A0A384DV91;P35175","5","5","39.9897","0.749305459316233","0.386178512200927","1.05154230810982","0.0583481073744393","Control_3_meses","STZ_3_meses","11016.4195","Cystatin domain containing 5 OS=Mus musculus OX=10090 GN=Cstdc5 PE=1 SV=1","10206.4297988316","13097.5512314492","14747.3477755359","11547.4698964444","13518.268764519","11120.4694567252","10206.4297988316","16110.1740609378","16442.1425488103","11595.5336525727","8753.75315098052","12594.6141472071"
"A0AAA9WUV6;A0AAA9WW37;E0CYZ3;E9Q6P9;F6USE5;O88427;O88427-2","3","2","17.6919","0.759869363455647","0.390103667064413","1.0659558874721","0.057626553568871","Control_3_meses","STZ_3_meses","267188.8502","Calcium channel_ voltage-dependent_ T type_ alpha 1H subunit OS=Mus musculus OX=10090 GN=Cacna1h PE=1 SV=1","206.017597889998","282.815510532062","477.05724942995","491.362804416134","119.603935090775","295.159273026885","206.017597889998","347.867095252459","531.881624984976","493.407991995208","77.4495123531296","334.285991271315"
"P01756;P01757;P06330;A0A075B5V1;A0A075B5V6","2","2","11.5697","0.761789132950371","0.390103667064413","1.22177280452239","0.0574994082585684","Control_3_meses","STZ_3_meses","13097.4831","Ig heavy chain V region MOPC 104E OS=Mus musculus OX=10090 PE=1 SV=1","378.071505059588","1392.96858287127","1422.03918513999","309.024404584837","1098.0031753079","1206.45281617736","378.071505059588","1713.37114357605","1585.46277933804","310.310649429191","711.011810984665","1366.38185696162"
"E9Q557;E9PZW0","63","42","359.8622","0.770348154404633","0.39323031901386","1.0663887946713","0.0569472144624215","STZ_3_meses","Control_3_meses","335364.922","Desmoplakin OS=Mus musculus OX=10090 GN=Dsp PE=1 SV=1","142729.892735301","167992.394488018","192056.920302808","144943.471570104","230262.619734796","160952.021794679","142729.892735301","206633.031495021","214128.486638304","145546.766294611","149106.528962269","182288.04265911"
"P01878;A0A075B6A3;A0A0A6YXW6","6","5","37.3453","0.773163424978936","0.393414483815536","1.22903293944105","0.056770772505495","Control_3_meses","STZ_3_meses","37617.2704","Ig alpha chain C region OS=Mus musculus OX=10090 PE=1 SV=1","23929.7213345726","9722.99098867085","7761.87762971737","11407.0730435249","15069.7646471337","7220.05408817013","23929.7213345726","11959.4170278413","8653.88816868783","11454.5524292101","9758.42410461756","8177.15436531997"
"P17156","25","10","159.0606","0.78277071945217","0.397042582124344","1.04239395122678","0.0561877070308204","Control_3_meses","STZ_3_meses","69926.8927","Heat shock-related 70 kDa protein 2 OS=Mus musculus OX=10090 GN=Hspa2 PE=1 SV=2","31516.6646320101","44329.4213373371","40519.8600127612","39615.7030442661","39100.1251133622","32917.5383303093","31516.6646320101","54525.8179292597","45176.4835635638","39780.5945319291","25319.2808470549","37281.1323802002"
"D3YY49","22","11","90.815","0.792333557193502","0.398830229044573","1.07106068888352","0.0556361752822242","Control_3_meses","STZ_3_meses","45144.026","Lipase OS=Mus musculus OX=10090 GN=Lipo2 PE=3 SV=1","3611.44505442922","5288.67520569876","6444.4156859033","3330.15365638192","5385.29519596228","5611.03713046834","3611.44505442922","6505.14562683986","7185.02085691546","3344.01467482537","3487.24719206249","6354.84391184252"
"Q61646","34","33","185.1709","0.793548228297865","0.398830229044573","1.02680549237231","0.0555681513750343","Control_3_meses","STZ_3_meses","39265.6041","Haptoglobin OS=Mus musculus OX=10090 GN=Hp PE=1 SV=1","40485.0225185155","37784.917438285","47350.4894217821","38459.4502103623","37424.1780245954","46457.3899147915","40485.0225185155","46475.9851709762","52792.1025989762","38619.5290546731","24234.0215313298","52615.8452698502"
"A0A0A0MQA3;A0A0R4J0X5;P07758;Q00896;P22599;Q00897","4","3","33.8221","0.794706886456424","0.398830229044573","1.03473544643017","0.0555036877808165","STZ_3_meses","Control_3_meses","49024.2217","Serine (or cysteine) peptidase inhibitor_ clade A_ member 1A OS=Mus musculus OX=10090 GN=Serpina1a PE=1 SV=1","474.006622311812","472.119679553149","623.879378014164","469.314365195059","225.546023417397","929.680139455166","474.006622311812","580.713912149654","695.576846949298","471.267781086029","146.052297640601","1052.91981443089"
"A0A494BBD8;P10107","3","2","16.1675","0.79723369353221","0.398830229044573","1.42069644250887","0.0553645349655594","Control_3_meses","STZ_3_meses","34115.8849","Annexin OS=Mus musculus OX=10090 GN=Anxa1 PE=1 SV=1","2042.32028378629","414.45478846904","664.039927702071","752.105865169892","574.135486532306","870.438323546525","2042.32028378629","509.785277006058","740.352727525095","755.236337317499","371.781358387627","985.824822114899"
"E9Q3M9","6","1","38.8594","0.804829241407719","0.398830229044573","1.10619951131734","0.0549579644704266","Control_3_meses","STZ_3_meses","126480.7566","Capping protein inhibiting regulator of actin like OS=Mus musculus OX=10090 GN=Cracdl PE=1 SV=1","2477.51612497836","2531.07439294686","5640.74811137334","5085.61858427738","2110.60826661661","2430.73331347692","2477.51612497836","3113.2574563745","6288.99419345","5106.78633215531","1366.72410396761","2752.95465691782"
"A8DUK4;E9Q223;P02089","9","3","62.2591","0.804966653154842","0.398830229044573","1.03178706754651","0.0549507701390819","STZ_3_meses","Control_3_meses","15805.1198","Beta-globin OS=Mus musculus OX=10090 GN=Hbb-bs PE=1 SV=1","4324.05052944242","3640.52600764054","4096.20867221886","4299.64698748114","4660.01290274214","3484.50231319055","4324.05052944242","4477.89870183012","4566.95318530576","4317.54330469149","3017.59073898989","3946.41272119542"
"P07356;B0V2N7;B0V2N8;B0V2N5","15","13","90.0874","0.806188673552693","0.398830229044573","1.01746166241125","0.0548870403169694","STZ_3_meses","Control_3_meses","38961.4131","Annexin A2 OS=Mus musculus OX=10090 GN=Anxa2 PE=1 SV=2","11036.7450053477","4910.64308890489","7585.77471402109","9175.47600428082","7744.68283515137","7023.93211326849","11036.7450053477","6040.16075336591","8457.54715285156","9213.66686729974","5015.068345844","7955.03419231049"
"Q99N75;D3Z4E7;D3Z617","29","28","116.1191","0.806201275398863","0.398830229044573","1.03511830304656","0.0548863854551851","STZ_3_meses","Control_3_meses","16316.897","Prolactin-induced protein OS=Mus musculus OX=10090 GN=Sval2 PE=1 SV=1","251822.533503039","267849.852392007","254396.098147344","255376.211327077","317019.870096966","228856.374219739","251822.533503039","329459.123158113","283631.807784351","256439.157587361","205286.174962619","259193.889218707"
"A8R0V1","19","17","108.1399","0.809621244988267","0.399289722740455","1.0144823028157","0.0547104279956778","Control_3_meses","STZ_3_meses","10817.7247","Exocrine gland secreted peptide 18 OS=Mus musculus OX=10090 GN=Esp18 PE=2 SV=1","104978.02363875","99231.7657092723","108195.933114637","100384.8644547","115376.748358877","92184.3430651761","104978.02363875","122056.481375846","120630.026669847","100802.69396085","74712.1981438382","104404.426075512"
"B1AQ77;Q61414","17","4","160.3329","0.816147171332518","0.401273497191707","1.00095030067713","0.0543843563517409","Control_3_meses","STZ_3_meses","49665.1683","Keratin 15 OS=Mus musculus OX=10090 GN=Krt15 PE=1 SV=1","8467.5063237252","9581.73982600563","20499.5185501376","13871.3415366413","14017.1886287779","10623.6363964878","8467.5063237252","11785.6760913384","22855.3643213378","13929.0778877873","9076.82864311051","12031.9202147597"
"Q921I1;E9Q2Q7;D3YYR8;F7BAE9;F7CJN9","6","5","36.7677","0.820963786766596","0.402407294957208","1.09799557854225","0.0541517762810043","STZ_3_meses","Control_3_meses","78890.94","Serotransferrin OS=Mus musculus OX=10090 GN=Tf PE=1 SV=1","477.298942893345","371.929442783647","527.856434109646","515.679705359837","144.3534656925","851.99987235105","477.298942893345","457.478497754971","588.518753815183","517.826106590666","93.4760676217137","964.942144528056"
"F6W1B2;F6WC15;P18872","1","1","5.6032","0.828252388848925","0.403259469977593","1.11060148926834","0.0538127526011758","Control_3_meses","STZ_3_meses","8934.4001","Guanine nucleotide binding protein_ alpha O (Fragment) OS=Mus musculus OX=10090 GN=Gnao1 PE=1 SV=1","688.376420073662","645.44666496999","1465.94898838886","1209.06746430383","725.186844112279","586.696816255065","688.376420073662","793.908566263174","1634.41878521089","1214.09993672143","469.594645015429","664.470151272139"
"Q9R0H5","17","5","117.2799","0.829525104913641","0.403259469977593","1.01189176930573","0.0537551373362904","STZ_3_meses","Control_3_meses","57895.84","Keratin_ type II cytoskeletal 71 OS=Mus musculus OX=10090 GN=Krt71 PE=1 SV=1","10058.9480721722","6415.90947547634","12441.4175564896","10634.1309529578","9128.16592777516","9497.84389612454","10058.9480721722","7891.65979064524","13871.2102058392","10678.3931403757","5910.94263953834","10756.891115757"
"Q924W7;Q924W7-2","4","3","20.3652","0.83025006369662","0.403259469977593","1.09226646771872","0.053722528297521","Control_3_meses","STZ_3_meses","128058.9696","DENN domain-containing protein 2B OS=Mus musculus OX=10090 GN=Dennd2b PE=1 SV=1","1975.78616585456","2787.32232862052","4946.22194713508","4600.93360943733","2208.31690170581","2079.908616747","1975.78616585456","3428.44605716778","5514.65168996422","4620.08396470557","1429.99531769988","2355.62415699435"
"P08113","19","9","107.6025","0.836672615374626","0.405151226596309","1.02142112460867","0.0534402501872739","STZ_3_meses","Control_3_meses","92761.0585","Endoplasmin OS=Mus musculus OX=10090 GN=Hsp90b1 PE=1 SV=2","31870.4993861751","51747.308811025","53802.1417896661","41619.8637333668","54442.6735084375","44301.1026174482","31870.4993861751","63649.9248904613","59985.1917918745","41793.0970908477","35254.3460315826","50173.7175695544"
"O88852","4","2","17.9239","0.842765071242201","0.40687222261233","1.01622844858128","0.0531833879567791","Control_3_meses","STZ_3_meses","43221.8347","Testis-specific Y-encoded-like protein 1 OS=Mus musculus OX=10090 GN=Tspyl1 PE=2 SV=1","14819.6626936223","16620.0651986606","12007.2575220624","12351.8031155199","19895.3732125521","10505.9915004806","14819.6626936223","20442.9162767192","13387.1556298095","12403.2147284544","12883.2462930772","11898.6801499076"
"P81117;Q3UKN6","14","12","84.3814","0.848211578664185","0.408230939176092","1.01794101955154","0.0529626701990161","STZ_3_meses","Control_3_meses","50418.6216","Nucleobindin-2 OS=Mus musculus OX=10090 GN=Nucb2 PE=1 SV=2","16794.4314140057","17426.8119144495","18152.9902205901","18759.0254454674","19022.5498061735","15532.3054455046","16794.4314140057","21435.226196702","20239.1682516116","18837.1056857538","12318.0496116878","17591.2891684972"
"Q9D312","3","1","26.6066","0.850673268286505","0.408230939176092","1.07289912528469","0.0528656527664212","STZ_3_meses","Control_3_meses","49091.2627","Keratin_ type I cytoskeletal 20 OS=Mus musculus OX=10090 GN=Krt20 PE=1 SV=1","3810.19625195833","3901.47759179735","4833.26625133662","6262.13008731331","3684.00381036501","3513.321357095","3810.19625195833","4798.87285707139","5388.71489914009","6288.19480071452","2385.57618027609","3979.0520571048"
"A0A571BE72","2","1","20.0534","0.865402045357604","0.410851278872956","1.45255084322909","0.0523204671217746","STZ_3_meses","Control_3_meses","11312.0878","Myosin VIIA (Fragment) OS=Mus musculus OX=10090 GN=Myo7a PE=1 SV=1","331.23553367278","228.364804598397","1147.89961393942","1882.42448156432","171.79188322938","426.01413060342","331.23553367278","280.891953500314","1279.81853899356","1890.2596516945","111.243811269614","482.487148324762"
"P35917","6","4","28.9678","0.866189414893296","0.410851278872956","1.22342021261035","0.0522930118864063","Control_3_meses","STZ_3_meses","155126.7075","Vascular endothelial growth factor receptor 3 OS=Mus musculus OX=10090 GN=Flt4 PE=1 SV=1","1355.36725015993","613.111957453478","2669.31531582661","1582.66841168078","723.58567133471","1484.58938649413","1355.36725015993","754.136416714356","2976.07838362304","1589.25591433314","468.557805795033","1681.38859269334"
"Q149S1;A0A3Q4EH78;A0AAA9WUT0;A0AAA9WW41","4","4","20.3866","0.868433097347956","0.410851278872956","1.01578963680387","0.0522157098163982","Control_3_meses","STZ_3_meses","52672.8114","Tektin-4 OS=Mus musculus OX=10090 GN=Tekt4 PE=1 SV=2","2337.68420994587","2461.31942127433","2965.77945583078","3148.34124167449","2143.79313918943","2351.95136850689","2337.68420994587","3027.45785037167","3306.61277697649","3161.44550667845","1388.2129638142","2663.72926921946"
"Q8C3Y4;A0A0G2JFE7","14","10","84.3774","0.8716178168696","0.410851278872956","1.12097230578214","0.0521083507944788","Control_3_meses","STZ_3_meses","253267.0464","Kinetochore-associated protein 1 OS=Mus musculus OX=10090 GN=Kntc1 PE=1 SV=2","21827.5360814066","44317.3912879655","61535.7679043206","25577.7448845923","48329.9524535927","39994.0419064844","21827.5360814066","54511.0207976498","68607.5817247471","25684.2065167479","31296.0543207863","45295.7069806777"
"Q91XL1","4","4","21.0671","0.872455583370686","0.410851278872956","1.02345206548279","0.0520805692172664","STZ_3_meses","Control_3_meses","37830.1868","Leucine-rich HEV glycoprotein OS=Mus musculus OX=10090 GN=Lrg1 PE=1 SV=1","85491.1797316949","87716.124156164","119030.170570916","118679.85363458","95959.0064956026","84452.1867161239","85491.1797316949","107892.078689756","132709.356416129","119173.831934033","62138.24196783","95647.2844709106"
"REVERSE8141","4","2","20.8491","0.873237486070116","0.410851278872956","1.10167382406993","0.0520548127402785","STZ_3_meses","Control_3_meses","53223.605","Reversed Sequence 8141","2038.74435705014","693.021407156374","2792.95835220265","3699.48810262585","1169.3150001065","1217.64084152352","2038.74435705014","852.42617493544","3113.93072563093","3714.88639294905","757.189773703635","1379.05298229967"
"Q9JJV0;E9QAS6","4","2","25.2351","0.874076461214492","0.410851278872956","1.94621316940742","0.0520273613788089","STZ_3_meses","Control_3_meses","22696.9692","Beta-crystallin A4 OS=Mus musculus OX=10090 GN=Cryba4 PE=2 SV=3","15.8342924825636","65.1611318928929","68.2096119572351","16.5210318964118","28.1096660483998","245.754108707785","15.8342924825636","80.149117819948","76.0483973165908","16.5897969899931","18.2024105327769","278.331610577241"
"Q5S006","5","2","30.8789","0.881383896314124","0.413074706061685","1.01988002033201","0.0517963372762209","STZ_3_meses","Control_3_meses","288724.2476","Leucine-rich repeat serine/threonine-protein kinase 2 OS=Mus musculus OX=10090 GN=Lrrk2 PE=1 SV=2","2944.2289642906","6231.3630070611","12189.5824623648","4412.49047893185","5399.75577414394","11977.66828278","2944.2289642906","7664.66501307475","13590.4337177942","4430.85648189175","3496.61113755194","13565.4444258757"
"P32067;F6SXM5","8","6","45.0435","0.885848984324478","0.413956940794724","1.00879246042801","0.0516622711312322","STZ_3_meses","Control_3_meses","47927.611","Lupus La protein homolog OS=Mus musculus OX=10090 GN=Ssb PE=1 SV=1","46970.3995970114","50997.7537971951","85245.8078197741","53382.6852327586","75514.2327484362","55927.9447366185","46970.3995970114","62727.9615762768","95042.4269634668","53604.8786991635","48899.231431209","63341.8298341753"
"P08071;A0A0G2JDN0;A0A0G2JFM6;A0A0G2JGN1","25","15","144.8557","0.903694684303944","0.420615831619075","1.07142257556646","0.0511796435663138","Control_3_meses","STZ_3_meses","79719.739","Lactotransferrin OS=Mus musculus OX=10090 GN=Ltf PE=1 SV=4","14517.7951148335","16314.9210438718","7048.46435589244","8524.66925492643","16061.0124896702","10770.2845925604","14517.7951148335","20067.5846318602","7858.48801111497","8560.15128067034","10400.3065139821","12198.0082969315"
"P02815;A0A2I3BRY2","15","12","65.6697","0.905347096126224","0.420615831619075","1.02035617336011","0.0511392257714206","STZ_3_meses","Control_3_meses","14859.5094","Mucin-like protein 2 OS=Mus musculus OX=10090 GN=Mucl2 PE=2 SV=2","35790.8751613088","55490.3770265672","57153.3920430395","59814.6186471287","53040.2167767077","38601.3701576901","35790.8751613088","68253.9519645876","63721.5744432763","60063.5835952377","34346.185360394","43718.4207538654"
"Q6IFZ8","12","3","97.6999","0.912207403455625","0.422578202177233","1.02336889814687","0.0509791023762143","STZ_3_meses","Control_3_meses","60684.3589","Predicted gene 5414 OS=Mus musculus OX=10090 GN=Gm5414 PE=1 SV=1","2521.44636823664","2969.74327491648","3559.80690686791","3862.89557665419","2699.68390114958","2699.92888872238","2521.44636823664","3652.82641233923","3968.90705365052","3878.9740139751","1748.17995321758","3057.8351670029"
"Q9Z2K1","28","13","195.0758","0.918321450077953","0.424184554770008","1.00602387733862","0.0508467846979933","Control_3_meses","STZ_3_meses","52005.6665","Keratin_ type I cytoskeletal 16 OS=Mus musculus OX=10090 GN=Krt16 PE=1 SV=3","58139.6211743966","55584.4791367454","50357.0752361911","61133.6766911426","52950.4409889724","49014.5713702881","58139.6211743966","68369.6988967953","56144.2112830713","61388.1319228128","34288.0510609168","55512.0102080036"
"Q9JI02;J3QK77;D3YYY1;A0A087WR49;J3QM75;S4R2L0;A0A087WQA9","22","14","71.3588","0.925354774624795","0.425683186943637","1.00246863795562","0.0507066171959851","Control_3_meses","STZ_3_meses","12760.6937","Secretoglobin family 2B member 20 OS=Mus musculus OX=10090 GN=Scgb2b20 PE=2 SV=1","183883.147587335","200274.267571894","208550.996819788","210449.318328735","220228.098902174","160571.415438565","183883.147587335","246340.193941203","232518.095497537","211325.266463193","142608.676323943","181856.982602168"
"J3QMV8","1","1","5.6006","0.926877472844321","0.425683186943637","9.31301421528587","0.0506779621138426","Control_3_meses","STZ_3_meses","3483.0214","Heterogeneous nuclear ribonucleoprotein F (Fragment) OS=Mus musculus OX=10090 GN=Hnrnpf PE=1 SV=1","0","155.804890738887","3170.35705037592","89.3036164473089","24.7338320249403","243.114582462636","0","191.642228764249","3534.70083884371","89.6753227414829","16.016389657263","275.342185111127"
"P45376","3","2","15.3355","0.936599735286699","0.428600567653055","1.06058481680981","0.050509132081711","STZ_3_meses","Control_3_meses","36074.4534","Aldo-keto reductase family 1 member B1 OS=Mus musculus OX=10090 GN=Akr1b1 PE=1 SV=3","414.459832961009","465.705593307904","1045.45911222195","867.906344065664","298.371098690875","876.010705643273","414.459832961009","572.824494958092","1165.60536943609","871.518809760523","193.21016550448","992.135886828709"
"Q99M73","7","1","57.7342","0.940916145680212","0.428600567653055","1.4930718511276","0.0504419822132487","Control_3_meses","STZ_3_meses","65838.4797","Keratin_ type II cuticular Hb4 OS=Mus musculus OX=10090 GN=Krt84 PE=2 SV=2","0","6.88336842021639","10.287128987868","1.78390521785139","5.56343268210572","4.15277670947505","0","8.46664093277063","11.4693464757854","1.79133032362049","3.60260009766004","4.70327448844491"
"A0A571BEG7;Q63ZW7;A2ADS6;A2ADS8","5","5","19.4663","0.941251774831402","0.428600567653055","1.34756360606878","0.0504369614271567","STZ_3_meses","Control_3_meses","201927.1796","InaD-like protein OS=Mus musculus OX=10090 GN=Patj PE=1 SV=1","4313.88499982391","6851.18965442721","6837.80436544872","2572.3618148855","17883.4820315524","3804.18072496879","4313.88499982391","8427.06059376153","7623.61855221792","2583.06869457888","11580.4464248477","4308.46814189568"
"P14069","3","2","21.4435","0.962138083167587","0.436704249342327","1.01861857681107","0.0501812027013893","Control_3_meses","STZ_3_meses","10107.6646","Protein S100-A6 OS=Mus musculus OX=10090 GN=S100a6 PE=1 SV=3","3662.46244734355","3019.88526122631","4647.87759866122","4090.73796837756","3265.82439217216","3766.56612460117","3662.46244734355","3714.50176775016","5182.02101081412","4107.76474860387","2114.78415332004","4265.86729848927"
"A8R0U8","10","7","49.6451","0.964497447414448","0.436704249342327","1.01220469393459","0.0501593008604175","STZ_3_meses","Control_3_meses","9992.8493","Exocrine gland secreted peptide 15 OS=Mus musculus OX=10090 GN=Esp15 PE=4 SV=1","49083.9213861975","50421.3823914723","50936.3013745154","47967.1449769823","59804.9209122617","44505.6330088517","49083.9213861975","62019.0165600782","56790.0032505005","48166.7974704737","38726.6686288936","50405.3607902951"
"Q66VB7","15","15","85.6238","0.983226482445632","0.443930323789358","1.1085972171839","0.0500355281447161","STZ_3_meses","Control_3_meses","10573.4122","Lacrein OS=Mus musculus OX=10090 GN=Gm1553 PE=1 SV=1","111171.661777103","133409.546328809","157353.206051066","79113.2720722259","241519.997058833","124950.103893806","111171.661777103","164095.637021612","175436.551967388","79442.5633411779","156396.242159918","141513.661120145"
"Q921L8","1","1","4.9434","0.988158650549409","0.444903964975649","1.53084552330723","0.05001770213486","Control_3_meses","STZ_3_meses","70056.9367","Polypeptide N-acetylgalactosaminyltransferase 11 OS=Mus musculus OX=10090 GN=Galnt11 PE=1 SV=1","47.6905460252798","517.986732119852","715.570082272479","342.762578855229","139.162157738662","355.029313250153","47.6905460252798","637.131038332562","797.804830771374","344.189251290638","90.1144368426382","402.092486179119"
"REVERSE29220","1","1","12.5544","0.992440881018331","0.445123710782499","1.01831742902348","0.0500072116492227","Control_3_meses","STZ_3_meses","35260.256","Reversed Sequence 29220","650.637274237856","531.450776708425","866.771582422747","675.122818401019","698.959291484599","637.922766956949","650.637274237856","653.692004428675","966.382710462309","677.932865865202","452.610996779373","722.486684290348"
"Q9Z315","6","4","41.3431","0.99684092416329","0.445123710782499","1.01817262915388","0.0500012558248327","STZ_3_meses","Control_3_meses","91056.6243","U4/U6.U5 tri-snRNP-associated protein 1 OS=Mus musculus OX=10090 GN=Sart1 PE=1 SV=1","10219.3857149668","11748.7523359096","15725.0334040285","17281.1453280298","11856.4256562566","9240.58449710199","10219.3857149668","14451.1322601951","17532.185769888","17353.0742234598","7677.62686596619","10465.5290577935"
"A0A0R4J135;P17563;Q63836;D6RHN2;G3UWK0;G3UZT2","2","2","11.1236","0.998617622946454","0.445123710782499","1.04815017535932","0.0500002369891641","STZ_3_meses","Control_3_meses","53198.4065","Methanethiol oxidase OS=Mus musculus OX=10090 GN=Selenbp2 PE=1 SV=1","2086.44231814234","2238.02535531391","1851.46826160787","3122.34933625501","1488.73533177563","1862.22366531474","2086.44231814234","2752.80297742419","2064.24270623457","3135.34541577638","964.030367239897","2109.08258969705"
"A3RLD5;Q61597","2","2","11.8957","0.999755109399135","0.445123710782499","1.42150459515749","0.0500000032731062","STZ_3_meses","Control_3_meses","21558.0432","Gamma-crystallin C OS=Mus musculus OX=10090 GN=Crygc PE=1 SV=1","125.151864500063","124.107234268818","133.322465947411","219.358134395376","32.2786150041213","292.204702867254","125.151864500063","152.653661051648","148.644151031868","220.27116348061","20.9020128778056","330.939759237118"
"A0A0B4J1I0;A0A0G2JDE5;A0A140T8M0;A0A140T8M9;A0A140T8N1;F6XWB2;P01631","1","0","6.874",,,,,"---","---","13193.0706","Immunoglobulin kappa variable 1-110 (Fragment) OS=Mus musculus OX=10090 GN=Igkv1-110 PE=1 SV=5",,,,,,,"0","0","0","0","0","0"
"A0A1N9M8B2;Q8K1K9","1","0","5.6529",,,,,"---","---","49630.958","Histone H4 transcription factor (Fragment) OS=Mus musculus OX=10090 GN=Hinfp PE=1 SV=1",,,,,,,"0","0","0","0","0","0"
"A0A9L6KDW7","3","0","13.6442",,,,,"---","---","55178.6398","Zinc finger protein 33B OS=Mus musculus OX=10090 GN=Zfp33b PE=4 SV=1",,,,,,,"0","0","0","0","0","0"
"A0A140LHZ2;A0A140LIW0;A0A286YDU8","1","0","5.9726",,,,,"---","---","13550.9817","Coiled-coil and C2 domain containing 2B (Fragment) OS=Mus musculus OX=10090 GN=Cc2d2b PE=4 SV=1",,,,,,,"0","0","0","0","0","0"
"A0A338P675;P47941","1","0","5.8145",,,,,"---","---","16872.7876","V-crk avian sarcoma virus CT10 oncogene homolog-like (Fragment) OS=Mus musculus OX=10090 GN=Crkl PE=1 SV=1",,,,,,,"0","0","0","0","0","0"
"A2ALV1;A2ALV3;Q62420;Q8BXU5","1","0","5.4154",,,,,"---","---","20289.2667","SH3-domain GRB2-like 2 OS=Mus musculus OX=10090 GN=Sh3gl2 PE=1 SV=1",,,,,,,"0","0","0","0","0","0"
"B1ARJ2;G5E8M9;P35330","1","0","5.7733",,,,,"---","---","16077.3512","Intercellular adhesion molecule 2 (Fragment) OS=Mus musculus OX=10090 GN=Icam2 PE=1 SV=1",,,,,,,"0","0","0","0","0","0"
"F6Y6L6;A0A1B0GT66","6","0","49.2224",,,,,"---","---","30241.4076","Cathepsin D (Fragment) OS=Mus musculus OX=10090 GN=Gm49369 PE=1 SV=1",,,,,,,"0","0","0","0","0","0"
"F8WIV2;Q60854","3","0","17.6819",,,,,"---","---","45230.8328","Serpin B6 OS=Mus musculus OX=10090 GN=Serpinb6a PE=1 SV=1",,,,,,,"0","0","0","0","0","0"
"H3BKI6;Q925I1;Q925I1-2;V9GWS5","2","0","10.5337",,,,,"---","---","24122.8183","ATPase family_ AAA domain containing 3A OS=Mus musculus OX=10090 GN=Atad3a PE=1 SV=1",,,,,,,"0","0","0","0","0","0"
"O35691;Q3TUQ5","1","0","4.3773",,,,,"---","---","82606.8288","Pinin OS=Mus musculus OX=10090 GN=Pnn PE=1 SV=4",,,,,,,"0","0","0","0","0","0"
"P10853;P10854;P70696;Q64475;Q64478;Q64524;Q64525;Q6ZWY9;Q8CBB6;Q8CGP0;Q8CGP1;Q8CGP2;Q8CGP2-2;Q9D2U9","1","0","8.2054",,,,,"---","---","13936.1889","Histone H2B type 1-F/J/L OS=Mus musculus OX=10090 GN=H2bc7 PE=1 SV=2",,,,,,,"0","0","0","0","0","0"
"Q3UT41","8","0","61.9159",,,,,"---","---","45036.8738","Lipase OS=Mus musculus OX=10090 GN=Lipo3 PE=1 SV=1",,,,,,,"0","0","0","0","0","0"
"Q5EBJ4","2","0","19.4136",,,,,"---","---","32319.0178","Ermin OS=Mus musculus OX=10090 GN=Ermn PE=1 SV=1",,,,,,,"0","0","0","0","0","0"
"Q5I2A0;Q80X76","3","0","19.3868",,,,,"---","---","49420.694","Serine protease inhibitor A3G OS=Mus musculus OX=10090 GN=Serpina3g PE=1 SV=2",,,,,,,"0","0","0","0","0","0"
"Q8BGW3","1","0","14.8236",,,,,"---","---","23928.9659","Class E basic helix-loop-helix protein 23 OS=Mus musculus OX=10090 GN=Bhlhe23 PE=2 SV=1",,,,,,,"0","0","0","0","0","0"
"Q8BR26","2","0","10.5499",,,,,"---","---","21954.1295","Interferon-induced transmembrane protein 10 OS=Mus musculus OX=10090 GN=Ifitm10 PE=2 SV=3",,,,,,,"0","0","0","0","0","0"
"Q9CQV8;Q9CQV8-2;A2A5N1","7","0","44.2273",,,,,"---","---","28200.542","14-3-3 protein beta/alpha OS=Mus musculus OX=10090 GN=Ywhab PE=1 SV=3",,,,,,,"0","0","0","0","0","0"
"Q9CW03","5","0","29.9584",,,,,"---","---","141955.1436","Structural maintenance of chromosomes protein 3 OS=Mus musculus OX=10090 GN=Smc3 PE=1 SV=2",,,,,,,"0","0","0","0","0","0"
"Q9JM54","2","0","8.871",,,,,"---","---","11679.6802","Phorbol-12-myristate-13-acetate-induced protein 1 OS=Mus musculus OX=10090 GN=Pmaip1 PE=1 SV=1",,,,,,,"0","0","0","0","0","0"
"Q9Z2T6","5","0","30.6568",,,,,"---","---","57413.2213","Keratin_ type II cuticular Hb5 OS=Mus musculus OX=10090 GN=Krt85 PE=1 SV=2",,,,,,,"0","0","0","0","0","0"
"Q91VN6;A0A1S6GWJ4","4","0","10.7127",,,,,"---","---","70504.041","Probable ATP-dependent RNA helicase DDX41 OS=Mus musculus OX=10090 GN=Ddx41 PE=1 SV=2",,,,,,,"0","0","0","0","0","0"
"Q99PW8;A2AM72","3","0","15.8203",,,,,"---","---","117000.436","Kinesin-like protein KIF17 OS=Mus musculus OX=10090 GN=Kif17 PE=1 SV=1",,,,,,,"0","0","0","0","0","0"
"Q61765","6","0","45.2307",,,,,"---","---","48942.2702","Keratin_ type I cuticular Ha1 OS=Mus musculus OX=10090 GN=Krt31 PE=1 SV=2",,,,,,,"0","0","0","0","0","0"
"Q61897","6","0","44.8786",,,,,"---","---","47517.4968","Keratin_ type I cuticular Ha3-II OS=Mus musculus OX=10090 GN=Krt33b PE=1 SV=2",,,,,,,"0","0","0","0","0","0"
"Q64437","2","0","13.1591",,,,,"---","---","40702.7986","All-trans-retinol dehydrogenase [NAD(+)] ADH7 OS=Mus musculus OX=10090 GN=Adh7 PE=2 SV=2",,,,,,,"0","0","0","0","0","0"
"REVERSE1833","1","0","4.9834",,,,,"---","---","5679.487","Reversed Sequence 1833",,,,,,,"0","0","0","0","0","0"
"REVERSE1939","2","0","11.226",,,,,"---","---","73577.3165","Reversed Sequence 1939",,,,,,,"0","0","0","0","0","0"
"REVERSE11332","1","0","4.4795",,,,,"---","---","35401.6505","Reversed Sequence 11332",,,,,,,"0","0","0","0","0","0"
"REVERSE33424","1","0","13.1868",,,,,"---","---","12542.5964","Reversed Sequence 33424",,,,,,,"0","0","0","0","0","0"
"REVERSE52262","1","0","5.9583",,,,,"---","---","16135.144","Reversed Sequence 52262",,,,,,,"0","0","0","0","0","0"
