,,,,,,,,,,,,"Normalized abundance",,,,,,"Raw abundance",,,,,
,,,,,,,,,,,,"Control_1_mes",,,"Control_3_meses",,,"Control_1_mes",,,"Control_3_meses",,
"Accession","Peptide count","Unique peptides","Confidence score","Anova (p)","q Value","Max fold change","Power","Highest mean condition","Lowest mean condition","Mass","Description","20260129_HDMSE_941_089_Control_pool_lagrimas_1_mes_N1","20260129_HDMSE_942_089_Control_pool_lagrimas_1_mes_N2","20260129_HDMSE_943_089_Control_pool_lagrimas_1_mes_N3","20260129_HDMSE_947_089_Control_pool_lagrimas_3_meses_N1","20260129_HDMSE_948_089_Control_pool_lagrimas_3_meses_N2","20260129_HDMSE_949_089_Control_pool_lagrimas_3_meses_N3","20260129_HDMSE_941_089_Control_pool_lagrimas_1_mes_N1","20260129_HDMSE_942_089_Control_pool_lagrimas_1_mes_N2","20260129_HDMSE_943_089_Control_pool_lagrimas_1_mes_N3","20260129_HDMSE_947_089_Control_pool_lagrimas_3_meses_N1","20260129_HDMSE_948_089_Control_pool_lagrimas_3_meses_N2","20260129_HDMSE_949_089_Control_pool_lagrimas_3_meses_N3"
"Q91XL1","4","4","21.0671","0.000114842962316786","0.0180425842033738","13.1489743249152","1","Control_3_meses","Control_1_mes","37830.1868","Leucine-rich HEV glycoprotein OS=Mus musculus OX=10090 GN=Lrg1 PE=1 SV=1","6759.17539660784","6015.3951686781","9450.54503974124","85491.1797316949","87716.124156164","119030.170570916","4650.33546909497","5238.92411554284","5059.20439748845","85491.1797316949","107892.078689756","132709.356416129"
"E9PX29","9","6","40.1657","0.000294926272347951","0.0210581226824312","1.93466213959292","0.9999999994172","Control_3_meses","Control_1_mes","290078.7727","Spectrin beta chain OS=Mus musculus OX=10090 GN=Sptbn4 PE=1 SV=1","5734.92131328682","5664.85111814625","5668.92262699186","9885.99348064483","11189.5976993111","11946.5669218354","3945.64520533536","4933.62851510518","3034.77081616916","9885.99348064483","13763.3641145777","13319.4903441261"
"Q8CDG5;B8JJI2;B8JJI3","11","6","57.7598","0.000467712484459093","0.0210581226824312","4.5694230575401","0.999999923508182","Control_3_meses","Control_1_mes","73111.547","CREB3 regulatory factor OS=Mus musculus OX=10090 GN=Crebrf PE=2 SV=1","662.270966767573","819.615732279888","521.960735144231","2687.94365991262","3370.684021958","3097.79898771746","455.644658734064","713.819209696743","279.423677200982","2687.94365991262","4145.98922642708","3453.80425815311"
"Q9QXC6","6","3","39.9103","0.000713441892558842","0.0210581226824312","15.3424857760655","0.999997496852614","Control_1_mes","Control_3_meses","25662.503","Beta-A3/A1 crystallin protein OS=Mus musculus OX=10090 GN=Cryba1 PE=1 SV=1","5971.27197750313","9275.99984147527","4488.35622932727","459.885337524833","545.038047742799","281.414978434391","4108.2552594406","8078.6478531477","2402.77269484649","459.885337524833","670.404540803513","313.755751964051"
"P35700;B1AXW5;B1AXW6","7","5","39.6823","0.000890018906713697","0.0210581226824312","1.68792335202119","0.999988354769485","Control_1_mes","Control_3_meses","22404.6355","Peroxiredoxin-1 OS=Mus musculus OX=10090 GN=Prdx1 PE=1 SV=1","328493.954398704","272868.3265106","299450.428560743","174225.341009913","172929.933094644","186525.777461782","226004.948516384","237646.308519802","160306.195953095","174225.341009913","212706.274117226","207961.693772617"
"P07901;B7ZC50","23","12","138.422","0.000967779494742138","0.0210581226824312","1.81165608994132","0.999980082887348","Control_1_mes","Control_3_meses","85187.2283","Heat shock protein HSP 90-alpha OS=Mus musculus OX=10090 GN=Hsp90aa1 PE=1 SV=4","93598.9090445041","81446.1501626702","93132.3789772482","47063.4544505486","46466.0190653111","54499.4154512008","64396.3650975375","70933.0290430617","49856.991241127","47063.4544505486","57153.8634843108","60762.5975405545"
"A0A0A0MQA3;A0A0R4J0X5;P07758;Q00896;P22599;Q00897","4","3","33.8221","0.00113335592644337","0.0210581226824312","7.63913772684472","0.99994855748218","Control_1_mes","Control_3_meses","49024.2217","Serine (or cysteine) peptidase inhibitor_ clade A_ member 1A OS=Mus musculus OX=10090 GN=Serpina1a PE=1 SV=1","4631.14892562615","2458.7406495751","4903.60004532387","474.006622311812","472.119679553149","623.879378014164","3186.24608000388","2141.36483501468","2625.06710549536","474.006622311812","580.713912149654","695.576846949298"
"P24622-2;A0A494B9Q6","5","1","48.1854","0.00119120964058739","0.0210581226824312","9.78968589846632","0.999931740243625","Control_1_mes","Control_3_meses","19849.1983","Isoform 2 of Alpha-crystallin A chain OS=Mus musculus OX=10090 GN=Cryaa","22026.1561793667","41648.2600285172","16890.9023778154","2840.30342489632","2702.13247914843","2687.17630428166","15154.0697375806","36272.2760043952","9042.28562776434","2840.30342489632","3323.6613322243","2995.99199268078"
"P62696","18","14","105.0347","0.0013150105719747","0.0210581226824312","16.6362883194293","0.999882888043942","Control_1_mes","Control_3_meses","23495.0709","Beta-crystallin B2 OS=Mus musculus OX=10090 GN=Crybb2 PE=1 SV=2","23137.7566351442","46557.5467993771","21866.6511109771","1831.8466463183","2587.2704222951","1084.63189193835","15918.8546001777","40547.8689010836","11705.9764271575","1831.8466463183","3182.3793707183","1209.27996353487"
"Q0VGU8","21","20","145.1956","0.00134037184608427","0.0210581226824312","1.8391802722874","0.999870439301612","Control_1_mes","Control_3_meses","40101.9387","BPI fold containing family A_ member 6 OS=Mus musculus OX=10090 GN=Bpifa6 PE=1 SV=1","122685.650330128","117643.868696585","144295.920965248","75894.9326920522","65949.012711371","67284.7875367139","84408.1412009964","102458.322932712","77246.6090386482","75894.9326920522","81118.2224182548","75017.2902194858"
"Q9WU78","5","5","24.4868","0.00156681930401725","0.0223779646206424","1.37880192399224","0.999715210144273","Control_3_meses","Control_1_mes","96594.6173","Programmed cell death 6-interacting protein OS=Mus musculus OX=10090 GN=Pdcd6ip PE=1 SV=3","2290.10968926113","2452.29027786655","2344.7005161926","3124.94209053591","3146.4471298149","3500.31856157753","1575.60318991482","2135.74708140904","1255.19947393847","3124.94209053591","3870.17466388237","3902.58218845138"
"O88531;B1B0P8;B1B0P9","9","8","56.7942","0.0017429593909174","0.022819198015622","1.88718032627133","0.999530201203951","Control_1_mes","Control_3_meses","35060.538","Palmitoyl-protein thioesterase 1 OS=Mus musculus OX=10090 GN=Ppt1 PE=1 SV=2","18225.9759576571","21558.3041745389","17002.3958576059","10677.9115032102","9123.14635706317","10289.6945703651","12539.5329284251","18775.5444926188","9101.97195282555","10677.9115032102","11221.5996103751","11472.2069001668"
"O88852","4","2","17.9239","0.00194038738838376","0.0234498163243039","3.62475101437776","0.999244046697833","Control_1_mes","Control_3_meses","43221.8347","Testis-specific Y-encoded-like protein 1 OS=Mus musculus OX=10090 GN=Tspyl1 PE=2 SV=1","64976.4232448784","39035.3848601869","53472.6963472384","14819.6626936223","16620.0651986606","12007.2575220624","44703.9983342093","33996.6724328219","28625.7881813047","14819.6626936223","20442.9162767192","13387.1556298095"
"P04344","2","2","6.2961","0.00234871501970302","0.0263570404924067","3.76922315044773","0.998349931096658","Control_1_mes","Control_3_meses","21599.0254","Gamma-crystallin B OS=Mus musculus OX=10090 GN=Crygb PE=2 SV=4","1532.0677190967","1672.1135070748","942.067645267422","411.6309319727","332.192485054376","356.20401725906","1054.06775784312","1456.27602684399","504.321470732764","411.6309319727","408.601475298015","397.139697074753"
"Q9JJV1","1","1","5.6629","0.00257608410953969","0.0269813163550725","753.210458515511","0.997660135417271","Control_1_mes","Control_3_meses","22635.8692","Beta-crystallin A2 OS=Mus musculus OX=10090 GN=Cryba2 PE=2 SV=3","598.173290518901","3082.87909315708","436.39625463855","0","5.46653142128368","0","411.545241296937","2684.93908937868","233.61804438057","0","6.7239112983963","0"
"A3RLD5;Q61597","2","2","11.8957","0.00310407320808925","0.0304793939374687","12.4760775347502","0.995505727791586","Control_1_mes","Control_3_meses","21558.0432","Gamma-crystallin C OS=Mus musculus OX=10090 GN=Crygc PE=1 SV=1","1977.517748602","2130.52811614287","665.071400021639","125.151864500063","124.107234268818","133.322465947411","1360.53888048295","1855.51818517615","356.035777564571","125.151864500063","152.653661051648","148.644151031868"
"O70456","16","7","105.3673","0.00375918497700023","0.0336457551766035","2.97546505596001","0.991782240190311","Control_3_meses","Control_1_mes","27820.1408","14-3-3 protein sigma OS=Mus musculus OX=10090 GN=Sfn PE=1 SV=2","22893.5689569347","26067.4315441035","22649.2877785978","52695.1770177723","65983.0832690348","94395.6501364724","15750.8526540137","22702.6308192944","12124.9489682979","52695.1770177723","81160.1296881419","105243.787503689"
"REVERSE35176","1","1","6.9377","0.00401788486360222","0.0336457551766035","250.969307573727","0.990012337667959","Control_3_meses","Control_1_mes","26310.3022","Reversed Sequence 35176","11.3373577675757","0","0","505.611117510658","1369.40698901787","970.310722115552","7.80014038085709","0","0","505.611117510658","1684.39004845195","1081.8207756739"
"A0A3B2WD20;A8R0U0","25","22","171.7372","0.00406901721260833","0.0336457551766035","1.72503871420063","0.989643701642258","Control_1_mes","Control_3_meses","17466.8196","Exocrine gland secreted peptide 6 OS=Mus musculus OX=10090 GN=Esp6 PE=1 SV=1","108578.533843322","118393.874112537","98566.7391666324","55898.5974878416","72275.4817100716","60540.0316464589","74702.3974799252","103111.517170204","52766.1926524798","55898.5974878416","88899.8691519944","67497.4134597835"
"Q5S006","5","2","30.8789","0.00429786080142147","0.033761109013422","218.308567392934","0.987920926365595","Control_3_meses","Control_1_mes","288724.2476","Leucine-rich repeat serine/threonine-protein kinase 2 OS=Mus musculus OX=10090 GN=Lrrk2 PE=1 SV=2","3.14247114977482","42.4470892639572","52.2773015645306","2944.2289642906","6231.3630070611","12189.5824623648","2.16203074945199","36.9679918515499","27.9858519113882","2944.2289642906","7664.66501307475","13590.4337177942"
"Q61493;F6T1D2","9","5","61.3524","0.00479768410270998","0.0358927479080006","3.81398446217283","0.983770219349847","Control_3_meses","Control_1_mes","354247.2904","DNA polymerase zeta catalytic subunit OS=Mus musculus OX=10090 GN=Rev3l PE=1 SV=3","1210.05103245357","2159.47303461698","1094.38916718806","4704.51811287555","5317.63399677214","7003.14360630232","832.51919138803","1880.72687507337","585.864462199648","4704.51811287555","6540.76535120989","7807.95891011853"
"E9PYP8;Q9WVJ5","3","2","21.0864","0.00505346783376726","0.0360878641543571","17.3259920238415","0.981458175333572","Control_1_mes","Control_3_meses","26675.9075","Beta-crystallin B1 (Fragment) OS=Mus musculus OX=10090 GN=Crybb1 PE=1 SV=1","994.937236284281","4031.84051654043","1333.54816606336","164.638595023661","127.821688506069","74.6370757519742","684.520174123329","3511.40796569947","713.894565619163","164.638595023661","157.222492526025","83.2145181370226"
"Q01853","6","4","42.7051","0.00572369509168436","0.0375611187749782","1.65217311865685","0.974877535466646","Control_1_mes","Control_3_meses","90006.2895","Transitional endoplasmic reticulum ATPase OS=Mus musculus OX=10090 GN=Vcp PE=1 SV=4","88067.2370567144","64436.4004375887","75290.3123590813","44577.8326604687","46136.0027152825","47161.5163540797","60590.5561136299","56118.9086843388","40305.5144199146","44577.8326604687","56747.9386860057","52581.4123674621"
"REVERSE29220","1","1","12.5544","0.00573793212692164","0.0375611187749782","2.18395987628397","0.97473034625774","Control_1_mes","Control_3_meses","35260.256","Reversed Sequence 29220","1562.4514343517","1365.21069601026","1546.96510105389","650.637274237856","531.450776708425","866.771582422747","1074.97185641173","1188.98842678974","828.144049798348","650.637274237856","653.692004428675","966.382710462309"
"P07759;A0A0R4J0I1;E9Q499;F2Z405;P29621;Q03734","11","8","74.5989","0.00600459456984392","0.0377344509225342","2.95907249907612","0.971922456728442","Control_1_mes","Control_3_meses","47051.0918","Serine protease inhibitor A3K OS=Mus musculus OX=10090 GN=Serpina3k PE=1 SV=2","4528.09831875923","3026.07648744788","5781.10088756142","1529.63407439647","1336.15154436132","1640.78720023603","3115.34691492739","2635.46860032002","3094.82372812181","1529.63407439647","1643.48537914212","1829.3497548961"
"A2AAN0;O35250;O35250-2;A2AAN3;A2AAN4","7","7","40.0101","0.00746175222726064","0.0450880891708109","1.92546673229553","0.955185470824436","Control_3_meses","Control_1_mes","78733.7579","Exocyst complex component 7 OS=Mus musculus OX=10090 GN=Exoc7 PE=1 SV=1","24347.3693241385","17933.4560744381","16997.3931086046","32894.247349834","41268.2134578915","39975.7768775971","16751.0722097874","15618.5941021142","9099.29380784651","32894.247349834","50760.488754126","44569.8733036762"
"REVERSE26875","1","1","4.285","0.0081667698427309","0.0458654503211044","93.2573757612445","0.94647326017058","Control_3_meses","Control_1_mes","23851.1047","Reversed Sequence 26875","3.54773977958914","0","0","24.0971738128807","191.356300537136","115.399427378242","2.44085693358724","0","0","24.0971738128807","235.370967811766","128.661360936488"
"Q921I1;E9Q2Q7;D3YYR8;F7BAE9;F7CJN9","6","5","36.7677","0.00848588456493349","0.0458654503211044","4.9647577028694","0.942440194981257","Control_1_mes","Control_3_meses","78890.94","Serotransferrin OS=Mus musculus OX=10090 GN=Tf PE=1 SV=1","1873.7445666633","1320.03353689588","3643.11436298104","477.298942893345","371.929442783647","527.856434109646","1289.1425813201","1149.642764249","1950.28542039007","477.298942893345","457.478497754971","588.518753815183"
"A8DUK4;E9Q223;P02089","9","3","62.2591","0.0086648875706532","0.0458654503211044","1.75166020995354","0.940158037532469","Control_1_mes","Control_3_meses","15805.1198","Beta-globin OS=Mus musculus OX=10090 GN=Hbb-bs PE=1 SV=1","6265.03940868305","8562.82326988979","6298.53487335727","4324.05052944242","3640.52600764054","4096.20867221886","4310.36824286259","7457.52856925194","3371.82407946029","4324.05052944242","4477.89870183012","4566.95318530576"
"Q61781","42","11","292.7857","0.00898726960582041","0.0458654503211044","78.4236263198769","0.936016958215423","Control_3_meses","Control_1_mes","53209.2697","Keratin_ type I cytoskeletal 14 OS=Mus musculus OX=10090 GN=Krt14 PE=1 SV=2","159.547358682499","448.357056854523","12.2145782689832","12475.85831422","17360.0494241299","18796.0725057503","109.769120868501","390.482841386654","6.53888721042472","12475.85831422","21353.1073852704","20956.154842296"
"Q02819;A0A1B0GR41","13","3","59.5481","0.00940424088976766","0.0458654503211044","3.60906339399322","0.930611710277752","Control_1_mes","Control_3_meses","53408.7608","Nucleobindin-1 OS=Mus musculus OX=10090 GN=Nucb1 PE=1 SV=2","152.436406920707","157.765332374082","80.8186335202506","25.7037651013433","42.952993180023","39.6872440616897","104.876762073746","137.400882434934","43.2650163969648","25.7037651013433","52.83279174407","44.2481817180863"
"A0A0U1RNJ1;P19096","11","10","57.9407","0.00962296766239445","0.0458654503211044","2.28933440694786","0.927758430846398","Control_1_mes","Control_3_meses","274965.8558","Fatty acid synthase OS=Mus musculus OX=10090 GN=Fasn PE=1 SV=1","1608.85604210308","2590.70191099468","2203.5629168274","744.87258374965","1007.72330394558","1044.33969781488","1106.89838305046","2256.29245246669","1179.6436239471","744.87258374965","1239.51397821944","1164.35730968105"
"Q3UV11;Q9Z331","26","1","210.4656","0.00976685832650404","0.0458654503211044","9.5520019709094","0.925875867162901","Control_3_meses","Control_1_mes","59868.6585","Keratin 6B OS=Mus musculus OX=10090 GN=Krt6b PE=1 SV=1","686.71217142031","389.297610273677","135.981807553784","2630.06183161834","3490.5593122841","5456.32490531789","472.460289966399","339.04682591853","72.7957758903361","2630.06183161834","4293.43753631586","6083.37670280517"
"A0A3B2WCZ8;Q8R0C3","1","1","4.9842","0.0105322679557068","0.0458654503211044","3.1176220609704","0.915808790702024","Control_3_meses","Control_1_mes","102531.383","Solute carrier family 26_ member 8 OS=Mus musculus OX=10090 GN=Slc26a8 PE=1 SV=1","6819.34846778419","4804.4720253075","3162.10788320321","11870.703019076","18582.5849966368","15643.6484821523","4691.73474500608","4184.30770548457","1692.78597591579","11870.703019076","22856.8435051553","17441.4479296215"
"Q8C6C9;D3YTP1;D3Z001","50","35","249.1019","0.0107665509975475","0.0458654503211044","1.78911386434505","0.912715876221851","Control_1_mes","Control_3_meses","38626.3357","Protein LEG1 homolog OS=Mus musculus OX=10090 GN=Leg1 PE=2 SV=2","326010.472616063","370224.733679955","359887.667884037","157730.950568588","188596.071000257","243977.986528934","224296.304674049","322435.888426025","192660.345440842","157730.950568588","231975.846273284","272016.425891514"
"P24622","5","1","39.4478","0.0107865614381866","0.0458654503211044","14.785378982665","0.912451568356651","Control_1_mes","Control_3_meses","22546.4092","Alpha-crystallin A chain OS=Mus musculus OX=10090 GN=Cryaa PE=2 SV=1","463.809524538928","2344.61601874952","493.138092970333","71.0208417783076","76.8760957584432","75.4022853056048","319.102517142831","2041.97148447925","263.993917602967","71.0208417783076","94.5586897816473","84.0676671067227"
"A0A0N4SVK8","5","1","24.4518","0.010980912502197","0.0458654503211044","2.43916512030115","0.909883722805433","Control_3_meses","Control_1_mes","186002.0134","ADP-ribosylhydrolase like 1 OS=Mus musculus OX=10090 GN=Adprhl1 PE=1 SV=1","2073.39728886411","3539.75984993562","2715.31087659372","5766.85343821318","8592.10171649056","5955.55353398767","1426.50432754993","3082.8453860552","1453.60004842507","5766.85343821318","10568.4071591625","6639.97768638354"
"A0A2I3BR96;A6H603;A6H603-2;A6H603-3;E0CX99","4","1","21.6347","0.0110936613454515","0.0458654503211044","1.97591785372178","0.908393620549301","Control_3_meses","Control_1_mes","175578.3999","NACHT domain- and WD repeat-containing protein 1 OS=Mus musculus OX=10090 GN=Nwd1 PE=1 SV=1","1905.04911819943","2245.03040502081","1486.92751959894","3057.4893630163","3859.0612730323","4221.71222141326","1310.68021835577","1955.24044542116","796.003851023128","3057.4893630163","4746.70018248102","4706.87985399524"
"Q9D312","3","1","26.6066","0.0125173379823587","0.0492655010499499","1.75597045005887","0.889614027016074","Control_3_meses","Control_1_mes","49091.2627","Keratin_ type I cytoskeletal 20 OS=Mus musculus OX=10090 GN=Krt20 PE=1 SV=1","1904.24248875864","2707.96207014548","2531.95899730592","3810.19625195833","3901.47759179735","4833.26625133662","1310.12525458004","2358.41659532703","1355.44543087869","3810.19625195833","4798.87285707139","5388.71489914009"
"H3BL44;Q3UZR5;Q80XR2;Q8BMS7;H3BJ99;H3BJJ5;H3BJY0;H3BKB1;H3BLC2","3","2","15.4884","0.0125432056003131","0.0492655010499499","2.88459485244657","0.889274264623221","Control_1_mes","Control_3_meses","97831.5813","Calcium-transporting ATPase OS=Mus musculus OX=10090 GN=Atp2c1 PE=1 SV=1","8008.62224970469","6415.29866431973","7068.61189361817","1557.55954870979","2192.60100466549","3700.6371867003","5509.95911795328","5587.20781236723","3784.07300594288","1557.55954870979","2696.9303808892","4125.92183159142"
"REVERSE22921","3","1","21.2769","0.0138272986509378","0.0514887403910912","56.1392761419291","0.872526022769651","Control_1_mes","Control_3_meses","59144.592","Reversed Sequence 22921","344.122168862088","4985.6844455163","3431.48794985112","70.730638303988","38.5925016169788","46.740407141513","236.757212775448","4342.12911067022","1836.99446463786","70.730638303988","47.4693251822278","52.1119084399066"
"REVERSE289","2","2","11.3264","0.0143644112994114","0.0514887403910912","5.01590623486409","0.865604814590602","Control_3_meses","Control_1_mes","10524.0816","Reversed Sequence 289","472.143378591476","402.12124522871","164.768775464485","1044.53910937064","2024.31500838489","2142.83998794848","324.836236838028","350.215177877292","88.2064378184828","1044.53910937064","2489.93621501879","2389.09945553648"
"REVERSE3914","6","2","42.3808","0.0145795836059078","0.0514887403910912","1.81332371383605","0.862848462866465","Control_1_mes","Control_3_meses","54354.5154","Reversed Sequence 3914","214406.633524081","266098.698165279","255700.403220453","115554.688568277","117425.684865244","173017.590025737","147512.486979798","231750.508128128","136885.290633767","115554.688568277","144435.260376117","192901.118353901"
"P17156","25","10","159.0606","0.0146673873649037","0.0514887403910912","1.821269030277","0.861726520275974","Control_1_mes","Control_3_meses","69926.8927","Heat shock-related 70 kDa protein 2 OS=Mus musculus OX=10090 GN=Hspa2 PE=1 SV=2","82723.4799848252","71360.4775966873","57849.7360145883","31516.6646320101","44329.4213373371","40519.8600127612","56914.0332256301","62149.2215381911","30968.9692613289","31516.6646320101","54525.8179292597","45176.4835635638"
"E9Q557;E9PZW0","63","42","359.8622","0.015378462574926","0.0514887403910912","1.43199970135454","0.852703766883643","Control_1_mes","Control_3_meses","335364.922","Desmoplakin OS=Mus musculus OX=10090 GN=Dsp PE=1 SV=1","230240.727817415","252673.060282257","237065.886925014","142729.892735301","167992.394488018","192056.920302808","158406.397256226","220057.860164093","126909.588027144","142729.892735301","206633.031495021","214128.486638304"
"P21956;P21956-2","15","11","86.9946","0.0153937435059966","0.0514887403910912","2.69305907016283","0.852511147628071","Control_1_mes","Control_3_meses","52381.5735","Lactadherin OS=Mus musculus OX=10090 GN=Mfge8 PE=1 SV=3","16853.0327734656","17703.5556218927","12654.4688899786","4840.15595441448","4002.87356835221","8687.61353233803","11594.9433872657","15418.369346925","6774.37591026111","4840.15595441448","4923.59134852919","9686.01149724257"
"Q8BVM7;A0A087WNN1","5","4","28.7866","0.0158833868741274","0.0514887403910912","1.53174656264673","0.846368834470073","Control_3_meses","Control_1_mes","45485.8919","Flagellum-associated coiled-coil domain-containing protein 1 OS=Mus musculus OX=10090 GN=Flacc1 PE=1 SV=1","4020.39658079123","3706.50209303203","4353.83071555072","5852.06200214021","5338.03585429735","7314.51786000134","2766.04640691296","3228.0644338388","2330.75652350286","5852.06200214021","6565.85992576734","8155.11691732588"
"O88312","8","7","68.3336","0.0159796155894552","0.0514887403910912","1.8024897486845","0.845168603234452","Control_1_mes","Control_3_meses","19977.0413","Anterior gradient protein 2 homolog OS=Mus musculus OX=10090 GN=Agr2 PE=1 SV=1","25583.3396805382","32339.8940441886","27002.7553426008","11926.1044485443","16790.2534499681","18399.5766743799","17601.4239834668","28165.4398508007","14455.5110841873","11926.1044485443","20652.2502432936","20514.0929150513"
"Q61171","5","3","32.7969","0.0160588334179419","0.0514887403910912","4.23687675483592","0.844182277745179","Control_3_meses","Control_1_mes","21949.7644","Peroxiredoxin-2 OS=Mus musculus OX=10090 GN=Prdx2 PE=1 SV=3","587.704748010714","1587.80665693727","1271.82796301611","3663.01803417415","3842.71978280816","7100.21421717554","404.342848744736","1382.85155880725","680.853601171353","3663.01803417415","4726.59991738002","7916.18507020985"
"A2BHR2","51","48","136.3951","0.0173142336012574","0.0520118811747936","1.38594992319184","0.828767284929143","Control_3_meses","Control_1_mes","20590.2234","Lipocalin 11 OS=Mus musculus OX=10090 GN=Lcn11 PE=1 SV=1","207677.87003249","193056.186010704","166060.211915472","239447.727260967","286417.075402712","259683.669479211","142883.075003922","168136.37012786","88897.7885230651","239447.727260967","352297.07120236","289527.03741471"
"P02815;A0A2I3BRY2","15","12","65.6697","0.0174072849174373","0.0520118811747936","2.23043704859823","0.827641289898097","Control_1_mes","Control_3_meses","14859.5094","Mucin-like protein 2 OS=Mus musculus OX=10090 GN=Mucl2 PE=2 SV=2","140889.758156674","102392.986913536","87791.3847179223","35790.8751613088","55490.3770265672","57153.3920430395","96932.6287814639","89176.0347178769","46997.7718490059","35790.8751613088","68253.9519645876","63721.5744432763"
"A0A571BEG7;Q63ZW7;A2ADS6;A2ADS8","5","5","19.4663","0.0177798208411497","0.0520118811747936","6.49125029213935","0.823156783323487","Control_3_meses","Control_1_mes","201927.1796","InaD-like protein OS=Mus musculus OX=10090 GN=Patj PE=1 SV=1","284.438537030658","1668.20664495886","820.761821203782","4313.88499982391","6851.18965442721","6837.80436544872","195.694672784343","1452.87346498706","439.382257601356","4313.88499982391","8427.06059376153","7623.61855221792"
"P81117;Q3UKN6","14","12","84.3814","0.0178701649843912","0.0520118811747936","1.45235751055476","0.822074933633516","Control_1_mes","Control_3_meses","50418.6216","Nucleobindin-2 OS=Mus musculus OX=10090 GN=Nucb2 PE=1 SV=2","23461.2871228069","22473.0647428103","30131.7595888877","16794.4314140057","17426.8119144495","18152.9902205901","16141.4446668397","19572.2271820651","16130.5755356031","16794.4314140057","21435.226196702","20239.1682516116"
"P02525","4","1","17.7175","0.0181798808464284","0.0520118811747936","8.51169921129604","0.818383150561794","Control_1_mes","Control_3_meses","23857.5657","Beta-crystallin A1 OS=Mus musculus OX=10090 GN=Cryba1 PE=2 SV=2","213.973958874257","718.867409397591","156.344701762371","34.7887256109594","32.2458952496149","60.9287907915596","147.214805361465","626.075544725761","83.6967391144104","34.7887256109594","39.662909198988","67.9308495852611"
"D3Z5N5;Q9Z1T6;Q9Z1T6-1;Q9Z1T6-3","6","3","31.175","0.0188804294382158","0.0520118811747936","2.94104756126844","0.810130501923","Control_3_meses","Control_1_mes","234817.3342","1-phosphatidylinositol 3-phosphate 5-kinase OS=Mus musculus OX=10090 GN=Pikfyve PE=1 SV=2","1253.37437641273","2373.35084538775","895.264878371802","3613.17945654697","4730.9939220387","4955.21457760603","862.325798145744","2066.99720132904","479.266327024414","3613.17945654697","5819.18972626526","5524.67777155819"
"A8R0U8","10","7","49.6451","0.0189702037062837","0.0520118811747936","1.54642609769595","0.809082805044331","Control_1_mes","Control_3_meses","9992.8493","Exocrine gland secreted peptide 15 OS=Mus musculus OX=10090 GN=Esp15 PE=4 SV=1","92899.8720527724","63301.396231878","76445.5561019576","49083.9213861975","50421.3823914723","50936.3013745154","63915.4252896298","55130.4115469434","40923.9564462267","49083.9213861975","62019.0165600782","56790.0032505005"
"P97861;Q9ERE2;Q6IMF0;E9Q1Y9","7","3","41.4494","0.0192899848262335","0.0520118811747936","9.14009002184166","0.805369145290257","Control_3_meses","Control_1_mes","55133.2466","Keratin_ type II cuticular Hb6 OS=Mus musculus OX=10090 GN=Krt86 PE=2 SV=2","683.462671840197","7115.7534077161","1167.02795290813","31870.4575695788","21980.9432105264","28100.8768344203","470.224623295907","6197.24740978774","624.750522484827","31870.4575695788","27036.8723807607","31330.2859395888"
"A0A087WPA9","3","1","41.0248","0.0193708149198217","0.0520118811747936","1.27950214843852","0.804434984483412","Control_3_meses","Control_1_mes","12795.5744","ABPBG18 OS=Mus musculus OX=10090 GN=Scgb2b18 PE=3 SV=1","5331.59939825644","4766.60339519885","5829.4515082816","6438.89401974863","6781.69702882208","7158.87685008776","3668.15836753701","4151.32718235422","3120.70749164447","6438.89401974863","8341.58367714814","7981.58933050886"
"Q8BGZ7","26","11","211.1681","0.0195326073086158","0.0520118811747936","1.64621386303165","0.8025706328116","Control_3_meses","Control_1_mes","59968.7134","Keratin_ type II cytoskeletal 75 OS=Mus musculus OX=10090 GN=Krt75 PE=1 SV=1","16932.6237266048","11148.1490218671","13571.1081158674","22114.984828164","20880.0830064656","25572.8358655883","11649.7022314566","9709.13882074345","7265.0846665313","22114.984828164","25682.7986924216","28511.7174341576"
"Q9JI91","11","1","81.6689","0.0204437662754577","0.0535308341956516","1.68454614535784","0.79220829967134","Control_1_mes","Control_3_meses","104404.1584","Alpha-actinin-2 OS=Mus musculus OX=10090 GN=Actn2 PE=1 SV=2","6919.80384914053","5057.53027019873","4570.16666161932","2924.30731562651","3491.11743080288","3407.69635153466","4760.84838617854","4404.70103038212","2446.56865551033","2924.30731562651","4294.12403002184","3799.31564833241"
"A0A3Q4EBW1;A0A3Q4EC06;Q78JT3","1","1","4.9083","0.0239404780896532","0.0616591223022423","2.21746829039657","0.754579658588819","Control_3_meses","Control_1_mes","7713.8069","3-hydroxyanthranilate 3_4-dioxygenase OS=Mus musculus OX=10090 GN=Haao PE=1 SV=1","13446.939745015","11555.5032245037","7260.47020249047","17913.6050914959","27015.4708545542","26612.9109686981","9251.53989618453","10063.9114825417","3886.78141015234","17913.6050914959","33229.4128966658","29671.3200533599"
"A0A1B0GRR9;D3YTP8;Q9CY46","1","1","5.34","0.0248508703342881","0.0629715333187894","1.60408400064248","0.745324812935456","Control_1_mes","Control_3_meses","11457.203","LSM4 homolog_ U6 small nuclear RNA and mRNA degradation associated OS=Mus musculus OX=10090 GN=Lsm4 PE=1 SV=1","4385.34309054498","4047.91473372733","5427.53916018546","3411.31676748202","2380.96467628817","2848.66066331782","3017.13083645476","3525.40731265799","2905.54987794682","3411.31676748202","2928.6203726269","3176.03445801685"
"Q9D3H2","69","58","212.2351","0.0266365974924465","0.0650370072593451","1.3818830887578","0.727792492218406","Control_3_meses","Control_1_mes","18754.2527","Odorant-binding protein 1a OS=Mus musculus OX=10090 GN=Obp1a PE=1 SV=2","517227.039306508","434010.205855283","387550.566682575","573826.539188473","604645.399152637","671576.298281682","355853.947460684","377987.891084239","207469.25420328","573826.539188473","743722.429739744","748755.19292136"
"P01027;H3BKW9;P01027-2","6","6","36.3423","0.0267127171756409","0.0650370072593451","1.66744895468696","0.727062977862105","Control_1_mes","Control_3_meses","188023.9467","Complement C3 OS=Mus musculus OX=10090 GN=C3 PE=1 SV=3","1764.83131338199","1555.31651272278","2260.01938113701","1132.97790226014","917.834946533165","1295.71670556381","1214.20989573795","1354.55526317417","1209.86672656189","1132.97790226014","1128.95002176867","1444.62306714543"
"P02301;A0A1W2P768;A0A8I4SYN6;E0CZ27;F8WI35;P68433;P84228;P84244","2","1","6.1743","0.027239551732533","0.0650370072593451","7.48370179889766","0.722052978364312","Control_1_mes","Control_3_meses","15371.9562","Histone H3.3C OS=Mus musculus OX=10090 GN=H3-5 PE=3 SV=3","192.716019762047","496.4101197371","784.172754680955","63.3562486106186","24.9695477282143","108.541868056496","132.589271557004","432.333184199053","419.794861797848","63.3562486106186","30.7128983896264","121.015717148788"
"P16627","12","2","83.2323","0.0275584418752518","0.0650370072593451","4.45412569586896","0.719053319562675","Control_3_meses","Control_1_mes","71036.5741","Heat shock 70 kDa protein 1-like OS=Mus musculus OX=10090 GN=Hspa1l PE=1 SV=4","6273.20120657384","14165.7071950807","6983.95605353741","19578.7594790798","38421.3588479554","64144.7668971667","4315.98358733821","12337.188656275","3738.75379984327","19578.7594790798","47258.8171453043","71516.4121126247"
"A0A0R4J135;P17563;Q63836;D6RHN2;G3UWK0;G3UZT2","2","2","11.1236","0.0277358191492594","0.0650370072593451","2.0196487690348","0.717395428311583","Control_3_meses","Control_1_mes","53198.4065","Methanethiol oxidase OS=Mus musculus OX=10090 GN=Selenbp2 PE=1 SV=1","1450.5168076605","908.912779348203","698.496142332659","2086.44231814234","2238.02535531391","1851.46826160787","997.96045573359","791.589736854939","373.929200914624","2086.44231814234","2752.80297742419","2064.24270623457"
"P49183;E9Q797;H3BKL7;D3YXC7","22","20","71.5371","0.0293438543627674","0.0677957704041504","1.42088726387694","0.702704550005955","Control_1_mes","Control_3_meses","32255.5621","Deoxyribonuclease-1 OS=Mus musculus OX=10090 GN=Dnase1 PE=1 SV=2","228187.056693738","211126.144702172","178322.69332027","123519.324634033","154831.667129029","156332.258919993","156993.464596854","183873.847001951","95462.3199428289","123519.324634033","190445.149899814","174298.275545118"
"Q922U2","47","24","372.0145","0.0297966789712021","0.0678442624598286","1.36473474141184","0.698675191798238","Control_3_meses","Control_1_mes","61994.8946","Keratin_ type II cytoskeletal 5 OS=Mus musculus OX=10090 GN=Krt5 PE=1 SV=1","113350.849079529","111852.438086558","95750.5943890635","124743.899177279","155985.339102269","157287.674269745","77985.7664577107","97414.4538874417","51258.6127210867","124743.899177279","191864.182814417","175363.489142373"
"F6XVM5","1","1","14.7008","0.0303899188794822","0.0682065142640206","1.70235847550561","0.693465925058494","Control_1_mes","Control_3_meses","7839.2361","Oligomycin sensitivity conferral protein (Fragment) OS=Mus musculus OX=10090 GN=Atp5po PE=1 SV=1","72974.0439848827","59108.5732713178","97995.9017149917","47631.8079848158","40317.5416337745","47203.4529677496","50206.3883763846","51478.8008539907","52460.6035744481","47631.8079848158","49591.1489064925","52628.1684208534"
"Q9CPN9","9","6","36.0488","0.0308778618851197","0.0683255641091427","1.87311893034186","0.689239414679797","Control_1_mes","Control_3_meses","27106.3718","trypsin OS=Mus musculus OX=10090 GN=Prss3b PE=1 SV=1","105882.155448783","70850.6900202103","125881.251771914","49596.6070018895","49971.09552707","61988.5619126571","72847.280050583","61705.2376679184","67388.5982075862","49596.6070018895","61465.1573206918","69112.4117283268"
"A2ALR9;Q3V0C5;Q3V0C5-2;Q3V0C5-5","3","2","13.917","0.0326093104721676","0.0705150806249655","6.88881153354651","0.67465232890365","Control_3_meses","Control_1_mes","120766.7659","Ubiquitin carboxyl-terminal hydrolase 48 OS=Mus musculus OX=10090 GN=Usp48 PE=1 SV=1","45.4369993632782","467.441689701266","249.967542162566","1406.26227320755","1566.04064494914","2282.80099784311","31.2608088043314","407.104017627525","133.81629135888","1406.26227320755","1926.25223836153","2545.14506529558"
"P70694;A0A1Y7VP26","3","1","16.3057","0.0327650256673794","0.0705150806249655","7.32781470403433","0.673371030947384","Control_1_mes","Control_3_meses","37446.9161","Estradiol 17 beta-dehydrogenase 5 OS=Mus musculus OX=10090 GN=Akr1c6 PE=1 SV=1","207.735846881707","1004.31174331204","501.2442143413","32.0814605009943","128.104525419509","73.6206636378976","142.922963271718","874.674541575724","268.333405401196","32.0814605009943","157.570385947157","82.081297904995"
"REVERSE11897","12","8","77.5023","0.0337184794369092","0.0715864153991928","1.47298445078722","0.66563209546013","Control_3_meses","Control_1_mes","195527.5509","Reversed Sequence 11897","130331.92116623","111444.502425965","88628.9934838965","152337.004578808","153706.465005561","180638.572224582","89668.8013243123","97059.1748226516","47446.1728602038","152337.004578808","189061.135304834","201397.91910632"
"REVERSE12630","4","3","21.5927","0.0353350541178129","0.0727121657868126","10.2924583020101","0.652916556159562","Control_3_meses","Control_1_mes","18754.2527","Reversed Sequence 12630","551.917164810641","4186.83009045974","5844.53152475054","17005.8495971247","29874.3386679009","62047.7672768881","379.720870804645","3646.3913863551","3128.78034726422","17005.8495971247","36745.860916326","69178.4210917159"
"Q9CQV3;A0A087WST6","18","16","127.2771","0.0354284342858635","0.0727121657868126","2.57667806992276","0.652197179622684","Control_3_meses","Control_1_mes","43767.4408","Serpin B11 OS=Mus musculus OX=10090 GN=Serpinb11 PE=2 SV=1","2957.6119884581","5841.54165921045","2297.3051510607","8420.11582716136","12663.5728758863","7508.31333743947","2034.84702300368","5087.51172819639","1229.82709184966","8420.11582716136","15576.3745190806","8371.18375957113"
"J3KMP9","2","2","12.4073","0.0360120825040038","0.0727121657868126","15.596754834259","0.647737365505942","Control_3_meses","Control_1_mes","10896.5452","Secretoglobin_ family 2A_ member 2 OS=Mus musculus OX=10090 GN=Scgb2a2 PE=4 SV=1","23.2217030630413","414.112503973984","53.9197721692594","1380.84448925755","882.172214792288","5398.95117098477","15.9766100256915","360.658597279469","28.8651233683514","1380.84448925755","1085.08435515043","6019.40946389407"
"Q99KW3;Q99KW3-2;Q99KW3-4;Q99KW3-5;A0A2R8VI64","58","38","338.328","0.0361000105562205","0.0727121657868126","1.30971739585682","0.647070884425168","Control_3_meses","Control_1_mes","225306.726","TRIO and F-actin-binding protein OS=Mus musculus OX=10090 GN=Triobp PE=1 SV=3","63858.1413100965","75611.9448257049","63034.3999479833","95665.5372367322","77637.4233004222","91920.6876258234","43934.6165915229","65851.9066599459","33744.4996102166","95665.5372367322","95495.13347268","102484.397339272"
"Q14C51;A0A0U1RP36;A0A0U1RQ61","5","5","17.9806","0.0369893704760103","0.0735604205092166","1.94448745451524","0.64040776125893","Control_3_meses","Control_1_mes","78366.5906","Small ribosomal subunit protein mS39 OS=Mus musculus OX=10090 GN=Ptcd3 PE=1 SV=2","19263.1342465424","12104.6068493708","10136.0865647946","21327.6307149973","31714.8420026469","27661.1994829644","13253.1013291342","10542.1364605493","5426.19854265424","21327.6307149973","39009.7061617868","30840.0799853959"
"P20029","27","14","159.6384","0.0398797176846959","0.0783170720496701","1.63184913898177","0.619692467367407","Control_3_meses","Control_1_mes","72536.2072","Endoplasmic reticulum chaperone BiP OS=Mus musculus OX=10090 GN=Hspa5 PE=1 SV=3","41429.3552198285","32997.1262555955","28524.8226559961","54228.0265119949","45208.2308952925","68564.7395966206","28503.5361173187","28737.8361082868","15270.3264850791","54228.0265119949","55606.7661687353","76444.3369362888"
"P62259;D6REF3;F6WA09","5","2","37.2307","0.0409855685078437","0.0794950888477574","1.23373359568153","0.612126136992259","Control_3_meses","Control_1_mes","29345.0493","14-3-3 protein epsilon OS=Mus musculus OX=10090 GN=Ywhae PE=1 SV=1","15621.385557524","13497.5795562663","16855.960595663","18458.5185859886","20045.3353857517","18216.9564349748","10747.5659488019","11755.3033601151","9023.58008039344","18458.5185859886","24656.0472616379","20310.4855915991"
"P19001","21","11","186.1946","0.0436154597927444","0.0817386143905133","2.09895583446999","0.594873317357048","Control_3_meses","Control_1_mes","44541.8626","Keratin_ type I cytoskeletal 19 OS=Mus musculus OX=10090 GN=Krt19 PE=1 SV=1","11958.4951306761","16871.9156534526","18596.4988009581","21339.854430915","35583.9224150251","42623.2117385585","8227.48498153952","14694.077997157","9955.35052381187","21339.854430915","43768.7300279817","47521.5566866929"
"P11672;A0A0A6YW77","7","7","36.4694","0.0436959310024884","0.0817386143905133","1.17713221905441","0.594361165326119","Control_3_meses","Control_1_mes","23046.1184","Neutrophil gelatinase-associated lipocalin OS=Mus musculus OX=10090 GN=Lcn2 PE=1 SV=1","3199.05607331995","2718.7804468924","3196.26473333772","3657.76543650284","3452.0107651012","3618.72603167389","2200.96136769131","2367.83852908885","1711.07132196496","3657.76543650284","4246.02227571191","4034.59728240596"
"D3YYP5;E9Q5V3;Q9Z2D3;E9Q308","2","1","22.1562","0.0437030958837781","0.0817386143905133","25.8871670608729","0.594315609071873","Control_3_meses","Control_1_mes","44847.9088","Gasdermin E OS=Mus musculus OX=10090 GN=Gsdme PE=1 SV=2","0","21.1066635287173","119.905473377173","992.749165855285","1275.98369973154","1381.67188010662","0","18.3822019100276","64.1895568606629","992.749165855285","1569.47807558375","1540.45638267796"
"Q9JJU9;D3YYW5","2","2","11.6475","0.0445029969563674","0.0822554508797921","4.79341321591722","0.589274429329485","Control_1_mes","Control_3_meses","24462.2624","Beta-crystallin B3 OS=Mus musculus OX=10090 GN=Crybb3 PE=2 SV=3","407.333650361719","1185.18909442542","394.269269366091","165.833841574488","194.484193401718","54.1657419608215","280.246925236424","1032.20412859895","211.066008678172","165.833841574488","239.218320465854","60.3905776236798"
"B1AVM1","3","2","22.516","0.0472989765338501","0.0859073472520559","1.43629256169587","0.57232434642318","Control_1_mes","Control_3_meses","13589.5858","Predicted gene 12887 OS=Mus musculus OX=10090 GN=Gm12887 PE=1 SV=1","58188.1767532288","40045.6577906803","42916.4442598193","29875.9116553572","34918.1159140137","33480.0167082573","40033.6618536794","34876.5386877275","22974.6604678147","29875.9116553572","42949.778574183","37327.6073523474"
"Q5SW46;A7M7R7","77","68","515.8827","0.047996855351468","0.0859073472520559","1.68892453425811","0.568248842061548","Control_1_mes","Control_3_meses","80922.1158","Lactoperoxidase OS=Mus musculus OX=10090 GN=Lpo PE=1 SV=1","162141.172052159","132498.211373378","93166.0810153791","65384.3655412829","80714.6155375004","83517.8292491374","111553.673214811","115395.257562576","49875.0331105429","65384.3655412829","99280.1236347541","93115.8656310738"
"P28665","8","3","47.1746","0.0488608732133498","0.0859073472520559","2.01754014704239","0.563285065001471","Control_3_meses","Control_1_mes","166723.6185","Murinoglobulin-1 OS=Mus musculus OX=10090 GN=Mug1 PE=1 SV=3","6279.48167458638","7442.46109272621","5850.66289806373","9237.00740668879","10944.9597134507","19306.5505919865","4320.30457051257","6481.7834580003","3132.06268396526","9237.00740668879","13462.4559169701","21525.2980936584"
"Q8K2C7;Q8K2C7-2","14","9","75.6116","0.0490700085014021","0.0859073472520559","2.00918180927993","0.562096957512752","Control_3_meses","Control_1_mes","76564.113","Protein OS-9 OS=Mus musculus OX=10090 GN=Os9 PE=1 SV=2","12678.6364130348","27473.653705515","18676.6225888546","44413.1121425949","44244.1157838542","29540.7533449847","8722.94461257573","23927.3369253188","9998.2435652571","44413.1121425949","54420.8908867392","32935.6359455511"
"Q8K203","1","1","4.618","0.0492128440072473","0.0859073472520559","3.88144405783658","0.561288459272919","Control_1_mes","Control_3_meses","69184.3257","Endonuclease 8-like 3 OS=Mus musculus OX=10090 GN=Neil3 PE=1 SV=1","842.286276074449","217.73613466367","308.059070650988","117.589416048052","88.2157489410968","146.661973787969","579.495798663055","189.630615234419","164.914700514073","117.589416048052","108.506624272223","163.516661857799"
"Q61646","34","33","185.1709","0.0497815515717239","0.0859451532855394","1.77430801462777","0.558092948551608","Control_1_mes","Control_3_meses","39265.6041","Haptoglobin OS=Mus musculus OX=10090 GN=Hp PE=1 SV=1","100541.656536088","68950.7921670249","53396.8859442876","40485.0225185155","37784.917438285","47350.4894217821","69172.9987870977","60050.579843949","28585.2042443602","40485.0225185155","46475.9851709762","52792.1025989762"
"Q9WV92;A0A3B2WBE1;A0A5F8MPR1;A7YY80;D0VYV6;Q9WV92-2;Q9WV92-3;Q9WV92-4;Q9WV92-5;Q9WV92-6;Q9WV92-7;Q9WV92-8;A0A3B2WD96;A0A5F8MPE1;A0A286YCY8;A0A286YD94;A0A286YDD0","8","5","40.84","0.0508541511678954","0.0868426238627384","2.51384392705297","0.552166750619473","Control_3_meses","Control_1_mes","103794.0457","Band 4.1-like protein 3 OS=Mus musculus OX=10090 GN=Epb41l3 PE=1 SV=1","890.151306444342","2496.67921483535","1055.94532028371","2711.02003067247","3543.91020970879","4913.51482819056","612.427100988798","2174.40626602256","565.284138155163","2711.02003067247","4359.05989797956","5478.18580333619"
"P28738","8","5","45.7161","0.0521678682948578","0.0881281181788157","1.210043037327","0.545082096854812","Control_1_mes","Control_3_meses","109844.9859","Kinesin heavy chain isoform 5C OS=Mus musculus OX=10090 GN=Kif5c PE=1 SV=3","18959.9592398312","15518.1474167458","18763.0994829175","14269.3683942129","14457.1614451088","15272.9019966774","13044.5159020183","13515.0550297104","10044.5376446869","14269.3683942129","17782.5139365392","17028.0945147273"
"A0A1L1SRG5;P23927","4","4","28.6305","0.0547206675168208","0.0914571970965328","6.62873128700745","0.531835100867269","Control_1_mes","Control_3_meses","15385.4598","Alpha-crystallin B chain (Fragment) OS=Mus musculus OX=10090 GN=Cryab PE=1 SV=1","1412.00356129645","7621.55876447982","1871.261002593","297.157999405978","310.48719103799","1037.43934477367","971.463212344019","6637.76308781302","1001.75088879597","297.157999405978","381.903655341548","1156.66395423385"
"Q64191;B7ZNK6","5","5","29.4726","0.0614596408995131","0.100370194383984","2.64884064670552","0.499832375723295","Control_1_mes","Control_3_meses","37535.3228","N(4)-(beta-N-acetylglucosaminyl)-L-asparaginase OS=Mus musculus OX=10090 GN=Aga PE=1 SV=1","758.404764975542","1842.56664641317","635.096362506551","395.971798187697","452.236940873055","373.483391766412","521.785036125321","1604.72696601081","339.989100788417","395.971798187697","556.257861145606","416.404851943852"
"P70227","5","3","23.834","0.0619511574672701","0.100370194383984","11.3174711770303","0.497651099009875","Control_3_meses","Control_1_mes","307126.8071","Inositol 1_4_5-trisphosphate-gated calcium channel ITPR3 OS=Mus musculus OX=10090 GN=Itpr3 PE=1 SV=3","1.88373383865594","93.0392316152211","20.5910216052711","152.436920759158","786.331361095188","368.557937231414","1.2960152341412","81.0296681319559","11.0230877283899","152.436920759158","967.198743716303","410.913354298663"
"P08228","5","5","33.0613","0.0635806327321624","0.100370194383984","3.38895618438562","0.490556183999877","Control_3_meses","Control_1_mes","16113.7799","Superoxide dismutase [Cu-Zn] OS=Mus musculus OX=10090 GN=Sod1 PE=1 SV=2","5444.85099170883","4368.69314138609","1030.22031952695","8433.11018682033","15666.4313137605","12649.501103153","3746.07584578849","3804.77943842943","551.512653398814","8433.11018682033","19269.9330522475","14103.2071308711"
"Q9Z2K1","28","13","195.0758","0.0639601841574083","0.100370194383984","1.43534235229115","0.48893298446411","Control_3_meses","Control_1_mes","52005.6665","Keratin_ type I cytoskeletal 16 OS=Mus musculus OX=10090 GN=Krt16 PE=1 SV=3","32995.4513167261","31639.0492471001","49680.5095697633","58139.6211743966","55584.4791367454","50357.0752361911","22700.9817875081","27555.0605480679","26595.6991292955","58139.6211743966","68369.6988967953","56144.2112830713"
"Q9JI02;J3QK77;D3YYY1;A0A087WR49;J3QM75;S4R2L0;A0A087WQA9","22","14","71.3588","0.0643501815896188","0.100370194383984","1.2007014647271","0.487276430435752","Control_1_mes","Control_3_meses","12760.6937","Secretoglobin family 2B member 20 OS=Mus musculus OX=10090 GN=Scgb2b20 PE=2 SV=1","241473.911454485","210796.76176812","259395.185196677","183883.147587335","200274.267571894","208550.996819788","166134.865483953","183586.981027554","138863.235518773","183883.147587335","246340.193941203","232518.095497537"
"E9PY58;Q60649;Q8CCN6","1","1","4.4527","0.0650497458244089","0.100370194383984","1.60712336074971","0.484333320236889","Control_3_meses","Control_1_mes","79966.0221","Mitochondrial disaggregase OS=Mus musculus OX=10090 GN=Clpb PE=1 SV=1","682.257544403713","1266.04128512766","801.812313008685","1285.5012974166","1667.16581488271","1467.10074953487","469.395491555152","1102.61986684836","429.237928910499","1285.5012974166","2050.63763382843","1635.70290905696"
"E9PZW8;Q9QY06;Q9QY06-2;A0A1D5RLW4;E9PWZ6;Q9QY06-3;A0A8V5KX73","6","1","37.7045","0.0661488989597412","0.100370194383984","1.96948506095909","0.479781217747341","Control_3_meses","Control_1_mes","241856.0725","Myosin IXb OS=Mus musculus OX=10090 GN=Myo9b PE=1 SV=1","234.399851321067","342.945866821603","140.427253692492","400.601768222949","598.873611552427","414.167765414183","161.267888253941","298.678195137139","75.1755773260389","400.601768222949","736.623049005208","461.764755379193"
"Q8BFR4;A0A1W2P8D3","5","5","32.4194","0.0663204822473696","0.100370194383984","1.81620792862537","0.479078421824352","Control_1_mes","Control_3_meses","61916.357","N-acetylglucosamine-6-sulfatase OS=Mus musculus OX=10090 GN=Gns PE=1 SV=1","3148.53860550782","3330.90493390274","1763.91688847956","1592.29328056526","1230.40641985148","1716.07600800628","2166.2051794596","2900.94959607425","944.285863034657","1592.29328056526","1513.41737392154","1913.2909034016"
"E9Q3M9","6","1","38.8594","0.0663776876463039","0.100370194383984","3.99987397171887","0.47884457475992","Control_3_meses","Control_1_mes","126480.7566","Capping protein inhibiting regulator of actin like OS=Mus musculus OX=10090 GN=Cracdl PE=1 SV=1","229.766382819949","1188.34762008152","1244.30453943131","2477.51612497836","2531.07439294686","5640.74811137334","158.080046298176","1034.95494974458","666.119358326244","2477.51612497836","3113.2574563745","6288.99419345"
"P02762;A2AKN9;A2BIM8;A2BIN1;A2CEK7;A2CEL1;A9R9W0;P04938;P11588;P11589;Q4FZE8;A2AKN8;B8JI96;Q58EV3;A2CEL0;A9C496;A9C497;B5X0G2;E9PVW0;E9QA79;L7MUC7;A2CEK6;A2BIN0;L7N222","11","8","89.8253","0.0669579471201424","0.100370194383984","1.66938227529922","0.476485563970881","Control_1_mes","Control_3_meses","20934.5736","Major urinary protein 6 OS=Mus musculus OX=10090 GN=Mup6 PE=1 SV=2","5194.02831290497","8845.94362106919","7281.72664040077","3256.03959726758","4522.98660932548","4993.18234615035","3573.50899683819","7704.10356454367","3898.1607182979","3256.03959726758","5563.33777695495","5567.00887218508"
"F6W1B2;F6WC15;P18872","1","1","5.6032","0.0675052369830464","0.100370194383984","2.42682647128991","0.474282032258061","Control_3_meses","Control_1_mes","8934.4001","Guanine nucleotide binding protein_ alpha O (Fragment) OS=Mus musculus OX=10090 GN=Gnao1 PE=1 SV=1","547.601437835311","355.281510772668","250.793305773893","688.376420073662","645.44666496999","1465.94898838886","376.751636090247","309.421546282627","134.25835124814","688.376420073662","793.908566263174","1634.41878521089"
"A2AL36;R4GML3;E9Q9E7","10","6","42.4822","0.0677198950035423","0.100370194383984","1.66098139779007","0.473423380122014","Control_3_meses","Control_1_mes","269963.4156","Centriolin OS=Mus musculus OX=10090 GN=Cntrl PE=1 SV=2","8742.60926092693","12654.2936754179","17815.085718279","18606.9118463337","23176.5711442941","23346.9007350577","6014.94465714417","11020.8693597559","9537.03301011078","18606.9118463337","28507.5117227827","26029.9733756562"
"Q9Z0S1;A0A1B0GRV0;D3Z0E6","7","5","34.6851","0.0683893801983912","0.100415150739343","1.85633358084456","0.470765446678471","Control_3_meses","Control_1_mes","33538.2313","3'(2')_5'-bisphosphate nucleotidase 1 OS=Mus musculus OX=10090 GN=Bpnt1 PE=1 SV=2","2173.81130773067","3158.38378506823","5310.42705105236","5596.03356551885","6550.76198334479","7609.46132500738","1495.58951118992","2750.69758739883","2842.85570580819","5596.03356551885","8057.53029085739","8483.95587666161"
"P14069","3","2","21.4435","0.069784480618393","0.101356848930643","1.47833844910915","0.465322447380669","Control_1_mes","Control_3_meses","10107.6646","Protein S100-A6 OS=Mus musculus OX=10090 GN=S100a6 PE=1 SV=3","5266.02369105021","4766.61533919139","6717.26867850768","3662.46244734355","3019.88526122631","4647.87759866122","3623.04205981622","4151.33758460857","3595.98680229643","3662.46244734355","3714.50176775016","5182.02101081412"
"B1AQ77;Q61414","17","4","160.3329","0.0703210333380272","0.101356848930643","2.15367775020261","0.463262739117579","Control_3_meses","Control_1_mes","49665.1683","Keratin 15 OS=Mus musculus OX=10090 GN=Krt15 PE=1 SV=1","6093.92554188271","5413.32156833003","6391.79312282207","8467.5063237252","9581.73982600563","20499.5185501376","4192.6413253994","4714.56656034529","3421.74845353716","8467.5063237252","11785.6760913384","22855.3643213378"
"Q9JJV0;E9QAS6","4","2","25.2351","0.0713680287917994","0.101930785461543","13.8914120946032","0.459296010184925","Control_1_mes","Control_3_meses","22696.9692","Beta-crystallin A4 OS=Mus musculus OX=10090 GN=Cryba4 PE=2 SV=3","107.393010734264","1624.23072362074","341.044911932665","15.8342924825636","65.1611318928929","68.2096119572351","73.8867535825571","1414.57398368264","182.573164927008","15.8342924825636","80.149117819948","76.0483973165908"
"E9Q720","2","2","16.0814","0.072881055828109","0.103153990025062","3.39049960200112","0.453682954354341","Control_3_meses","Control_1_mes","42530.3138","Regulator of G-protein signaling 20 OS=Mus musculus OX=10090 GN=Rgs20 PE=1 SV=1","1306.87550696377","4725.90322834355","3061.80525926931","6098.35433107628","6901.92001087158","17834.90907203","899.13475640462","4115.88061905027","1639.0905039666","6098.35433107628","8489.45965279555","19884.5325797391"
"Q8VFX0","2","1","11.5306","0.0751577504189014","0.105395165525093","12.1190201974077","0.445491869632973","Control_1_mes","Control_3_meses","35085.2119","Olfactory receptor OS=Mus musculus OX=10090 GN=Or5b101 PE=3 SV=1","614.780085176857","1041.56120021229","132.06964536135","0","3.4822881764497","144.088299347866","422.970772030262","907.115814771152","70.701459839313","0","4.28326392175088","160.647215591087"
"A0A1D5RLF0","3","2","16.0697","0.0758062091414387","0.105395165525093","98.0226995844979","0.443212849661336","Control_3_meses","Control_1_mes","54724.9729","F-box and WD-40 domain protein 27 OS=Mus musculus OX=10090 GN=Fbxw27 PE=4 SV=1","16.5981548833596","0","5.18403238799177","55.2867735448677","41.6677598312603","2038.19426581682","11.4195865392628","0","2.7751922607385","55.2867735448677","51.2519364687899","2272.42763721358"
"Q9CR35","1","1","5.6579","0.0766568971470231","0.105643003344678","3.22692201797738","0.440258269317917","Control_3_meses","Control_1_mes","28449.1978","Chymotrypsinogen B OS=Mus musculus OX=10090 GN=Ctrb1 PE=1 SV=1","2179.81338845482","1319.33470436631","341.243059227399","3880.95541673043","2907.51339633286","5604.17395312761","1499.71896297096","1149.034137469","182.67924004338","3880.95541673043","3576.28277772714","6248.21685961126"
"Q497J0;D6REU3;L7N257;A0A384DV91;P35175","5","5","39.9897","0.078213388211498","0.106850759633081","1.33015099136448","0.434953101427891","Control_3_meses","Control_1_mes","11016.4195","Cystatin domain containing 5 OS=Mus musculus OX=10090 GN=Cstdc5 PE=1 SV=1","10070.7445321781","9815.13150969736","8720.89796562527","10206.4297988316","13097.5512314492","14747.3477755359","6928.70620307997","8548.18806104766","4668.59902282922","10206.4297988316","16110.1740609378","16442.1425488103"
"P05213;P68369;P68373;A0A2R8VHF3;P05214;A0A0A0MQA5;P68368;Q9JJZ2","7","5","38.4504","0.0795808917235734","0.107690047650109","1.39227521145819","0.430396376689886","Control_3_meses","Control_1_mes","50836.0402","Tubulin alpha-1B chain OS=Mus musculus OX=10090 GN=Tuba1b PE=1 SV=2","97958.0961316708","109025.6048366","105006.353762198","109547.882743891","162886.101366828","161942.035311997","67395.5005154534","94952.510080169","56213.5415982829","109547.882743891","200352.218422802","180552.738687114"
"Q9D541;D3YVX2;G3X9U4","12","6","71.4016","0.0801986534488679","0.107690047650109","1.66447263781333","0.428368986583679","Control_1_mes","Control_3_meses","185281.7329","Coiled-coil domain-containing protein 7A OS=Mus musculus OX=10090 GN=Ccdc7a PE=2 SV=2","18833.0633609083","11360.8158041267","9703.25643467491","7849.83199000308","7823.71246841882","8296.29120804128","12957.2111093459","9894.35443882217","5194.4895683614","7849.83199000308","9623.27746932661","9249.71762687678"
"Q9D478;Q9D478-2;Q9D478-3;A0A0G2JFI3","3","2","19.6493","0.0827432571825751","0.109960341305395","5.13369411639216","0.42021474888904","Control_3_meses","Control_1_mes","74834.9428","Protein BCAP OS=Mus musculus OX=10090 GN=Odf2l PE=2 SV=1","25.0535842921955","95.6602739081997","211.834510485882","803.971992992692","188.992013277183","714.237597470679","17.2369504896156","83.3123846105079","113.402357481313","803.971992992692","232.462860898127","796.319214144657"
"Q9QWR8","4","4","18.075","0.0832891991343062","0.109960341305395","1.85188677812837","0.41850532403608","Control_1_mes","Control_3_meses","47748.0514","Alpha-N-acetylgalactosaminidase OS=Mus musculus OX=10090 GN=Naga PE=1 SV=2","1901.65270310117","1385.79997732569","828.55463007839","790.514703869867","704.514199884517","727.573125223403","1308.3434733133","1206.92003051326","443.55401835816","790.514703869867","866.562473242263","811.187287483081"
"B2RQ06;Q9JKD9;Q9JKD9-2","2","2","11.0093","0.0878835978765953","0.113623677890281","3.53878457008464","0.404647948866115","Control_3_meses","Control_1_mes","51597.8792","Zinc finger and BTB domain-containing protein 32 OS=Mus musculus OX=10090 GN=Zbtb32 PE=1 SV=1","1720.00825692605","1568.25610276355","858.47774400557","9493.07717388674","2860.6141427306","2320.73565605944","1183.37148172447","1365.82460266208","459.572898637586","9493.07717388674","3518.59602960843","2587.4392504892"
"P20060","32","29","210.3245","0.0880625464537362","0.113623677890281","1.40075476344814","0.404126563403174","Control_3_meses","Control_1_mes","61514.9503","Beta-hexosaminidase subunit beta OS=Mus musculus OX=10090 GN=Hexb PE=1 SV=2","13724.9628884069","14512.6276567352","9626.65803402343","15142.9107669033","17591.4448641639","20304.1709305835","9442.82075650859","12639.3284030037","5153.48378892889","15142.9107669033","21637.7270634056","22637.5669616928"
"A0A1C7CYU3;A0A1B0GR92;A0A1B0GS16","13","1","71.3231","0.0882336650095051","0.113623677890281","1.29245819556994","0.403629230858489","Control_1_mes","Control_3_meses","52997.2591","Nucleobindin-1 OS=Mus musculus OX=10090 GN=Nucb1 PE=1 SV=1","92382.7332589596","85844.8623228376","78068.2209374943","53290.2434291909","68124.4468920852","76886.3591035928","63559.6320553664","74763.9526261413","41792.6251883018","53290.2434291909","83794.037361835","85722.2936409902"
"P33173;A0A087WQE8;E9Q9G6;E9QAN4;G3UW47;Q6TA13;A0A5F8MPF0;Q60575;Q60575-2","5","3","31.6995","0.0891805330764675","0.113827407708141","1.47740754112776","0.400898979754558","Control_1_mes","Control_3_meses","193264.9301","Kinesin-like protein KIF1A OS=Mus musculus OX=10090 GN=Kif1a PE=1 SV=2","2310.51022218304","2280.04196631455","1763.3099890506","1040.92274682987","1802.64486624501","1457.11584810337","1589.63882536864","1985.73269200533","943.960968729942","1040.92274682987","2217.27879143784","1624.57052273426"
"A0A0A6YW67;E9Q5F6;E9Q9J0;P0CG49;P0CG50;P62983;P62984;Q5SX22;E9Q4P0;E9QNP0","2","2","23.767","0.089840917010008","0.113827407708141","2.0789679192473","0.399016256149069","Control_1_mes","Control_3_meses","8728.0311","Predicted pseudogene 8797 OS=Mus musculus OX=10090 GN=Gm8797 PE=3 SV=1","3684.62005796184","6011.97622216247","9310.83409516041","3626.07215197382","2222.69250912759","3293.95957206831","2535.03102675483","5235.94648882868","4984.41228526336","3626.07215197382","2733.94335881715","3672.50801013928"
"A0A589M9T4;Q8BVF4;Q8BVF4-2;A0A571BDK5;A0A571BEI9","4","2","25.3685","0.0906872896018892","0.113980554023286","1.7540846467757","0.396628613017164","Control_1_mes","Control_3_meses","76638.1518","Coiled-coil domain containing 30 OS=Mus musculus OX=10090 GN=Ccdc30 PE=1 SV=1","6484.95551839426","13664.2551182685","9716.13230569536","5301.552689392","6821.45582591989","4903.16122926437","4461.67126804058","11900.4643340427","5201.38246850781","5301.552689392","8390.48756233862","5466.64234806352"
"A2A5R2;G3X9K3","9","5","54.0655","0.0965408782690595","0.120374654810747","1.91103733914346","0.380854130987342","Control_3_meses","Control_1_mes","204692.1831","Brefeldin A-inhibited guanine nucleotide-exchange protein 2 OS=Mus musculus OX=10090 GN=Arfgef2 PE=1 SV=1","5146.05303702663","6078.67622640088","3070.72422002454","6346.0601490126","7925.18675768391","13047.8984801688","3540.50184523082","5294.03681388844","1643.86513286728","6346.0601490126","9748.09228653041","14547.3891331992"
"P21981","4","4","28.3486","0.0981972043324518","0.12147579698564","1.9454969291202","0.376611342254621","Control_3_meses","Control_1_mes","78201.6821","Protein-glutamine gamma-glutamyltransferase 2 OS=Mus musculus OX=10090 GN=Tgm2 PE=1 SV=4","214.600290653493","290.573867314198","456.238306388446","441.312617466814","520.856846462004","908.255533093931","147.645723737967","253.066406799909","244.240182579597","441.312617466814","640.661319742405","1012.63407991566"
"Q80WJ6;D6RCU5;D6RGU5;Q80WJ6-2;Q80WJ6-3;Q80WJ6-4","3","2","19.9351","0.10211586453579","0.124926797259561","3.97707890219421","0.366931366563529","Control_3_meses","Control_1_mes","154429.2033","ATP-binding cassette sub-family C member 12 OS=Mus musculus OX=10090 GN=Abcc12 PE=1 SV=1","817.347293994615","15013.3793139806","1774.46175596952","37013.4268602511","22576.3940908819","10427.4022602668","562.337694882055","13075.4427162745","949.930896178434","37013.4268602511","27769.285421775","11625.7402338817"
"REVERSE17784","5","2","35.939","0.102577228781265","0.124926797259561","1.40764375572116","0.365823465831295","Control_3_meses","Control_1_mes","45134.8528","Reversed Sequence 17784","27032.5934333571","30568.4629674355","19228.1865500841","42882.1780600632","33536.7741079687","31729.2519285534","18598.5154532095","26622.6662296516","10293.5148756857","42882.1780600632","41250.7085312576","35375.6411740572"
"Q61362;Q61362-2;Q61362-3;D3YXU4;D3Z2Z5","4","3","22.2315","0.103850693708594","0.125504819666269","1.27064374692095","0.362798857672962","Control_1_mes","Control_3_meses","44178.3342","Chitinase-3-like protein 1 OS=Mus musculus OX=10090 GN=Chi3l1 PE=1 SV=3","113911.47600763","85922.5793220074","99497.7029619516","69272.6286623702","90821.9159836797","75480.3432931825","78371.4796750344","74831.6378653852","53264.5698473797","69272.6286623702","111712.246754316","84154.6956747309"
"Q9CWY3;A0A1D5RLQ7;A0A1D5RMH9","6","2","20.9572","0.106916130819205","0.128223105914189","1.87812195697228","0.355713185141837","Control_1_mes","Control_3_meses","53359.5502","N-lysine methyltransferase SETD6 OS=Mus musculus OX=10090 GN=Setd6 PE=1 SV=1","1959.92554597541","2116.05727680801","1223.73566740916","570.874849532927","764.817584160977","1486.12564394376","1348.43538574378","1842.91525103172","655.108128037599","570.874849532927","940.736492491348","1656.91418247427"
"Q66VB7","15","15","85.6238","0.108863242590217","0.129569173724869","1.29287415132524","0.351349872744305","Control_1_mes","Control_3_meses","10573.4122","Lacrein OS=Mus musculus OX=10090 GN=Gm1553 PE=1 SV=1","167465.018231036","199229.460676074","152956.135684502","111171.661777103","133409.546328809","157353.206051066","115216.497341267","173512.794553752","81882.7222158885","111171.661777103","164095.637021612","175436.551967388"
"J3QJY4","4","2","49.7105","0.110282443825488","0.130271404313285","1.50085693973799","0.3482340784606","Control_3_meses","Control_1_mes","10289.6988","ABPA3 OS=Mus musculus OX=10090 GN=Scgb1b3 PE=3 SV=1","7678.72489553644","5989.46275304987","5521.32929278635","6753.62643718663","11139.7692956046","10907.3239388877","5282.9886256623","5216.3390726987","2955.75898750612","6753.62643718663","13702.0744702232","12160.8154740031"
"O08899;Q5D078","2","2","11.2465","0.111246816737703","0.130429896243793","2.30701238368594","0.346147037964363","Control_3_meses","Control_1_mes","23915.9606","Regulator of G-protein signaling 4 OS=Mus musculus OX=10090 GN=Rgs4 PE=2 SV=1","264.411097186047","850.153723045755","436.535306951958","1143.50791587497","1745.68811564346","689.211170231347","181.915726626014","740.415337096081","233.692483904694","1143.50791587497","2147.22117914669","768.416699711578"
"I7HJI3","4","3","27.0944","0.113579828534648","0.13073482106968","1.37879330896677","0.341196187979017","Control_3_meses","Control_1_mes","49593.0503","Serine (or cysteine) peptidase inhibitor_ clade B_ member 6e OS=Mus musculus OX=10090 GN=Serpinb6e PE=1 SV=1","18652.7588693696","20464.8995392618","13771.2163879347","20027.3230781872","23918.0270241527","28977.4765859465","12833.1610110661","17823.2772265169","7372.20956205419","20027.3230781872","29419.5129871371","32307.6262920525"
"A0AAA9WUV6;A0AAA9WW37;E0CYZ3;E9Q6P9;F6USE5;O88427;O88427-2","3","2","17.6919","0.113983472780011","0.13073482106968","2.2513424472576","0.34035338900012","Control_3_meses","Control_1_mes","267188.8502","Calcium channel_ voltage-dependent_ T type_ alpha 1H subunit OS=Mus musculus OX=10090 GN=Cacna1h PE=1 SV=1","68.408863365019","122.834894326486","237.784868774709","206.017597889998","282.815510532062","477.05724942995","47.0655287132323","106.979287656442","127.294483937422","206.017597889998","347.867095252459","531.881624984976"
"Q60997;A0A140LI59;A0A1D5RM72;E9QPG8;Q60997-2;Q60997-3;Q60997-4;A0A140LHB2","14","11","80.1533","0.114056339433199","0.13073482106968","2.55049162613692","0.340201670581607","Control_3_meses","Control_1_mes","232233.1624","Scavenger receptor cysteine-rich domain-containing protein DMBT1 OS=Mus musculus OX=10090 GN=Dmbt1 PE=1 SV=2","2342.41028506829","10082.3942887364","4234.99720625813","7303.07148899529","17092.0120992563","18095.6013448994","1611.58617622094","8780.9523897463","2267.14082618023","7303.07148899529","21023.4176682969","20175.1841312678"
"A2AJD1","19","5","136.4511","0.114883519499874","0.13073482106968","2.95213704764919","0.338488414471457","Control_1_mes","Control_3_meses","62688.3485","BPI fold containing family B_ member 9B OS=Mus musculus OX=10090 GN=Bpifb9b PE=1 SV=1","915.75322319683","2475.30529398268","1635.29653766249","710.171874130659","840.171861451683","152.272021651734","630.04130606042","2155.79130453477","875.430930147307","710.171874130659","1033.42332394077","169.771427669635"
"A2AEN9","41","31","137.219","0.116593558424508","0.13073482106968","1.12237233917966","0.334998471095921","Control_3_meses","Control_1_mes","18793.3791","Predicted gene 5938 OS=Mus musculus OX=10090 GN=Gm5938 PE=1 SV=1","950680.066745149","1111729.35645287","1066841.79853191","1142471.22832881","1117763.0054487","1251950.77983632","654071.092217144","968226.620555962","571117.400727708","1142471.22832881","1374864.37414477","1395827.47348717"
"A1L317","12","6","84.1633","0.117655176935272","0.13073482106968","1.56051527459071","0.332866291710898","Control_3_meses","Control_1_mes","55067.5256","Keratin_ type I cytoskeletal 24 OS=Mus musculus OX=10090 GN=Krt24 PE=2 SV=2","4367.80192208638","5596.03189545951","3219.32556858445","4885.70092103048","7804.29974140086","7882.52092698893","3005.0624533953","4873.69252166891","1723.41658656075","4885.70092103048","9599.39953934335","8788.39603555919"
"G3UVV3;S4R2G4","7","6","32.3909","0.11772912535325","0.13073482106968","2.00321310502579","0.332718737843758","Control_3_meses","Control_1_mes","250867.7329","Zinc finger protein 407 OS=Mus musculus OX=10090 GN=Zfp407 PE=1 SV=1","2198.16037448724","2446.67625291035","1496.08838533859","2226.33390620269","4179.77784077288","5895.46971551823","1512.34175123895","2130.85771838242","800.907980048485","2226.33390620269","5141.18611647157","6572.98891503374"
"P04939","23","17","78.9484","0.118427528088137","0.13073482106968","1.36480719468376","0.331331307962988","Control_3_meses","Control_1_mes","21749.8459","Major urinary protein 3 OS=Mus musculus OX=10090 GN=Mup3 PE=1 SV=1","16138.4258620577","27867.4864851053","20801.2622427777","26658.8421471276","32472.3661949183","29318.0898054317","11103.2914221091","24270.3335179999","11135.6368304079","26658.8421471276","39941.4716786538","32687.3834656153"
"P02088","7","1","45.8808","0.118996163539084","0.13073482106968","2.90206088639243","0.330209801619247","Control_1_mes","Control_3_meses","15954.2598","Hemoglobin subunit beta-1 OS=Mus musculus OX=10090 GN=Hbb-b1 PE=1 SV=2","60.6709483489484","112.498841286036","267.440695599181","67.4885730303934","40.005088336771","44.3330929577223","41.7418170850158","97.9774189487801","143.170276164283","67.4885730303934","49.2068269128856","49.4279408836983"
"Q8VE42","2","2","10.78","0.120526300735539","0.131496347386071","5.02836998080226","0.327227593645782","Control_3_meses","Control_1_mes","27225.2111","Ankyrin repeat domain-containing protein 49 OS=Mus musculus OX=10090 GN=Ankrd49 PE=1 SV=1","3460.16246036248","1863.44509738639","1602.56668247903","4396.24001086639","4148.51144002476","26282.6151804767","2380.60344259301","1622.91041318786","857.909503967441","4396.24001086639","5102.72799942281","29303.0660109472"
"P17182;Q6PHC1;B0QZL1;B1ARR7;A0A0N4SUI6;A0A0N4SUX5;B1ARR6;D3YVD3;D3Z2S4;D3Z6E4;P17183;A0A0N4SUW8;P21550;Q5SX59;Q5SX60;Q5SX61","11","10","78.9833","0.121790467930933","0.131959193096056","1.98418077348941","0.324802195612511","Control_3_meses","Control_1_mes","47483.0601","Alpha-enolase OS=Mus musculus OX=10090 GN=Eno1 PE=1 SV=3","5312.01553343984","4171.78555688318","4651.68812091614","5149.22084217859","8389.83807834947","14508.3069962797","3654.68460249397","3633.28881078838","2490.20991891152","5149.22084217859","10319.6200111628","16175.6307239499"
"A5D6P2;B7ZNY3;E0CXL4;E0CY24;F6S7Z1;G3XA13;Q99NH2;E0CZ83;F6T4Y3","9","6","48.109","0.123068662102883","0.132430792496393","1.24041915231239","0.322384413730229","Control_3_meses","Control_1_mes","149770.5212","Partitioning defective 3 homolog OS=Mus musculus OX=10090 GN=Pard3 PE=1 SV=1","72948.4078013826","99167.5921454066","102564.915084526","122171.124527439","111960.022702374","106588.320549722","50188.7505956751","86366.9759679406","54906.5548327221","122171.124527439","137712.418277918","118837.664045875"
"P28666","8","2","52.2975","0.123978528751179","0.132502324728995","2.27667165338551","0.32068407858211","Control_3_meses","Control_1_mes","163807.927","Murinoglobulin-2 OS=Mus musculus OX=10090 GN=Mug2 PE=1 SV=2","3362.65724399361","9706.69256298807","6263.89416009128","8637.64305452715","12024.8417873824","23352.9636659118","2313.51952488175","8453.74648288877","3353.27970470195","8637.64305452715","14790.7262072633","26036.7330706797"
"P17742","2","1","10.1609","0.124831083760364","0.132512052234168","1.37407566524563","0.319106221532046","Control_1_mes","Control_3_meses","18142.461","Peptidyl-prolyl cis-trans isomerase A OS=Mus musculus OX=10090 GN=Ppia PE=1 SV=2","2655.83320014958","3884.88674767468","3809.71117700404","2375.58888988846","2123.9684416925","3033.09271573507","1827.22219885784","3383.42308324496","2039.47047062456","2375.58888988846","2612.51135353023","3381.66181166511"
"E9Q0P8;P04627","3","3","14.1235","0.12610987262477","0.132971072928158","1.7123583880289","0.316766925532211","Control_1_mes","Control_3_meses","46768.0905","non-specific serine/threonine protein kinase OS=Mus musculus OX=10090 GN=Araf PE=1 SV=1","12600.4816839006","23742.9361712778","14702.549585524","7091.60744605858","8482.46216267418","14236.2596994103","8669.17389534405","20678.1827949029","7870.78451079598","7091.60744605858","10433.5489505758","15872.3192062975"
"P40142;A0A286YE28","34","29","255.5312","0.132141413660143","0.13840189737469","1.37985203553755","0.306156965941668","Control_1_mes","Control_3_meses","68314.9178","Transketolase OS=Mus musculus OX=10090 GN=Tkt PE=1 SV=1","14940.5742403992","20026.1225009472","25243.739833891","14085.2036074258","13541.1049959523","16009.1211561475","10279.1654664922","17441.1378087539","13513.8490996676","14085.2036074258","16655.7514918068","17848.9214560471"
"P21460;A2APX3","2","1","12.9592","0.133357184717573","0.13875026642498","2.33472972949609","0.304099049446833","Control_1_mes","Control_3_meses","15758.966","Cystatin-C OS=Mus musculus OX=10090 GN=Cst3 PE=1 SV=2","47.8388072785262","158.888695829446","104.651916350195","28.6363220214911","62.179001994156","42.55318349266","32.9132607504425","138.379241417478","56.023798963768","28.6363220214911","76.4810556843619","47.4434806543764"
"Q6IFX3","6","1","49.6503","0.138112055961748","0.142752051018223","2.03794103496802","0.296294141588562","Control_1_mes","Control_3_meses","51038.0212","Keratin_ type I cytoskeletal 40 OS=Mus musculus OX=10090 GN=Krt40 PE=2 SV=1","3676.11303491616","2889.55948379905","1312.31478612227","925.922688634901","1633.48998808606","1306.24740355762","2529.17816620832","2516.57329875753","702.527601203908","925.922688634901","2009.21588851489","1456.36397406565"
"A0A0J9YV20;A0A0R4J0B7;Q80UZ2;Q80UZ2-2;Q80UZ2-3;A0A0J9YU58","5","2","29.5897","0.14330061297589","0.146644001456304","1.7675588419116","0.288194682444156","Control_3_meses","Control_1_mes","79801.1831","Protein SDA1 OS=Mus musculus OX=10090 GN=Sdad1 PE=1 SV=1","6353.57412385435","6356.29705547059","3051.94806866009","5998.53031762307","12103.6696205144","9757.74303825093","4371.28042549568","5535.82216889944","1633.81360809792","5998.53031762307","14887.6855617381","10879.1224314742"
"Q8VED5","17","7","136.8788","0.143744312171884","0.146644001456304","1.91796535219139","0.287521199450174","Control_3_meses","Control_1_mes","57837.5262","Keratin_ type II cytoskeletal 79 OS=Mus musculus OX=10090 GN=Krt79 PE=1 SV=2","21862.530115923","57810.8387106654","88509.0621604686","120026.730122236","81721.0121228755","120820.333235383","15041.4944540805","50348.5786998793","47381.9694649148","120026.730122236","100518.005730286","134705.248163088"
"P07724","19","15","130.0215","0.145541646355318","0.14751967250161","1.14674510945552","0.284822764304699","Control_3_meses","Control_1_mes","70745.5714","Albumin OS=Mus musculus OX=10090 GN=Alb PE=1 SV=3","199235.012986514","175308.45638311","167709.480686368","209214.38250009","186706.935457509","225904.60060694","137074.360881619","152679.528784124","89780.6992740608","209214.38250009","229652.182721176","251866.010224092"
"Q9JHU4","9","4","49.667","0.146913681292485","0.147955800924959","1.90681883584654","0.282794323671031","Control_3_meses","Control_1_mes","534783.7004","Cytoplasmic dynein 1 heavy chain 1 OS=Mus musculus OX=10090 GN=Dync1h1 PE=1 SV=2","3353.6343482394","5497.65226962006","5525.14004367738","4990.64961714666","9082.26595561864","13340.3255776196","2307.31174217193","4788.01180081252","2957.7990145717","4990.64961714666","11171.3161359061","14873.4225389752"
"P61982","8","2","62.4061","0.148730044004111","0.148257386858645","2.17477095751842","0.28014986625737","Control_3_meses","Control_1_mes","28473.7251","14-3-3 protein gamma OS=Mus musculus OX=10090 GN=Ywhag PE=1 SV=2","458.246701916198","1556.65709279414","461.075346470607","949.415831068306","2228.74510082059","2206.52659577281","315.275276417024","1355.72280031308","246.829617829267","949.415831068306","2741.38813257455","2460.10505601705"
"Q9ES28","3","2","12.1617","0.150629432700124","0.148257386858645","1.27252169404888","0.27743311187975","Control_3_meses","Control_1_mes","97797.3375","Rho guanine nucleotide exchange factor 7 OS=Mus musculus OX=10090 GN=Arhgef7 PE=1 SV=2","600.709245453026","601.371123190371","568.77088395854","581.75041323598","890.924059625947","780.772163007663","413.289986844465","523.745754240358","304.482772706327","581.75041323598","1095.8492486128","870.500065348086"
"F8WIR1;P18242","15","8","98.3189","0.151610377922794","0.148257386858645","1.18301806421277","0.276049038758419","Control_3_meses","Control_1_mes","44671.3174","Cathepsin D OS=Mus musculus OX=10090 GN=Ctsd PE=1 SV=2","18545.0780675167","19043.0838858989","13920.7981995809","20518.1533119049","20301.3299659403","20116.5470519655","12759.0762562234","16584.9904464489","7452.28589162908","20518.1533119049","24970.9242315857","22428.3809707774"
"F6TZH1","8","7","51.0576","0.152819566261557","0.148257386858645","1.7317503825991","0.274360382587592","Control_3_meses","Control_1_mes","18544.9769","Predicted gene 1330 OS=Mus musculus OX=10090 GN=Gm1330 PE=4 SV=1","42730.245065772","20261.7031614846","11523.2873993491","36148.1713740426","47544.95411802","45348.6623137738","29398.5527187539","17646.3095670569","6168.81524178275","36148.1713740426","58480.9689250478","50560.221506259"
"Q8CH09;D3Z0I4;D3YVJ0","6","4","37.4267","0.152884339169791","0.148257386858645","1.4977007936741","0.274270463953549","Control_3_meses","Control_1_mes","118958.15","SURP and G-patch domain-containing protein 2 OS=Mus musculus OX=10090 GN=Sugp2 PE=1 SV=2","15490.7588753043","11371.2502268975","21042.1334210524","18048.7350366039","23133.5258968341","30563.8113439169","10657.6943508786","9903.44197963251","11264.5835228189","18048.7350366039","28454.5654569638","34076.2658208462"
"Q9EPV7","14","12","104.5101","0.153176523389757","0.148257386858645","1.21264620765648","0.273865524752014","Control_1_mes","Control_3_meses","15939.4918","AUMP OS=Mus musculus OX=10090 GN=9530002B09Rik PE=1 SV=1","53463.1652625494","50204.6295697016","64878.0304244942","40885.4494055479","44798.5218719558","53306.1349814943","36782.8380123547","43724.183896368","34731.4589204876","40885.4494055479","55102.8182502539","59432.1828868651"
"REVERSE10815","2","1","10.9903","0.153818860976047","0.148257386858645","5.35660266403604","0.272979172435968","Control_1_mes","Control_3_meses","52669.2558","Reversed Sequence 10815","549.025235865524","1003.25172805651","98.0427582353689","31.6337618433114","130.865292765241","145.591693513866","377.731213936984","873.751353766885","52.4856874942587","31.6337618433114","160.966168998167","162.323382828795"
"Q8CCX5;Q8CCX5-2","7","3","44.6141","0.158620471622873","0.151953162499485","1.18276520525193","0.266517295463126","Control_3_meses","Control_1_mes","34425.9595","Keratin-like protein KRT222 OS=Mus musculus OX=10090 GN=Krt222 PE=2 SV=1","23649.0718077005","24774.3685100278","18618.7018158668","27176.626482228","24057.2063449656","28061.2801739768","16270.6411633757","21576.4771881232","9967.23656744127","27176.626482228","29590.7055287318","31286.13875154"
"A8R0V1","19","17","108.1399","0.161971458326401","0.153598620397198","1.15255238284759","0.262171853754984","Control_1_mes","Control_3_meses","10817.7247","Exocrine gland secreted peptide 18 OS=Mus musculus OX=10090 GN=Esp18 PE=2 SV=1","102792.886929529","125624.985992102","131646.08691793","104978.02363875","99231.7657092723","108195.933114637","70721.8528903624","109409.232506562","70474.7143203471","104978.02363875","122056.481375846","120630.026669847"
"P13745;Q6P8Q0;P30115","5","3","28.1861","0.162678970803777","0.153598620397198","1.2887921346521","0.261270933769903","Control_3_meses","Control_1_mes","25722.1182","Glutathione S-transferase A1 OS=Mus musculus OX=10090 GN=Gsta1 PE=1 SV=2","2578.88733870398","3366.04308963568","3477.76133013968","4379.02016216803","4562.60757993976","3202.26328347155","1774.28318667299","2931.5520962065","1861.76620934232","4379.02016216803","5612.07213361291","3570.27380021539"
"Q6UGQ3;G5E8B4;A0A0U1RPN9;Q9EST1","27","20","112.8885","0.164143809589129","0.153598620397198","1.96740335000441","0.259423549066081","Control_3_meses","Control_1_mes","13028.1121","Secretoglobin family 2B member 2 OS=Mus musculus OX=10090 GN=Scgb2b2 PE=2 SV=1","23521.5413347588","127979.737936903","70009.695260695","120846.873783586","186076.98650591","128877.573068204","16182.8997678781","111460.03156528","37478.6170152396","120846.873783586","228877.336562499","143688.442151431"
"P15864;P43277","1","1","5.6778","0.16424881397583","0.153598620397198","1.87004307626247","0.259292039474094","Control_1_mes","Control_3_meses","21266.6702","Histone H1.2 OS=Mus musculus OX=10090 GN=H1-2 PE=1 SV=2","347.578861522407","540.216423193463","782.252308071829","264.665378477627","156.803747965853","471.583880723344","239.135428983909","470.484942006306","418.766780148676","264.665378477627","192.870837341844","525.779245773066"
"Q3V1U8","2","1","11.1461","0.167487962949256","0.15570094568207","47.6713004745502","0.255294218299145","Control_1_mes","Control_3_meses","38604.8084","ELMO domain-containing protein 1 OS=Mus musculus OX=10090 GN=Elmod1 PE=1 SV=2","0","14.6672344360455","34.7359096362269","0","1.03632885154133","0","0","12.7739784404231","18.5953366756477","0","1.27469920809428","0"
"REVERSE54119","1","1","5.6134","0.172324521031483","0.158474681679564","4.11456272811805","0.249529790571759","Control_1_mes","Control_3_meses","18887.0901","Reversed Sequence 54119","15533.8193081651","29403.2555896716","20167.5906553938","12.2954096793765","1577.50040751593","14233.189480445","10687.320073914","25607.8645649561","10796.4104611377","12.2954096793765","1940.34790910071","15868.8961516132"
"M0QW55","1","1","13.6948","0.17248909519756","0.158474681679564","1.81927584580128","0.249337806544834","Control_1_mes","Control_3_meses","4939.6321","RAB29_ member RAS oncogene family OS=Mus musculus OX=10090 GN=Rab29 PE=1 SV=1","139937.965031353","84126.9550068036","236026.364861184","80509.4730182705","71432.6017881859","100955.95929936","96277.7919011929","73267.7938844679","126353.095827541","80509.4730182705","87863.1148752527","112558.020548319"
"REVERSE4129","3","2","22.5129","0.17894649724846","0.163451574835413","1.33318848500021","0.242010672014073","Control_3_meses","Control_1_mes","46020.8252","Reversed Sequence 4129","14756.3426895157","26773.0468386298","26317.2878813701","28433.8505236164","31345.1412686492","30673.4172756244","10152.4135381387","23317.1648406065","14088.5565879535","28433.8505236164","38554.9690074966","34198.4678859742"
"G3X977;Q61703;F6SGM1","6","5","32.0148","0.180474420769105","0.163894321961282","1.27815081641596","0.240333646787105","Control_1_mes","Control_3_meses","106760.7795","Inter-alpha-trypsin inhibitor heavy chain H2 OS=Mus musculus OX=10090 GN=Itih2 PE=1 SV=1","2460.97613773278","1524.70550456275","1888.92002649509","1572.78568209361","1548.79570478394","1474.59114091813","1693.15988273341","1327.89554351257","1011.20437650542","1572.78568209361","1905.04071699983","1644.05411123544"
"REVERSE27225","1","1","6.101","0.194041366031827","0.174535267284259","3.52952706963829","0.226312825164691","Control_3_meses","Control_1_mes","28887.3335","Reversed Sequence 27225","0","958.013064659598","104.80985385186","927.566117981444","1470.82292108704","1352.87322204967","0","834.352125955708","56.1083483838906","927.566117981444","1809.13308547581","1508.34812509876"
"Q921L8","1","1","4.9434","0.194413710758098","0.174535267284259","2.89408400253858","0.225948724983268","Control_1_mes","Control_3_meses","70056.9367","Polypeptide N-acetylgalactosaminyltransferase 11 OS=Mus musculus OX=10090 GN=Galnt11 PE=1 SV=1","547.883787557632","1355.55439996846","1804.5993015533","47.6905460252798","517.986732119852","715.570082272479","376.945893651467","1180.57857161288","966.064569157698","47.6905460252798","637.131038332562","797.804830771374"
"F6RR30","9","2","68.7556","0.195527069522678","0.174537430422648","1.29464283466453","0.224866225666133","Control_3_meses","Control_1_mes","45055.7723","Lipase OS=Mus musculus OX=10090 GN=Lipo4 PE=3 SV=2","23034.7031629312","24636.705242309","15078.2299270246","22753.7714463095","28183.055635186","30301.5425631618","15847.9534637335","21456.5835829896","8071.89922193454","22753.7714463095","34665.5587619872","33783.856585985"
"P57780;A0A1L1SV25;E9Q2W9;A0A1L1SVJ6;D3Z0L8;D3Z761","45","20","310.6523","0.198838416125695","0.174650402874114","1.48132223664527","0.221700622107666","Control_3_meses","Control_1_mes","105433.5004","Alpha-actinin-4 OS=Mus musculus OX=10090 GN=Actn4 PE=1 SV=1","30729.7066457264","48867.2618751668","62777.7913982356","52123.5098018669","67151.8965178373","91627.491485533","21142.1418123315","42559.4444786273","33607.1281572626","52123.5098018669","82597.7865867632","102157.506510712"
"O08759;A0A0J9YUF2;A0A0J9YUK0;A0A140LHS2;A0A140LI50","3","1","14.2444","0.200295565469971","0.174650402874114","2.75865586481532","0.220332618313307","Control_3_meses","Control_1_mes","100789.1487","Ubiquitin-protein ligase E3A OS=Mus musculus OX=10090 GN=Ube3a PE=1 SV=2","123.633625846219","308.886302878534","23.0923181650914","185.113608851986","333.883719618118","737.88006849425","85.0603515532423","269.015061477139","12.3621184934569","185.113608851986","410.681717834827","822.67872533897"
"A0A0A0MQ97;G3X9C2","6","3","37.2373","0.200462593369592","0.174650402874114","1.59338824831136","0.220176766870518","Control_3_meses","Control_1_mes","33198.6553","F-box only protein 50 OS=Mus musculus OX=10090 GN=Nccrp1 PE=1 SV=1","635.198869317828","734.568276263401","1906.44191403101","1636.44779394257","1358.49244486389","2225.33277579089","437.018964384347","639.749733661263","1020.58445036373","1636.44779394257","1670.96500410517","2481.07247994726"
"P05064;A6ZI44;A0A0U1RPN8;A0A0U1RPT5;A6ZI47;D3YV98;D3YWI1;D3Z510","6","6","31.8022","0.200605466812824","0.174650402874114","1.72342379500363","0.220043608920405","Control_1_mes","Control_3_meses","39812.1919","Fructose-bisphosphate aldolase A OS=Mus musculus OX=10090 GN=Aldoa PE=1 SV=2","2590.34166232903","2919.16102970839","6313.09367595294","2603.34011639024","1678.30636826861","2578.30079137689","1782.16379995827","2542.35385820095","3379.61791122389","2603.34011639024","2064.34067274085","2874.60428754883"
"Q8C0V1;Q8C0V1-2;Q8C0V1-3;Q8C0V1-4","5","4","26.8481","0.201211969592251","0.174650402874114","1.44182684921073","0.219479937319188","Control_3_meses","Control_1_mes","88774.0037","Telomere repeats-binding bouquet formation protein 1 OS=Mus musculus OX=10090 GN=Terb1 PE=1 SV=2","71315.9278776659","32424.4821723355","28795.0487179655","55266.2548386382","67291.7505713166","68535.177514161","49065.5989023997","28239.1092893015","15414.9878644263","55266.2548386382","82769.809059122","76411.3775200439"
"P18761;B1ARR4","15","14","98.0761","0.203424795731893","0.175195676582634","1.20286239781165","0.217444941489238","Control_1_mes","Control_3_meses","36609.0124","Carbonic anhydrase 6 OS=Mus musculus OX=10090 GN=Ca6 PE=1 SV=3","21714.3423933642","25209.6764970726","25405.3218200613","17837.0385296427","17250.1663781093","25043.8132719547","14939.5408011769","21955.5953419716","13600.3495386952","17837.0385296427","21217.9496778137","27921.8985034279"
"A0A5F8MPN8;P14152","2","2","11.4787","0.204070448946821","0.175195676582634","1.49422131206471","0.216857469950384","Control_1_mes","Control_3_meses","39114.0452","Malate dehydrogenase OS=Mus musculus OX=10090 GN=Mdh1 PE=1 SV=1","1038.07379181859","1490.78615960578","1644.05257717616","611.28329131753","717.172508536501","1464.24464880603","714.198269814776","1298.35452928232","880.118341659117","611.28329131753","882.132372691167","1632.51857950618"
"P05784;Q9R0N5","21","14","131.1086","0.206840762027879","0.17660893047812","1.33326959657574","0.214368395449566","Control_1_mes","Control_3_meses","47538.1754","Keratin_ type I cytoskeletal 18 OS=Mus musculus OX=10090 GN=Krt18 PE=1 SV=5","39663.0470748333","39043.1309549749","64535.5860097385","33021.9082746004","34569.7192348025","39844.8312589036","27288.31015645","34003.4186567438","34548.1365531805","33021.9082746004","42521.2457098971","44423.8791519501"
"B1AZM5","2","1","16.4812","0.209837084002732","0.178198838292001","1.55489688718536","0.211732583615597","Control_3_meses","Control_1_mes","13672.6566","Predicted gene 12886 OS=Mus musculus OX=10090 GN=Gm12886 PE=4 SV=1","577.331749108115","785.674121309802","243.246567311014","799.940218708395","984.601937173298","713.014759576921","397.206190515413","684.258803564583","130.218320513665","799.940218708395","1211.0743686584","794.955845268485"
"Q6IFZ6","26","12","196.6626","0.216651948441357","0.182997016554275","1.36134362188746","0.205945775154394","Control_3_meses","Control_1_mes","61415.8812","Keratin_ type II cytoskeletal 1b OS=Mus musculus OX=10090 GN=Krt77 PE=1 SV=1","12284.5997886868","26310.3503867954","14136.5804494362","25266.814278055","26047.6033939116","20471.3152166294","8451.84608608275","22914.1935425092","7567.80161085769","25266.814278055","32038.9221718477","22823.9198041981"
"P62806","7","7","54.1385","0.223903417017485","0.187307716113938","1.3312704522772","0.200086773224213","Control_1_mes","Control_3_meses","11367.3627","Histone H4 OS=Mus musculus OX=10090 GN=H4c1 PE=1 SV=2","7190.53458436536","10089.981194388","11728.279232887","5747.17738317545","6905.97843075828","9137.15355710316","4947.11204508907","8787.55997276723","6278.55447706738","5747.17738317545","8494.45156690466","10187.213562935"
"P70704;A0A140LHU4;A0A140LIB1","7","6","44.539","0.224139894556083","0.187307716113938","1.43168729380593","0.199900629859419","Control_1_mes","Control_3_meses","132725.2113","Phospholipid-transporting ATPase IA OS=Mus musculus OX=10090 GN=Atp8a1 PE=1 SV=2","11786.3818519045","8014.06553970536","6596.13339409233","4333.24444284692","5810.44899583018","8293.69920977675","8109.07046526948","6979.60483762026","3531.13888495113","4333.24444284692","7146.93480032052","9246.827750975"
"P27773","5","4","29.0741","0.228108287638707","0.189615403521627","1.40348378639695","0.196821505065547","Control_1_mes","Control_3_meses","57134.6581","Protein disulfide-isomerase A3 OS=Mus musculus OX=10090 GN=Pdia3 PE=1 SV=2","9926.29515454065","15198.0478897571","12502.252885731","5839.87521356548","7760.29285789926","13209.25879525","6829.32454409041","13236.2741542582","6692.88940606274","5839.87521356548","9545.27044753359","14727.2932992003"
"Q6DFZ2;Q6ZWQ0-3;D3YVK9;Q80Y61-2","13","2","73.2887","0.22968912854186","0.189924588219989","1.45111686008536","0.195617882975591","Control_1_mes","Control_3_meses","249555.7583","Spectrin repeat containing_ nuclear envelope 2 (Fragment) OS=Mus musculus OX=10090 GN=Syne2 PE=1 SV=1","13900.9299097763","23333.2625539562","26924.4969231235","12916.7135699968","11772.0936117815","19524.5095755516","9563.88666068322","20321.3901099496","14413.6166391267","12916.7135699968","14479.8423610723","21768.3053606"
"A0A0J9YUR3","3","1","24.2636","0.23222791002954","0.191018487015981","1.78399605096544","0.193711550801424","Control_1_mes","Control_3_meses","8097.0205","Transducin (beta)-like 1X-linked receptor 1 (Fragment) OS=Mus musculus OX=10090 GN=Tbl1xr1 PE=1 SV=1","135618.622402482","181569.355370713","75426.123478111","31689.9739968341","51609.8855877365","136775.796434306","93306.0696049653","158132.26692873","40378.2188203205","31689.9739968341","63480.8923737664","152494.345181888"
"Q01320","16","7","85.8109","0.234399185721519","0.191800274491213","1.50276401308552","0.192106679481379","Control_3_meses","Control_1_mes","173588.9291","DNA topoisomerase 2-alpha OS=Mus musculus OX=10090 GN=Top2a PE=1 SV=2","31156.9421593814","121998.399184159","55073.8840135949","102898.188771268","115713.624115333","94307.5734527762","21436.0812866354","106250.767841735","29482.9594501331","102898.188771268","142329.401334487","105145.588870918"
"Q6P5G3;A2ABG6;Q5NC75;Q6P5G3-2;Q5NC76","6","5","30.3017","0.2430631249033","0.197859142450112","1.23795282887548","0.18592682199299","Control_1_mes","Control_3_meses","71810.0766","MBT domain-containing protein 1 OS=Mus musculus OX=10090 GN=Mbtd1 PE=1 SV=1","26584.3598618245","18688.2863153534","29588.7388234192","20419.8077087518","18795.9657088232","21256.1470421076","18290.129244267","16275.9903730796","15839.8776940465","20419.8077087518","23119.304812145","23698.946076567"
"A2RTS9;J3QMJ1;Q6XQH0;Q3ULK5;A0A087WRM6","4","3","22.9852","0.244948912583649","0.198366413052011","1.83703112705321","0.184627243061736","Control_3_meses","Control_1_mes","47340.332","Galactose-3-O-sulfotransferase 2 OS=Mus musculus OX=10090 GN=Gal3st2 PE=2 SV=1","343.995398113817","2218.48531963495","793.112923500477","1141.07913367981","2214.87079048772","2808.38004454916","236.669994073086","1932.12181662329","424.580844110595","1141.07913367981","2724.32253378526","3131.12470978082"
"P17879;Q61696","19","9","127.3413","0.246731853039737","0.198785619468707","1.94327464854994","0.183412919331576","Control_3_meses","Control_1_mes","70461.5006","Heat shock 70 kDa protein 1B OS=Mus musculus OX=10090 GN=Hspa1b PE=1 SV=3","12660.0480928139","10228.9785772943","1809.44877433394","11834.6601252203","11977.1365379238","24184.1245258735","8710.15578557212","8908.61548464728","968.660660061889","11834.6601252203","14732.0480727923","26963.4126030599"
"P08730;P08730-2","26","10","217.5342","0.252555680923591","0.202439578749871","1.57288109087814","0.179540920536263","Control_1_mes","Control_3_meses","48096.3274","Keratin_ type I cytoskeletal 13 OS=Mus musculus OX=10090 GN=Krt13 PE=1 SV=2","33323.4116631873","36248.2098617661","65713.2813695572","16877.0867677303","21153.3918017739","47980.4116872924","22926.6196119638","31569.2677646306","35178.5977084092","16877.0867677303","26018.9723929093","53494.4167941681"
"A0A571BE72","2","1","20.0534","0.257313403339318","0.204922941115309","2.48903216796103","0.176481021296515","Control_3_meses","Control_1_mes","11312.0878","Myosin VIIA (Fragment) OS=Mus musculus OX=10090 GN=Myo7a PE=1 SV=1","143.675887927319","214.02348978383","328.310218383927","331.23553367278","228.364804598397","1147.89961393942","98.8494954602654","186.39720092862","175.755841975632","331.23553367278","280.891953500314","1279.81853899356"
"P01887","1","1","5.7536","0.259061450559547","0.204922941115309","1.29660284234735","0.175379230208265","Control_1_mes","Control_3_meses","13893.0765","Beta-2-microglobulin OS=Mus musculus OX=10090 GN=B2m PE=1 SV=2","3315.98714663506","2530.24842255472","4213.75926292587","2634.42095302174","2023.1782812281","3101.13343511807","2281.41034049789","2203.64233895362","2255.77141882347","2634.42095302174","2488.53802446911","3457.52190693422"
"Q7TPR4;A1BN54","27","7","202.7225","0.259664609104441","0.204922941115309","1.46750497808391","0.175001799923634","Control_3_meses","Control_1_mes","103695.9952","Alpha-actinin-1 OS=Mus musculus OX=10090 GN=Actn1 PE=1 SV=1","11418.9047808762","19749.6159765391","26126.8022484977","20513.3092467834","24877.9165994918","38689.9458858279","7856.24500103613","17200.3229232466","13986.5830247956","20513.3092467834","30600.1907997088","43136.2720363745"
"A0A0H2UH22;D3YUJ4;Q812E0","2","1","19.0882","0.260871251469064","0.204922941115309","1.4327457947805","0.174250908804681","Control_3_meses","Control_1_mes","108362.9959","Cytoplasmic polyadenylation element binding protein 2 OS=Mus musculus OX=10090 GN=Cpeb2 PE=1 SV=2","6475.33484693717","3469.8060477365","1950.12995391678","5651.99981964688","4803.03336145562","6587.86610499059","4455.05221363109","3021.92126535518","1043.9721727203","5651.99981964688","5907.79926004378","7344.95688576753"
"Q91XA9;D3Z1S6","9","7","62.6481","0.26771523403541","0.208850822837673","1.32813502394438","0.170094497663408","Control_3_meses","Control_1_mes","52687.6861","Acidic mammalian chitinase OS=Mus musculus OX=10090 GN=Chia PE=1 SV=2","4411.22908538049","4700.09205166469","2603.18442174298","3935.24433203289","5352.5936453436","6270.6071434412","3034.9404882056","4093.40116555443","1393.57486986974","3935.24433203289","6583.76621554269","6991.23788828542"
"A2AEP0","35","12","204.4839","0.268530243513748","0.208850822837673","1.48804563576698","0.169610852736063","Control_3_meses","Control_1_mes","19622.2442","Odorant-binding protein 1b OS=Mus musculus OX=10090 GN=Obp1b PE=1 SV=1","62461.0830870946","82323.689647766","36725.0396892866","56577.3047048952","111296.73119626","102220.848325479","42973.4358223308","71697.2951705386","19660.1869535203","56577.3047048952","136896.560303567","113968.273157291"
"E9Q7N9","7","4","39.7856","0.277950095326468","0.215112250475092","1.33905250390378","0.164187137738213","Control_3_meses","Control_1_mes","520367.9891","Dynein axonemal heavy chain 11 OS=Mus musculus OX=10090 GN=Dnah11 PE=1 SV=2","3296.25435579545","4235.50134894154","1997.71473282757","3230.13948790813","4911.81700741663","4618.50475497308","2267.83411384875","3688.78012768366","1069.44595457168","3230.13948790813","6041.60468981046","5149.27258103983"
"B8JJX8","4","2","18.4382","0.279350939956751","0.215136611495748","1.25788408968331","0.163405835522596","Control_3_meses","Control_1_mes","94541.0191","Zinc finger protein 738 OS=Mus musculus OX=10090 GN=Zfp738 PE=3 SV=1","9016.24851371701","10413.3751135244","18732.3193528198","15324.0518964998","16679.8984434564","15999.3505660647","6203.20938594896","9069.20999812305","10028.0599739398","15324.0518964998","20516.5120177289","17838.028010163"
"P17047;P17047-2;P17047-3","6","6","27.1471","0.286917692936667","0.219886123765609","1.30808742089249","0.159292907034551","Control_1_mes","Control_3_meses","46194.3512","Lysosome-associated membrane glycoprotein 2 OS=Mus musculus OX=10090 GN=Lamp2 PE=1 SV=2","5131.31409435991","5865.64983977964","3133.8456890949","3636.51530912802","3503.9999445476","3662.13401696196","3530.36140296705","5108.50800940888","1677.65624359727","3636.51530912802","4309.96970491957","4082.99380039187"
"P10078;P10078-2;A0A140LIA3;A0A140LJ19","6","5","31.1472","0.292994666017358","0.223453338761099","1.24042426266512","0.156115506388297","Control_1_mes","Control_3_meses","95761.5109","Zinc finger protein 28 OS=Mus musculus OX=10090 GN=Zfp28 PE=2 SV=3","11840.1955610964","14125.9456257841","17621.160432273","14245.5373913966","12132.0258647462","8761.46371314896","8146.09447868749","12302.559535757","9433.21808138231","14245.5373913966","14922.564144934","9768.34868889428"
"REVERSE12943","3","2","26.3849","0.296726157632226","0.224855072620791","1.43754439769538","0.154217372447967","Control_3_meses","Control_1_mes","93514.5176","Reversed Sequence 12943","19785.8078561405","16985.3101367353","9377.01056963355","14572.9841417717","21965.5473576138","29801.4521797759","13612.7025353247","14792.8354480611","5019.8388462984","14572.9841417717","27017.9352629854","33226.2948131108"
"REVERSE6041","2","1","17.57","0.297706667469913","0.224855072620791","2.11859702393008","0.153725092664122","Control_3_meses","Control_1_mes","35018.0115","Reversed Sequence 6041","10.2233905748187","23.5173198983748","226.775550535541","328.3878708379","46.911379519262","176.629724901336","7.03372719523599","20.4816892147097","121.400814205705","328.3878708379","57.7016631688639","196.928367011362"
"P46737;P46737-2;A3KGA8","3","1","15.3678","0.299126315232708","0.224855072620791","1.42355003594605","0.153017041914528","Control_3_meses","Control_1_mes","33739.3227","Lys-63-specific deubiquitinase BRCC36 OS=Mus musculus OX=10090 GN=Brcc3 PE=1 SV=1","14.4767051570016","493.195949757384","0","254.34420372747","410.921603046999","57.4316193777339","9.96002197265375","429.533901334668","0","254.34420372747","505.439408749253","64.0317762210909"
"P47739","31","21","183.3823","0.302556213223377","0.226350331883917","1.3802095241488","0.151328990256134","Control_1_mes","Control_3_meses","50880.1354","Aldehyde dehydrogenase_ dimeric NADP-preferring OS=Mus musculus OX=10090 GN=Aldh3a1 PE=1 SV=2","28998.3559522959","30059.3883261915","53998.7577696768","25966.5906321408","20333.3555623993","35612.6185791944","19950.9666960381","26179.3032684763","28907.4070985796","25966.5906321408","25010.316170143","39705.2921059391"
"REVERSE10617","2","1","9.5886","0.305706835835873","0.227230396096732","1.73280263363593","0.149805982312276","Control_1_mes","Control_3_meses","19069.561","Reversed Sequence 10617","733.610106747226","1248.55008973113","2460.86841533832","619.290277448164","835.803943581904","1108.97656555103","504.726227640917","1087.38644613319","1317.38817773635","619.290277448164","1028.05072291615","1236.42237584768"
"Q07797","2","2","11.8325","0.306625261806596","0.227230396096732","2.69796719600737","0.149366893021001","Control_1_mes","Control_3_meses","65403.6665","Galectin-3-binding protein OS=Mus musculus OX=10090 GN=Lgals3bp PE=1 SV=1","1702.98762599595","2999.65852459068","401.762387595608","646.090852210438","755.883990210233","489.971266388986","1171.6612302402","2612.46068499357","215.077334642787","646.090852210438","929.748045033273","546.279746664215"
"O88990","29","12","186.0878","0.314422568675571","0.231440986276055","1.23261234349806","0.145725087729004","Control_1_mes","Control_3_meses","103670.2402","Alpha-actinin-3 OS=Mus musculus OX=10090 GN=Actn3 PE=1 SV=1","48351.0038971249","38427.0876293432","56922.5792743741","42676.2922040396","28141.4197763039","45764.4977945728","33265.6537514904","33466.894597331","30472.6301150122","42676.2922040396","34614.3460641389","51023.8456342186"
"P07309","1","1","6.0779","0.31525333552524","0.231440986276055","1.50092307757665","0.145345920904589","Control_1_mes","Control_3_meses","15889.9971","Transthyretin OS=Mus musculus OX=10090 GN=Ttr PE=1 SV=1","1200.95031761447","874.207280131635","2006.32197616147","847.130683282926","519.979986755473","1352.20228802299","826.257868885341","761.364045659395","1074.05371032989","847.130683282926","639.582769847879","1507.60008598858"
"REVERSE175","2","1","17.11","0.320880651149859","0.23419677900168","1.40634050252741","0.142820853525952","Control_3_meses","Control_1_mes","53020.3235","Reversed Sequence 175","20184.393365733","12936.612108548","8411.10028450381","12752.7835458875","20513.3454493574","25142.1534885859","13886.9307102076","11266.7459490926","4502.75358385501","12752.7835458875","25231.7062877965","28031.5401749163"
"P35918","5","2","27.7568","0.32198846559263","0.23419677900168","1.21545645740416","0.142332476045326","Control_3_meses","Control_1_mes","152343.8222","Vascular endothelial growth factor receptor 2 OS=Mus musculus OX=10090 GN=Kdr PE=1 SV=2","25443.2647672119","28890.5504727194","16897.1769379926","24378.1601907918","33744.9045924426","28455.1046267285","17505.0519706767","25161.3397521976","9045.64461735779","24378.1601907918","41506.7119835832","31725.2222999794"
"P11591;A2CEK9","12","7","109.379","0.325119907020372","0.235384674168441","1.32199596957259","0.140967118184171","Control_1_mes","Control_3_meses","21160.9518","Major urinary protein 5 OS=Mus musculus OX=10090 GN=Mup5 PE=2 SV=2","32618.3522621693","49063.7458967791","24363.9197999837","26238.4128328542","30591.7486787672","23386.4355126623","22441.5363661557","42730.5662171464","13042.8509333371","26238.4128328542","37628.2854202565","26074.0515691663"
"P68254;P68254-2","9","3","54.6376","0.329133459082663","0.237197383959812","1.32797352840908","0.139249174107372","Control_3_meses","Control_1_mes","28063.46","14-3-3 protein theta OS=Mus musculus OX=10090 GN=Ywhaq PE=1 SV=1","190.78839400143","633.972288751932","223.537866546491","401.152732110131","454.181032570918","536.778958658799","131.263058532522","552.138740514077","119.667569720207","401.152732110131","558.649121549138","598.466672774265"
"Q9JKR6;F6TRP3;A0A1L1SQ34;E0CYZ2","18","15","91.2976","0.332408654458423","0.2384638558151","1.26845431524443","0.137873263288861","Control_1_mes","Control_3_meses","111409.387","Hypoxia up-regulated protein 1 OS=Mus musculus OX=10090 GN=Hyou1 PE=1 SV=1","82258.2853513256","64426.9438862601","100240.069489065","70434.1207400217","42692.4806874162","81539.6910507973","56593.977748851","56110.6727906998","53661.984386195","70434.1207400217","52512.3576776723","90910.3958250176"
"A8R0V5","3","2","15.044","0.334196467232165","0.238654005222728","1.0759654029886","0.137131842326352","Control_3_meses","Control_1_mes","12275.209","Exocrine gland secreted peptide 23 OS=Mus musculus OX=10090 GN=Esp23 PE=2 SV=1","23.0336013137303","1758.60472618597","94.0466760593455","457.459018468057","633.914105740513","926.799046525517","15.8471953877671","1531.60290411111","50.3464461666266","457.459018468057","779.723354594842","1033.30865108864"
"Q61838","17","17","116.5311","0.33647158025696","0.238654005222728","1.82257686729607","0.136198005671574","Control_3_meses","Control_1_mes","167221.5021","Pregnancy zone protein OS=Mus musculus OX=10090 GN=Pzp PE=1 SV=3","1343.76500166042","4159.86405429102","5410.11414382778","2728.61939637178","7682.34519834327","9480.17129681233","924.514853170702","3622.90614337049","2896.22166258862","2728.61939637178","9449.39371905976","10569.6515890068"
"P62331","4","2","30.506","0.338335049261686","0.238654005222728","2.65473977470847","0.135441087155234","Control_1_mes","Control_3_meses","20196.2516","ADP-ribosylation factor 6 OS=Mus musculus OX=10090 GN=Arf6 PE=1 SV=2","1017.05124523192","3777.91065705278","505.780072047633","281.995885715051","645.541101803222","1069.17170115703","699.734686861773","3290.2555347747","270.761607283496","281.995885715051","794.024724909493","1192.04305663288"
"Q3UW77","5","4","33.8943","0.339462007068286","0.238654005222728","1.28661901875229","0.134986763858356","Control_3_meses","Control_1_mes","13717.6329","Predicted gene 12888 OS=Mus musculus OX=10090 GN=Gm12888 PE=2 SV=1","6187.18640041932","18458.7472141176","8970.50316225894","12780.0787058801","14736.7470290377","15734.7211647916","4256.80511060739","16076.0803257421","4802.22133806444","12780.0787058801","18126.4081761898","17542.986867541"
"Q9QWL7","36","11","329.1176","0.340891349999776","0.238654005222728","1.13450908393595","0.134414220234097","Control_1_mes","Control_3_meses","48447.0528","Keratin_ type I cytoskeletal 17 OS=Mus musculus OX=10090 GN=Krt17 PE=1 SV=3","33341.2201974347","28090.719680484","38182.5165587928","28905.2016014861","25791.640165327","33107.1765942555","22938.8719435878","24464.7516298387","20440.4248505343","28905.2016014861","31724.0837648182","36911.9197049386"
"B1AVU4;Q9D3N5","8","7","46.4576","0.343484123034832","0.238654005222728","1.18235636363727","0.133386035864895","Control_1_mes","Control_3_meses","19741.1679","Predicted gene 14744 OS=Mus musculus OX=10090 GN=Gm14744 PE=3 SV=1","871.078889320241","1162.62249590994","1350.39860017947","977.552518573091","835.599012584546","1049.01430097708","599.305213683123","1012.55044104337","722.915187183457","977.552518573091","1027.79865487843","1169.56912761075"
"Q9Z315","6","4","41.3431","0.343991605504422","0.238654005222728","1.21727724265184","0.133186340028156","Control_3_meses","Control_1_mes","91056.6243","U4/U6.U5 tri-snRNP-associated protein 1 OS=Mus musculus OX=10090 GN=Sart1 PE=1 SV=1","12999.1902478668","9785.5157781978","8180.4431890725","10219.3857149668","11748.7523359096","15725.0334040285","8943.48673205111","8522.39514709907","4379.27484409864","10219.3857149668","14451.1322601951","17532.185769888"
"A2BHD2","22","3","194.6088","0.348232389918573","0.238654005222728","1.42814270250579","0.131537086622687","Control_3_meses","Control_1_mes","19594.2308","Predicted gene 14743 OS=Mus musculus OX=10090 GN=Gm14743 PE=1 SV=1","26402.1395470554","32462.3508195787","15230.0770063587","20874.5007261442","46192.1123105166","38751.0026524024","18164.7610531433","28272.0898273547","8153.18822783656","20874.5007261442","56816.9542851614","43204.3455689762"
"Q8BND5;Q8BND5-2;Q8BND5-4","41","9","279.2434","0.349166640040202","0.238654005222728","1.25804410768939","0.131178376596182","Control_3_meses","Control_1_mes","83583.8048","Sulfhydryl oxidase 1 OS=Mus musculus OX=10090 GN=Qsox1 PE=1 SV=1","27124.3769144885","16163.1178404426","11482.8186930904","20892.4293452937","20478.5547948117","27532.485969479","18661.6627977801","14076.7722588811","6147.15094032673","20892.4293452937","25188.9132885158","30696.5744568835"
"Q8BND5-3","31","2","281.5185","0.349166640064169","0.238654005222728","1.25804410768939","0.131178376586904","Control_3_meses","Control_1_mes","64077.8522","Isoform 3 of Sulfhydryl oxidase 1 OS=Mus musculus OX=10090 GN=Qsox1","25139.2163837591","14980.1825165629","10642.4219340087","19363.3683733834","18979.7841932527","25517.4570295782","17295.8656574171","13046.5309826854","5697.2574197624","19363.3683733834","23345.4041590723","28449.9743512843"
"O35176","36","31","125.3503","0.349383353432614","0.238654005222728","1.18107851999466","0.131095403926448","Control_1_mes","Control_3_meses","10516.0204","ABPA2 OS=Mus musculus OX=10090 GN=Scgb1b2 PE=1 SV=1","277353.685358382","175545.600445112","225666.140894317","173648.899226586","189599.003633457","211282.422778997","190820.270939201","152886.062139031","120806.908763014","173648.899226586","233209.467658437","235563.422404205"
"P48756","1","1","5.3779","0.35654697456345","0.242492957423838","1.99613435583501","0.128401666715293","Control_3_meses","Control_1_mes","16502.8957","Gastric inhibitory polypeptide OS=Mus musculus OX=10090 GN=Gip PE=2 SV=2","2482.01256813274","2017.7733728153","685.16769311234","1372.74640238068","2536.69929280066","6440.41838717816","1707.63301779678","1757.31789618492","366.794019967538","1372.74640238068","3120.17616309446","7180.56418060665"
"P11679","28","12","214.1394","0.367624244373588","0.24885549859314","1.33572208868681","0.12441590084762","Control_3_meses","Control_1_mes","54565.4475","Keratin_ type II cytoskeletal 8 OS=Mus musculus OX=10090 GN=Krt8 PE=1 SV=4","22404.5884338838","18611.9654034792","25298.7390251443","26326.4602961858","19670.9693079639","42581.3718900361","15414.4324050021","16209.5210132909","13543.2920734937","26326.4602961858","24195.5716682163","47474.9085188937"
"Q8BHN3;Q8BHN3-2","6","6","33.1044","0.369070053477467","0.24885549859314","2.41056380327537","0.123911080355837","Control_3_meses","Control_1_mes","107367.5114","Neutral alpha-glucosidase AB OS=Mus musculus OX=10090 GN=Ganab PE=1 SV=1","776.701733204399","644.810907177815","616.373711345755","3463.60148958415","915.846180199382","533.00740488081","534.373411975762","561.578303146003","329.966216532851","3463.60148958415","1126.50381092836","594.261684474533"
"A0A1B0GSR9;A0A1B0GSX0;P06151;D3YZQ9;A0A1B0GQX5;A0A1B0GSL7;A0A1B0GT41;A0A1B0GRC1;A0A1B0GRE9;A0A1B0GRS2;A0A1B0GRW9;A0A1B0GS79;A0A1B0GSR2;D3YVR7;D3YZE4;P00342","10","8","63.0845","0.377395649761463","0.253136633506594","1.25002019711393","0.121070228082216","Control_1_mes","Control_3_meses","34941.5771","L-lactate dehydrogenase OS=Mus musculus OX=10090 GN=Ldha PE=1 SV=1","2115.25042020414","3680.67858653565","3461.48147395576","2080.34875900134","2280.28551875632","3045.17444602873","1455.2994230672","3205.57424206616","1853.0510379263","2080.34875900134","2804.78357874958","3395.13199862674"
"P11590;Q3KQQ2;Q5FW60;Q80YX8","62","51","439.7535","0.378641758062549","0.253136633506594","1.31457182115339","0.120654499606813","Control_3_meses","Control_1_mes","20826.8606","Major urinary protein 4 OS=Mus musculus OX=10090 GN=Mup4 PE=1 SV=1","162142.181333368","430213.040943955","353795.879532426","299399.948323416","456437.617192976","487946.011475936","111554.367603687","374680.866646637","189399.199942097","299399.948323416","561424.752688285","544021.74539613"
"Q8C3Y4;A0A0G2JFE7","14","10","84.3774","0.384204846475775","0.255767400966271","1.55072293171502","0.118827647532247","Control_3_meses","Control_1_mes","253267.0464","Kinetochore-associated protein 1 OS=Mus musculus OX=10090 GN=Kntc1 PE=1 SV=2","11300.4189654874","38828.5001524536","32207.320749541","21827.5360814066","44317.3912879655","61535.7679043206","7774.72636043924","33816.492535394","17241.6953818211","21827.5360814066","54511.0207976498","68607.5817247471"
"P00329","9","6","53.4061","0.39365800214313","0.260954681500977","1.19511144836724","0.115828807863426","Control_3_meses","Control_1_mes","40626.8986","Alcohol dehydrogenase 1 OS=Mus musculus OX=10090 GN=Adh1 PE=1 SV=2","1653.15135897516","1611.53091815292","2342.99151358021","2278.78151552092","1698.98820979541","2724.02542066805","1137.37371045037","1403.51347722173","1254.28458559123","2278.78151552092","2089.77963159734","3037.07588340097"
"Q8K2F8","3","3","18.4141","0.4015159586777","0.265045361911622","1.38917923432637","0.113432434648017","Control_1_mes","Control_3_meses","50774.1916","Protein LSM14 homolog A OS=Mus musculus OX=10090 GN=Lsm14a PE=1 SV=1","17473.705494416","17574.4975515232","7857.69019456748","12254.4248612144","10975.1471042338","7656.21453373759","12021.9683125818","15305.9701747668","4206.49397672689","12254.4248612144","13499.5868364349","8536.08205787445"
"P08074;F6YNX9","9","8","59.2626","0.404620098954374","0.265976891108289","1.1379792470529","0.112508931033842","Control_1_mes","Control_3_meses","26072.2937","Carbonyl reductase [NADPH] 2 OS=Mus musculus OX=10090 GN=Cbr2 PE=1 SV=1","740.040108947779","903.048853636784","997.487641156569","832.191386206444","608.779696580797","879.437317084374","509.150090840945","786.4827304223","533.989715869114","832.191386206444","748.807674302667","980.504016744741"
"O88968","17","12","114.16","0.406535808961896","0.266122698368199","1.15517821507223","0.1119453667496","Control_3_meses","Control_1_mes","48042.063","Transcobalamin-2 OS=Mus musculus OX=10090 GN=Tcn2 PE=1 SV=1","36881.1057073995","39215.116150603","25499.1555170933","32088.1962209871","43455.0784754631","41817.4919993028","25374.3251131838","34153.2038933952","13650.5819698048","32088.1962209871","53450.363789412","46623.2420196171"
"G3UZJ4;P99029;P99029-2;A0A494BAZ4;H3BJQ7","5","4","30.2826","0.410977965618906","0.266793901335353","1.29609095159558","0.110656941945325","Control_1_mes","Control_3_meses","17538.3371","thioredoxin-dependent peroxiredoxin OS=Mus musculus OX=10090 GN=Prdx5 PE=1 SV=1","1375.71289917884","1871.24106273018","2764.54495454189","1081.24977663746","1462.86362797789","2094.06334451659","946.495114411955","1629.70007034225","1479.95675723014","1081.24977663746","1799.34304189251","2334.71730244926"
"Q3TTY5","47","36","323.1627","0.41106352160207","0.266793901335353","1.16645911528839","0.110632375670175","Control_3_meses","Control_1_mes","71379.0367","Keratin_ type II cytoskeletal 2 epidermal OS=Mus musculus OX=10090 GN=Krt2 PE=1 SV=1","62781.4979184583","78388.3123675421","119792.439684575","111503.667052982","87903.8360077563","104994.292163608","43193.8823069511","68269.8989049572","64129.0460062887","111503.667052982","108122.966933598","117060.446721766"
"Q6IFZ8","12","3","97.6999","0.412655670148238","0.266793901335353","1.14552991470878","0.110176906396591","Control_3_meses","Control_1_mes","60684.3589","Predicted gene 5414 OS=Mus musculus OX=10090 GN=Gm5414 PE=1 SV=1","2943.59435730421","2887.41970363648","2070.12970999438","2521.44636823664","2969.74327491648","3559.80690686791","2025.20284549346","2514.709722786","1108.21220237916","2521.44636823664","3652.82641233923","3968.90705365052"
"P35917","6","4","28.9678","0.415648376189884","0.267627425465836","1.45729614097316","0.109329406267795","Control_1_mes","Control_3_meses","155126.7075","Vascular endothelial growth factor receptor 3 OS=Mus musculus OX=10090 GN=Flt4 PE=1 SV=1","2002.5948751932","1288.61825038298","3467.42693605942","1355.36725015993","613.111957453478","2669.31531582661","1377.79202815368","1122.28258299837","1856.23384991158","1355.36725015993","754.136416714356","2976.07838362304"
"Q9Z0J0","6","5","30.0466","0.420972337630208","0.269223572856192","1.31365811398073","0.107849042664531","Control_1_mes","Control_3_meses","16784.2445","NPC intracellular cholesterol transporter 2 OS=Mus musculus OX=10090 GN=Npc2 PE=1 SV=1","5381.25878332998","5042.74182961962","2611.89240291558","4347.27584378698","2609.34715535345","2966.72987108468","3702.32419195057","4391.82149116504","1398.23655408545","4347.27584378698","3209.53406597255","3307.67241585685"
"P32067;F6SXM5","8","6","45.0435","0.42155460336591","0.269223572856192","1.2844155020503","0.10768922585382","Control_3_meses","Control_1_mes","47927.611","Lupus La protein homolog OS=Mus musculus OX=10090 GN=Ssb PE=1 SV=1","30190.8871850839","68745.8426499487","43707.1116021959","46970.3995970114","50997.7537971951","85245.8078197741","20771.4322061683","59872.0853415312","23397.9321075647","46970.3995970114","62727.9615762768","95042.4269634668"
"P01756;P01757;P06330;A0A075B5V1;A0A075B5V6","2","2","11.5697","0.427414682135363","0.271096305381928","1.40650296360168","0.106103182272033","Control_3_meses","Control_1_mes","13097.4831","Ig heavy chain V region MOPC 104E OS=Mus musculus OX=10090 PE=1 SV=1","3.19154212192237","804.847839298299","1462.18638823918","378.071505059588","1392.96858287127","1422.03918513999","2.19579174378796","700.957565780172","782.759065664425","378.071505059588","1713.37114357605","1585.46277933804"
"Q52KB6;E9Q526;Q52KB6-2;Q52KB6-3;D3Z640;D3Z4D9;V9GXB2","6","4","31.902","0.427938071575633","0.271096305381928","1.21580719870381","0.105963481897169","Control_1_mes","Control_3_meses","257513.1082","C2 domain-containing protein 3 OS=Mus musculus OX=10090 GN=C2cd3 PE=1 SV=3","12541.9818220752","8770.07559343254","12036.9558479199","7000.79616572037","5854.6131080805","14574.1151598278","8628.92579310953","7638.02863040569","6443.79977049856","7000.79616572037","7201.25728572459","16249.0016935915"
"A0A3B2W725;A0A3Q4EGS4;G5E8Z2","2","1","19.468","0.435638880852458","0.274866391513598","1.48043599003975","0.103944143382117","Control_1_mes","Control_3_meses","90825.671","TATA-box binding protein associated factor 4b OS=Mus musculus OX=10090 GN=Taf4b PE=1 SV=1","2610.23533119287","5359.37976278321","1785.86870116556","1351.65384291382","1637.5298126448","3600.41823251743","1795.85071123067","4667.58759753556","956.037429405361","1351.65384291382","2014.18493010648","4014.18551426519"
"REVERSE7807","4","4","19.0612","0.439415784927258","0.276140431765328","1.23797512637839","0.102977930662129","Control_1_mes","Control_3_meses","62646.7246","Reversed Sequence 7807","39787.3513535735","55005.8986124704","61861.0659402311","20443.1118285627","31474.0732617754","74623.5769721087","27373.8319194562","47905.7020623472","33116.3732379513","20443.1118285627","38713.5571904768","83199.4680503113"
"F6WYC8","42","21","323.6874","0.446416732211533","0.277723390090136","1.0958570408812","0.101227637671548","Control_1_mes","Control_3_meses","44953.4182","Lipase OS=Mus musculus OX=10090 GN=Lipo1 PE=3 SV=2","137806.369568559","154282.974995455","116250.947379192","108664.978983134","135409.614110338","128547.269713425","94811.2470336977","134368.029972502","62233.1623964312","108664.978983134","166555.748803174","143320.179672896"
"P16858;A0A0A0MQF6;S4R1W1;S4R257;A0A1D5RLD8","8","4","41.8162","0.446747829596882","0.277723390090136","1.14650883652002","0.101146144089322","Control_1_mes","Control_3_meses","36095.2251","Glyceraldehyde-3-phosphate dehydrogenase OS=Mus musculus OX=10090 GN=Gapdh PE=1 SV=2","1305.45399956535","1114.32241605581","1527.75776754778","1001.31550996002","910.883252629771","1530.89217350001","898.156754520279","970.484966367989","817.86169828005","1001.31550996002","1120.39933952105","1706.82537135939"
"REVERSE6773","1","1","5.049","0.449919456611245","0.277723390090136","1.1100537307219","0.100371269860215","Control_3_meses","Control_1_mes","74424.1315","Reversed Sequence 6773","0","238.896415827208","490.848512094413","149.389543219576","234.307885760173","426.358650735031","0","208.059513780695","262.76822558339","149.389543219576","288.202027748743","475.356641682579"
"Q02257","31","27","189.1552","0.451262775503269","0.277723390090136","1.18984026522564","0.100046197515414","Control_1_mes","Control_3_meses","82542.2952","Junction plakoglobin OS=Mus musculus OX=10090 GN=Jup PE=1 SV=3","14444.214870741","15411.8800751266","18781.0950179117","11078.1002536568","7757.08707673049","22041.8878411744","9937.66854612855","13422.5047444685","10054.1712784503","11078.1002536568","9541.32729115897","24574.9857835917"
"P63154","6","3","29.5977","0.453105217658694","0.277723390090136","1.23197854787264","0.0996033269577069","Control_3_meses","Control_1_mes","83700.9527","Crooked neck-like protein 1 OS=Mus musculus OX=10090 GN=Crnkl1 PE=1 SV=1","4885.83006945331","3797.51790908691","4898.89772919817","5823.58498362808","3692.97123192801","7216.47912831289","3361.4675659034","3307.33187018421","2622.54979265028","5823.58498362808","4542.40707267026","8045.81137803425"
"Q80XI7;Q80XI7-2","17","2","123.6215","0.453560684080064","0.277723390090136","1.39954859017523","0.099494374788903","Control_3_meses","Control_1_mes","62790.549","Vomeromodulin OS=Mus musculus OX=10090 GN=Bpifb9a PE=1 SV=1","5576.12989473756","7469.25582823996","16190.3725265867","17943.5515712529","6948.63412548821","16024.6785441403","3836.39617382803","6505.11951192799","8667.26771197173","17943.5515712529","8546.91867733209","17866.2667302591"
"Q5RJH2","2","2","11.3686","0.454308881201088","0.277723390090136","1.24347331764776","0.0993158512142532","Control_1_mes","Control_3_meses","100976.4943","Multiple C2 and transmembrane domain-containing protein 2 OS=Mus musculus OX=10090 GN=Mctp2 PE=2 SV=1","14158.3393773999","13618.2291562623","7582.96514421426","7439.38570807215","9969.80947321653","11026.9064833332","9740.98524255632","11860.3794326299","4059.42413292396","7439.38570807215","12263.007269805","12294.140684207"
"Q6KCD5;Q6KCD5-3","5","4","20.9353","0.467649572183008","0.283800938053004","1.21685374995375","0.0962248414806258","Control_1_mes","Control_3_meses","317503.8569","Nipped-B-like protein OS=Mus musculus OX=10090 GN=Nipbl PE=1 SV=1","5673.38086977362","9905.19373460972","6045.26261351589","4436.75335857822","5794.74386311384","7538.78718489423","3903.30517264485","8626.62499640473","3236.23865815781","4436.75335857822","7127.61726399337","8405.1597226723"
"B1AZS9;O08807","3","2","16.0775","0.46786357637741","0.283800938053004","1.74413817449444","0.0961766447070482","Control_3_meses","Control_1_mes","26562.0169","thioredoxin-dependent peroxiredoxin (Fragment) OS=Mus musculus OX=10090 GN=Prdx4 PE=1 SV=1","634.225246162107","191.476023408025","200.052041707099","355.540377346349","251.323328816435","1182.19180164992","436.349108369536","166.760175923902","107.094793461649","355.540377346349","309.13126440652","1318.05165366804"
"A0A0N4SV66;C0HKE1;C0HKE2;C0HKE3;C0HKE4;C0HKE5;C0HKE6;C0HKE7;C0HKE8;C0HKE9;Q64523;Q6GSS7;Q8BFU2;Q8CGP4;Q8CGP5;Q8CGP6;Q8CGP7;Q8R1M2","1","1","13.8698","0.470274289958305","0.284166084246463","2.33792195118735","0.0956366630086698","Control_1_mes","Control_3_meses","13659.9571","Histone H2A OS=Mus musculus OX=10090 GN=H2aj PE=1 SV=1","109.416053470096","1124.01628832649","1401.44596227529","133.856302690689","125.749017445323","867.411902459342","75.2786138077932","978.927547410096","750.242609856892","133.856302690689","154.67307767972","967.096617361285"
"Q924W7;Q924W7-2","4","3","20.3652","0.473378005269518","0.284823963300056","1.34133872362011","0.0949493441282236","Control_3_meses","Control_1_mes","128058.9696","DENN domain-containing protein 2B OS=Mus musculus OX=10090 GN=Dennd2b PE=1 SV=1","3180.96190861935","2236.35668443791","1821.21875074347","1975.78616585456","2787.32232862052","4946.22194713508","2188.51252135229","1947.68633423494","974.961536483196","1975.78616585456","3428.44605716778","5514.65168996422"
"Q9JLC8;E9QNY8;Q9JLC8-3","18","10","96.3805","0.474988901626087","0.284823963300056","1.19888586762158","0.0945960701170376","Control_3_meses","Control_1_mes","526274.0601","Sacsin OS=Mus musculus OX=10090 GN=Sacs PE=1 SV=2","35711.1068669685","20425.9031386702","22970.9495591647","23977.3995664508","29199.3168662176","41664.6983059537","24569.3619649888","17789.3145062384","12297.1456710177","23977.3995664508","35915.5745118007","46452.8889686927"
"Q7SIG6;D3YX85;E9PX52","5","3","28.9227","0.497251722583456","0.295792349071643","1.18346092356418","0.0899454464581076","Control_3_meses","Control_1_mes","108059.5925","Arf-GAP with SH3 domain_ ANK repeat and PH domain-containing protein 2 OS=Mus musculus OX=10090 GN=Asap2 PE=1 SV=3","3899.98441311017","10685.7441088702","1933.78191601171","4772.80554450983","6639.90143359759","8137.48810166684","2683.20242944215","9306.42142946395","1035.22050126518","4772.80554450983","8167.17308086387","9072.66454913395"
"Q792Z1","7","6","43.8866","0.499195989813849","0.295792349071643","1.11037241844866","0.0895589724518828","Control_1_mes","Control_3_meses","26905.2215","trypsin OS=Mus musculus OX=10090 GN=Try10 PE=1 SV=1","34846.7321827379","37071.5127562599","50477.0583167436","37303.9913691274","39822.2445281161","33102.8198881519","23974.6692670181","32286.298195286","27022.1192888302","37303.9913691274","48981.926431006","36907.0623174348"
"Q6IFX2","34","14","274.9775","0.499727284075436","0.295792349071643","1.21706129575884","0.0894538922693233","Control_3_meses","Control_1_mes","50475.3422","Keratin_ type I cytoskeletal 42 OS=Mus musculus OX=10090 GN=Krt42 PE=1 SV=1","11225.7651703101","19491.5334780413","33839.2199124204","32826.8003309522","18439.2262391906","27303.2135591094","7723.36429757734","16975.5538786093","18115.3075794646","32826.8003309522","22680.5101971342","30440.9536014468"
"B1ATI0;B1AV77;P47740","7","4","41.2395","0.501533142834465","0.295792349071643","1.15926091478934","0.0890984112562035","Control_1_mes","Control_3_meses","59847.0305","Aldehyde dehydrogenase OS=Mus musculus OX=10090 GN=Aldh3a2 PE=1 SV=1","9393.75110776842","11134.8466276862","7546.20749584797","5220.72482359225","7689.6048881013","11307.51880984","6462.93244383463","9697.5535081057","4039.74648941514","5220.72482359225","9458.32324058355","12607.0015418746"
"P60710;P63260;E9Q1F2;E9Q5F4;G3UZ07;B1ATY1;E9Q606;G3UYG0;F8WGM8;Q8BFZ3;E9Q2D1;F6WX90","27","18","219.9474","0.505285762185754","0.295792349071643","1.22352610297991","0.0883679593133683","Control_1_mes","Control_3_meses","42079.017","Actin_ cytoplasmic 1 OS=Mus musculus OX=10090 GN=Actb PE=1 SV=1","36905.8754584349","67092.33196406","62132.4419829738","27022.7169592344","46984.2584574096","61773.2494603367","25391.3667854356","58432.0108718245","33261.6502418747","27022.7169592344","57791.3052980061","68872.3551373065"
"A0A1B0GT69","3","2","10.4617","0.507173380605406","0.295792349071643","1.13016257740081","0.0880046928475802","Control_3_meses","Control_1_mes","13981.7834","Collagen_ type IV_ alpha 1 (Fragment) OS=Mus musculus OX=10090 GN=Col4a1 PE=4 SV=1","18204.422796606","44995.9347064916","24003.2538307767","31162.5502200101","34141.8101866154","33249.8977371245","12524.7042809311","39187.830695258","12849.7739362154","31162.5502200101","41994.9115023247","37071.0426476872"
"Q8C9J3;Q8C9J3-4;A0A140LIV1;E0CX63;E0CY95;Q8C9J3-2;Q8C9J3-3","8","6","38.2781","0.507504845567246","0.295792349071643","1.2522763856861","0.0879411882329062","Control_1_mes","Control_3_meses","198428.9451","Sperm flagellar protein 2 OS=Mus musculus OX=10090 GN=Spef2 PE=1 SV=3","3473.77582254157","3753.70277046549","1865.19493019085","2992.35491285121","2706.78195950784","1561.77903017649","2389.96948168512","3269.17241766065","998.503509936509","2992.35491285121","3329.38025911066","1741.26180753009"
"P97805;I7HJS7;I7HLV5;I7HPY1;Q9D8T0","2","2","12.0758","0.508342413042617","0.295792349071643","1.27048707292194","0.0877810979575379","Control_1_mes","Control_3_meses","25216.242","Protein FAM3D OS=Mus musculus OX=10090 GN=Fam3d PE=2 SV=2","639.917972634236","1128.44686285224","527.933169870589","344.105569714414","900.384457561824","562.925454784442","440.265723381847","982.786220544247","282.620928566299","344.105569714414","1107.48567245566","627.617976655692"
"REVERSE8730","3","3","24.3611","0.516476774680244","0.299416590136474","1.16872944685868","0.086254050601495","Control_3_meses","Control_1_mes","94178.5616","Reversed Sequence 8730","18066.9231784839","22056.4808498716","24328.7278603889","25410.5309099365","17886.5426205886","32030.0309206698","12430.1040799271","19209.416204288","13024.0114680147","25410.5309099365","22000.7014955711","35710.9862909785"
"J3QMV8","1","1","5.6006","0.525048296708542","0.301767410410792","34.3406480001007","0.0846979291102944","Control_3_meses","Control_1_mes","3483.0214","Heterogeneous nuclear ribonucleoprotein F (Fragment) OS=Mus musculus OX=10090 GN=Hnrnpf PE=1 SV=1","0","85.106482193855","11.7513855174664","0","155.804890738887","3170.35705037592","0","74.1208830761462","6.2909240722666","0","191.642228764249","3534.70083884371"
"A0A494BBD8;P10107","3","2","16.1675","0.525850054076947","0.301767410410792","1.18652235898399","0.0845550828433614","Control_1_mes","Control_3_meses","34115.8849","Annexin OS=Mus musculus OX=10090 GN=Anxa1 PE=1 SV=1","1045.22072474576","891.988152864659","1765.70789809167","2042.32028378629","414.45478846904","664.039927702071","719.115383772656","776.849751975329","945.244652571917","2042.32028378629","509.785277006058","740.352727525095"
"P45376","3","2","15.3355","0.52629415214248","0.301767410410792","1.34079129980586","0.0844761560445892","Control_3_meses","Control_1_mes","36074.4534","Aldo-keto reductase family 1 member B1 OS=Mus musculus OX=10090 GN=Akr1b1 PE=1 SV=3","314.43565916823","698.582513052819","423.166966189145","414.459832961009","465.705593307904","1045.45911222195","216.332793984324","608.409035766339","226.535947631925","414.459832961009","572.824494958092","1165.60536943609"
"REVERSE2193","3","1","25.1764","0.53120596315952","0.303476175443575","1.39130568062729","0.0836124743250387","Control_1_mes","Control_3_meses","40797.2997","Reversed Sequence 2193","25075.5956314493","21634.6159916723","60522.0396555582","26323.3808184764","22036.1085612897","28713.6173945359","17252.0943652584","18842.0059316216","32399.5460455214","26323.3808184764","27104.7265458047","32013.4438733546"
"P08071;A0A0G2JDN0;A0A0G2JFM6;A0A0G2JGN1","25","15","144.8557","0.53713732633031","0.305752914441776","1.26189074235876","0.0825917938972833","Control_3_meses","Control_1_mes","79719.739","Lactotransferrin OS=Mus musculus OX=10090 GN=Ltf PE=1 SV=4","8896.58840580694","16965.9670714336","4156.82674264108","14517.7951148335","16314.9210438718","7048.46435589244","6120.88282813701","14775.9891979917","2225.29346694095","14517.7951148335","20067.5846318602","7858.48801111497"
"A0A8D3UE05;Q09PK2","1","1","6.6871","0.544789669607721","0.308989306177039","1.97502201735299","0.0813100276398978","Control_3_meses","Control_1_mes","28222.7707","Retroviral-like aspartic protease 1 OS=Mus musculus OX=10090 GN=Asprv1 PE=1 SV=1","0","848.098931629621","196.798413802087","31.5166185821324","234.202201838122","1797.97644268106","0","738.62577946927","105.353013645183","31.5166185821324","288.072035023416","2004.60350023112"
"Q6IFZ9","14","5","102.2158","0.547755984973611","0.30936650184252","1.16968492088007","0.0808235487394584","Control_1_mes","Control_3_meses","55374.0486","Keratin_ type II cytoskeletal 74 OS=Mus musculus OX=10090 GN=Krt74 PE=3 SV=1","22692.1460342367","20310.6539648741","36170.867770417","27516.2636726439","19022.8687834246","21148.8973340031","15612.2730038716","17688.9417694578","19363.5195129526","27516.2636726439","23398.3988169856","23579.3710169826"
"Q497I4","9","4","62.384","0.54978382887789","0.30936650184252","1.16339762156397","0.0804942583174154","Control_3_meses","Control_1_mes","51841.451","Keratin_ type I cuticular Ha5 OS=Mus musculus OX=10090 GN=Krt35 PE=1 SV=1","3468.09031857142","5396.65867927123","3038.23197914522","5219.14514206695","5399.72999131633","3229.02462476558","2386.05783577852","4700.05452765634","1626.47090986219","5219.14514206695","6641.74459064489","3600.11060850466"
"A0A494BBH0;A0A0G2JET8;A0A1Y7VLR3;A2AM74;P08032;Q0VDM6;Q3UUG6;Q3UUG6-2;Q6VGS5;Q6VGS5-2;Q8BJD1;Q8BQM9;Q8BQM9-2;Q8BQM9-3;Q8BQM9-4;Q8C0V0;Q9WVF7","70","40","317.1815","0.552438248113325","0.30936650184252","1.07728833540518","0.0800672023428438","Control_1_mes","Control_3_meses","45118.7246","Lipase OS=Mus musculus OX=10090 GN=Gm8978 PE=3 SV=1","111390.084567555","97382.1147236909","81088.4130286171","85611.0802859363","99493.8390723402","83960.1051050626","76636.7538605308","84811.9691130145","43409.4387206869","85611.0802859363","122378.835335083","93608.9687150793"
"P01592","3","3","17.0145","0.553331318655325","0.30936650184252","1.924183069589","0.0799245276657643","Control_1_mes","Control_3_meses","18469.784","Immunoglobulin J chain OS=Mus musculus OX=10090 GN=Jchain PE=1 SV=4","1004.99139300834","2247.56780232921","6946.02343575493","1158.5751833427","2058.56237564171","2083.07674612892","691.437467858476","1957.4503138632","3718.44715447135","1158.5751833427","2532.06096321687","2322.46810214788"
"F6W8R9","11","1","57.6259","0.558009991173464","0.310876018516517","1.11418939898385","0.0791852668340994","Control_1_mes","Control_3_meses","190766.2213","Spectrin repeat containing_ nuclear envelope 2 (Fragment) OS=Mus musculus OX=10090 GN=Syne2 PE=1 SV=1","52865.8373885299","70734.7587392682","78612.4978815622","53433.8855686319","51258.8207074243","76796.270547615","36371.8744204607","61604.2708708182","42083.9955058127","53433.8855686319","63049.0775842253","85621.8519275411"
"P06797;A0A1Y7VNM3;A0A1Y7VNQ4","4","2","20.1806","0.564219900236271","0.31322492844886","1.28532845447726","0.0782249721067886","Control_3_meses","Control_1_mes","38117.7169","Procathepsin L OS=Mus musculus OX=10090 GN=Ctsl PE=1 SV=2","439.358192427464","828.52370251298","847.471667266297","9.44067058641738","1979.03157711388","730.451877083871","302.279918184735","721.577333438585","453.680964193141","9.44067058641738","2434.23695131972","814.396871278954"
"D3Z3L7;D3Z4D7;F8WJ99;Q9QZJ6","1","1","5.3319","0.573969204144836","0.316908289849444","1.12097413146235","0.0767641548535449","Control_3_meses","Control_1_mes","14150.8742","Microfibrillar associated protein 5 (Fragment) OS=Mus musculus OX=10090 GN=Mfap5 PE=1 SV=1","4145.49457646539","10854.2186184778","6559.01712695544","6550.09341330625","9118.98316169836","8497.70242301671","2852.11424984661","9453.14914169031","3511.26926038158","6550.09341330625","11216.4788209396","9474.27542248587"
"Q80Y61","5","3","25.4809","0.576471577975299","0.316908289849444","1.12171961083343","0.0763982039990417","Control_3_meses","Control_1_mes","58516.1891","BAR/IMD domain-containing adapter protein 2-like 2 OS=Mus musculus OX=10090 GN=Baiap2l2 PE=1 SV=1","678.691395400066","494.897654623533","1163.72630404997","861.858561614917","1047.70368465787","712.25022309362","466.941969013325","431.015949049042","622.983035387323","861.858561614917","1288.69041440325","794.103446719706"
"Q6NXH9","28","15","193.1777","0.576906295924276","0.316908289849444","1.15758242965252","0.0763349988411888","Control_3_meses","Control_1_mes","59538.823","Keratin_ type II cytoskeletal 73 OS=Mus musculus OX=10090 GN=Krt73 PE=1 SV=1","16616.7722376957","11104.3659982284","29900.5781419407","23403.4433864422","15642.3742476249","27656.06881137","11432.3953418355","9671.00733778011","16006.8160923018","23403.4433864422","19240.3425191782","30834.3596867355"
"Q9Z0K8","7","7","42.364","0.582537234284425","0.318886509838143","1.56550615549375","0.0755260499278831","Control_1_mes","Control_3_meses","57889.8359","Pantetheinase OS=Mus musculus OX=10090 GN=Vnn1 PE=1 SV=3","2963.76584434836","3729.82002452018","830.441995555095","1717.14981632566","2004.192442862","1084.78886844793","2039.08089661089","3248.37247182671","444.564390530269","1717.14981632566","2465.18517359144","1209.45498009966"
"Q9CQN1","14","10","76.9464","0.587698601937262","0.320594837172595","1.14678140819776","0.0748002391318923","Control_3_meses","Control_1_mes","80551.2683","Heat shock protein 75 kDa_ mitochondrial OS=Mus musculus OX=10090 GN=Trap1 PE=1 SV=1","18761.3725664822","24276.1306587967","64573.2630229855","38950.555792791","28536.5477099132","55918.9225527202","12907.8876009939","21142.5521971796","34568.3063645831","38950.555792791","35100.3590351361","62345.2372441456"
"P50446;A2AKJ2;E9Q0F0","42","14","242.2377","0.597164224857982","0.324631227269363","1.14918668881932","0.0735071345796927","Control_3_meses","Control_1_mes","59677.3792","Keratin_ type II cytoskeletal 6A OS=Mus musculus OX=10090 GN=Krt6a PE=1 SV=3","2829.91089008887","5076.56637507525","10768.9464807257","8430.73270271215","4612.334467475","8418.4812066496","1946.98823663651","4421.27994267418","5764.99039605625","8430.73270271215","5673.23691163476","9385.9499451035"
"Q9EPQ2;E7CHD7;E9QQ97;M0QW58;M0QWL3;M0QWM1;Q9EPQ2-3;Q9EPQ2-4;Q9EPQ2-5","3","3","10.122","0.605370802857777","0.327259952188164","1.27863866236168","0.0724247085050087","Control_1_mes","Control_3_meses","153079.9543","X-linked retinitis pigmentosa GTPase regulator-interacting protein 1 OS=Mus musculus OX=10090 GN=Rpgrip1 PE=1 SV=1","46039.3952136137","120382.043241755","105418.916493034","45901.2684290853","81801.4674707303","84898.6525536711","31675.2591810232","104843.052157477","56434.4007310957","45901.2684290853","100616.966950989","94655.3759181727"
"P02535;P02535-2;A2A513;P02535-3;A6BLY7;B1AQ75;B1ATJ5;Q62168;Q8VCW2;Q9Z320","50","29","249.7874","0.607419932954551","0.327259952188164","1.21422189408885","0.0721599047804421","Control_1_mes","Control_3_meses","57941.0077","Keratin_ type I cytoskeletal 10 OS=Mus musculus OX=10090 GN=Krt10 PE=1 SV=3","98294.9359800383","71435.8062329585","162526.264816218","102495.630319688","65526.619824532","105615.549212494","67627.247467168","62214.8267059458","87005.944123631","102495.630319688","80598.6731674957","117753.099876267"
"Q8K1H9","5","5","28.6418","0.608248938429447","0.327259952188164","1.07724542764012","0.0720533874818193","Control_3_meses","Control_1_mes","20167.2155","Odorant-binding protein 2a OS=Mus musculus OX=10090 GN=Obp2a PE=1 SV=1","9076.68146148983","5683.10368672751","4616.38135174495","6512.37178095728","7547.22774104151","6813.28724527935","6244.78745783491","4949.52503046778","2471.30898133587","6512.37178095728","9283.19732728112","7596.28387544439"
"P00687;D3YYQ5","2","2","10.9917","0.619507009446271","0.331459798815403","1.76141564729099","0.0706412349551422","Control_1_mes","Control_3_meses","58328.1357","Alpha-amylase 1 OS=Mus musculus OX=10090 GN=Amy1 PE=1 SV=2","1441.58144778482","713.386994089492","6477.29789804841","3340.95845695936","421.618556541779","1138.17787260363","991.812898003418","621.302544928459","3467.52212405163","3340.95845695936","518.596813494413","1268.97955565237"
"P24369","12","8","78.892","0.620274373017144","0.331459798815403","1.0822875466287","0.0705472770804526","Control_1_mes","Control_3_meses","23713.5186","Peptidyl-prolyl cis-trans isomerase B OS=Mus musculus OX=10090 GN=Ppib PE=1 SV=2","10418.9103071825","7065.00122661339","7718.94682531636","7426.10291844769","8381.77159424291","7478.78201183331","7168.2454305189","6153.04635266021","4132.21984112033","7426.10291844769","10309.6981211301","8338.25863481904"
"Q8R1S0;D3YW66;D6RG57;F6ZE40","2","1","5.992","0.636381336973102","0.338914205948339","4.33351536182134","0.0686405739806744","Control_1_mes","Control_3_meses","51677.8469","Ubiquinone biosynthesis monooxygenase COQ6_ mitochondrial OS=Mus musculus OX=10090 GN=Coq6 PE=1 SV=3","0","276.420245563526","183.085144599272","95.3217646889206","0","10.713486555619","0","240.739743591153","98.0118252202739","95.3217646889206","0","11.9447019100253"
"D2XZ31;E9PWZ2;A0A087WQJ0;A0A494BAG6;O88286;O88286-4","27","13","92.4211","0.639376312774649","0.339358855196391","1.08421285865716","0.0682995118692703","Control_3_meses","Control_1_mes","10331.8229","ABPA7 (Fragment) OS=Mus musculus OX=10090 GN=Scgb1b29 PE=2 SV=1","123487.363020676","111782.605945834","98398.1045384265","92962.0809440768","132445.138258396","136359.996614941","84959.7222359774","97353.6357240757","52675.9166896649","92962.0809440768","162909.401395915","152030.760813646"
"REVERSE46924","1","1","4.5302","0.646018867856533","0.340670882297543","1.16337774996877","0.0675577252809854","Control_3_meses","Control_1_mes","63124.8711","Reversed Sequence 46924","102.663104856919","109.625821602792","442.343922036037","406.97682369238","128.361042325786","226.247424320467","70.6325623866996","95.4752504825499","236.802036936092","406.97682369238","157.885905385613","252.248231926104"
"P08113","19","9","107.6025","0.646185078114284","0.340670882297543","1.09644450950241","0.0675394205369483","Control_1_mes","Control_3_meses","92761.0585","Endoplasmin OS=Mus musculus OX=10090 GN=Hsp90b1 PE=1 SV=2","41244.8300305974","46925.3191401111","62503.2004884874","31870.4993861751","51747.308811025","53802.1417896661","28376.5821647917","40868.1689530126","33460.130123576","31870.4993861751","63649.9248904613","59985.1917918745"
"O55229;F6RRT7","4","3","19.4639","0.651459137284306","0.341790105037591","1.1991026456161","0.0669650020910317","Control_1_mes","Control_3_meses","45468.3844","Choline/ethanolamine kinase OS=Mus musculus OX=10090 GN=Chkb PE=1 SV=3","9110.71996132887","4295.54764102915","9263.29203251955","6440.90578744541","6336.01347114796","6128.51783451717","6268.20606052359","3741.07560600978","4958.96137091219","6440.90578744541","7793.3865704258","6832.81939110546"
"E9Q1Z0;Q9DCV7","20","4","148.9558","0.653460521839554","0.341790105037591","1.20733040465313","0.0667502527310456","Control_1_mes","Control_3_meses","58623.5718","Keratin 90 OS=Mus musculus OX=10090 GN=Krt90 PE=1 SV=1","8876.84321253952","9409.11408709509","19388.0647003299","9253.93132301617","10034.3374702752","11916.1321352087","6107.29806857571","8194.57962686244","10379.1031922732","9253.93132301617","12342.3776227854","13285.5579308016"
"P63101;A0A2I3BQ03;D3YXN6;D3YXF4","7","2","46.5998","0.654834612431434","0.341790105037591","1.10628311411937","0.0666038315099055","Control_1_mes","Control_3_meses","27942.2773","14-3-3 protein zeta/delta OS=Mus musculus OX=10090 GN=Ywhaz PE=1 SV=1","3688.63806536954","2710.79880471523","4628.65341232667","2208.32507527799","2753.49927471337","5006.77242389147","2537.79542940259","2360.88716238541","2477.87864082114","2208.32507527799","3386.84322041702","5582.1607489069"
"Q61753;F6ZSB7","9","5","52.2163","0.657399619682922","0.341992718921976","1.46416628717032","0.0663327143231348","Control_1_mes","Control_3_meses","57384.0209","D-3-phosphoglycerate dehydrogenase OS=Mus musculus OX=10090 GN=Phgdh PE=1 SV=3","7633.92670715126","19757.1245042025","4664.07882228967","6498.25635972094","8842.89819836996","6551.93935789715","5252.16732096538","17206.8622453601","2496.84309092576","6498.25635972094","10876.8903943528","7304.90136486871"
"E9Q9C6;E9Q0B5","20","20","122.4316","0.659689192259959","0.34205118156721","1.08708633867176","0.0660931216930603","Control_3_meses","Control_1_mes","287673.2067","Mucin-2 OS=Mus musculus OX=10090 GN=Fcgbp PE=1 SV=1","64156.066866619","57012.0097110826","90353.4015478978","93545.5860362187","61005.2922535019","75391.2309162768","44139.5903792044","49652.8630581371","48369.3082797773","93545.5860362187","75037.3760312102","84055.3423248101"
"D3YY49","22","11","90.815","0.665132277407954","0.342506332671886","1.09921603785516","0.0655325644104022","Control_3_meses","Control_1_mes","45144.026","Lipase OS=Mus musculus OX=10090 GN=Lipo2 PE=3 SV=1","3001.8267163244","7592.18399728089","3365.51627434898","3611.44505442922","5288.67520569876","6444.4156859033","2065.26690489582","6612.18003433912","1801.6775395921","3611.44505442922","6505.14562683986","7185.02085691546"
"Q7M747","1","1","6.9312","0.665850689360684","0.342506332671886","1.15396758371779","0.0654595205872041","Control_3_meses","Control_1_mes","12705.6421","Secretoglobin family 2B member 24 OS=Mus musculus OX=10090 GN=Scgb2b24 PE=2 SV=1","2923.56470834743","3065.9734395299","2326.45452827046","2663.01046736915","4604.25238087849","2329.12312646148","2011.42237945851","2670.215628327","1245.43176403983","2663.01046736915","5663.29583031776","2596.79062580585"
"Q6IME9","20","6","147.9183","0.667107276449705","0.342506332671886","1.07318392389097","0.0653322824857295","Control_3_meses","Control_1_mes","57263.6054","Keratin_ type II cytoskeletal 72 OS=Mus musculus OX=10090 GN=Krt72 PE=3 SV=1","10767.8532099833","5923.42508958084","5776.71861836675","7084.82049486671","7368.71571949356","9658.75687999502","7408.31932450279","5158.82559303847","3092.47774749452","7084.82049486671","9063.62500507467","10768.7605854544"
"Q9EPK6;A0A494B9H1;A0A494B9B2;A0A494B9L8","18","14","121.9037","0.670173444919196","0.342959781814423","1.056205304253","0.0650245968495757","Control_3_meses","Control_1_mes","52772.1901","Nucleotide exchange factor SIL1 OS=Mus musculus OX=10090 GN=Sil1 PE=1 SV=2","3530.25495630326","2914.88442730659","2097.22947632762","2766.20905208753","3328.05396710739","2928.23228155674","2428.82731619664","2538.62928237059","1122.71964680988","2766.20905208753","4093.55365341542","3264.75060615667"
"Q6P5H2;Q6P5H2-2","7","5","37.7579","0.680937013445927","0.347336624603319","1.0675993765973","0.0639752989435641","Control_3_meses","Control_1_mes","207751.8418","Nestin OS=Mus musculus OX=10090 GN=Nes PE=1 SV=1","11818.3945051928","10606.7503879948","6623.1119370092","9040.46165956683","9859.7117885993","12111.7274349901","8131.09527869878","9237.62426856832","3545.58143428441","9040.46165956683","12127.5855538256","13503.6314345823"
"P68510","8","2","54.6611","0.689682076372257","0.350658858387858","1.16879650464695","0.0631573152790894","Control_1_mes","Control_3_meses","28382.8718","14-3-3 protein eta OS=Mus musculus OX=10090 GN=Ywhah PE=1 SV=2","60345.0482547182","47288.88165705","104603.830107605","67815.7200523224","45601.5148559883","68169.34511272","41517.5967210435","41184.8025878927","55998.0567310243","67815.7200523224","56090.5110268558","76003.5029255732"
"Q45VK7;Q45VK7-2;D3Z025;Q45VK7-3","8","6","47.9711","0.69633887931171","0.351046961893203","1.06967362160025","0.0625549005474891","Control_1_mes","Control_3_meses","495761.6297","Cytoplasmic dynein 2 heavy chain 1 OS=Mus musculus OX=10090 GN=Dync2h1 PE=1 SV=1","56022.5856721465","69117.1318319642","47442.2441302115","57498.7824664506","40373.5698713841","63468.41380739","38543.7278861474","60195.4482786213","25397.4780418441","57498.7824664506","49660.0644346144","70762.3311697527"
"P62737;P63268;P68033;P68134;A0A494B9T3;D3YZY0;D3Z2K3;A0A0U1RQ96;A0A1D5RM20","12","2","108.2916","0.696437234186055","0.351046961893203","1.11477049788551","0.0625461290718298","Control_3_meses","Control_1_mes","42408.2561","Actin_ aortic smooth muscle OS=Mus musculus OX=10090 GN=Acta2 PE=1 SV=1","219.915530186269","241.801825830718","347.340600409532","401.600547971271","214.579049068679","285.734343863871","151.302626462878","210.589891603949","185.943465231747","401.600547971271","263.935278376798","318.571507528569"
"P20152;A0A0A6YWC8","5","3","27.8255","0.697148758694912","0.351046961893203","1.10818134529515","0.0624827852863904","Control_1_mes","Control_3_meses","53744.7779","Vimentin OS=Mus musculus OX=10090 GN=Vim PE=1 SV=3","36622.0625061221","28139.5675070683","50909.2056348307","37491.215356203","28789.0674087857","38098.6946822571","25196.1025170469","24507.2941477462","27253.4627301698","37491.215356203","35410.9618517057","42477.0730590917"
"Q6DFV3;A0A0A0MQE8;B7ZCJ0;B7ZCJ1;F6WQR2","10","4","66.9649","0.725943460879205","0.363646187693396","1.40263636470967","0.0600791702267253","Control_1_mes","Control_3_meses","217129.0309","Rho GTPase-activating protein 21 OS=Mus musculus OX=10090 GN=Arhgap21 PE=1 SV=2","25824.874372574","19505.7449645579","5940.97058078435","12994.4955568026","12612.9348179593","10946.2988795975","17767.6006661957","16987.930937363","3180.40751737178","12994.4955568026","15514.0889885341","12204.2694930401"
"Q149S1;A0A3Q4EH78;A0AAA9WUT0;A0AAA9WW41","4","4","20.3866","0.726799019319049","0.363646187693396","1.03470686670477","0.0600123999327342","Control_1_mes","Control_3_meses","52672.8114","Tektin-4 OS=Mus musculus OX=10090 GN=Tekt4 PE=1 SV=2","2473.93944606052","3013.73298144825","2546.60195113594","2337.68420994587","2461.31942127433","2965.77945583078","1702.0786825834","2624.71840196422","1363.28431171546","2337.68420994587","3027.45785037167","3306.61277697649"
"Q91YW3","4","3","20.9713","0.737191676625566","0.36767510382842","1.04753156924161","0.0592220206212557","Control_3_meses","Control_1_mes","57920.3176","DnaJ homolog subfamily C member 3 OS=Mus musculus OX=10090 GN=Dnajc3 PE=1 SV=1","9831.10261890856","13312.0806716522","23027.3180231444","19363.1458085611","13265.3569962656","15736.5548889907","6763.83175852589","11593.7487900892","12327.321664005","19363.1458085611","16316.5775352857","17545.0313270015"
"P45700;A0A1W2P788;A0A1W2P6N0","5","3","25.0177","0.745460623411529","0.370622669604363","1.05427147588424","0.0586200406662083","Control_3_meses","Control_1_mes","73504.0174","Mannosyl-oligosaccharide 1_2-alpha-mannosidase IA OS=Mus musculus OX=10090 GN=Man1a1 PE=1 SV=1","110192.69364505","68334.4029004761","45953.3976078686","60274.4471133117","81645.7073406018","94743.2274244081","75812.9448674849","59513.7544978938","24600.4468821228","60274.4471133117","100425.379778411","105631.309070411"
"P11881;P11881-2;P11881-3;P11881-4;P11881-5;P11881-6;P11881-7;P11881-8","4","2","19.9925","0.753627553189389","0.373501078679839","1.00132339244746","0.0580483834887967","Control_3_meses","Control_1_mes","316589.3652","Inositol 1_4_5-trisphosphate-gated calcium channel ITPR1 OS=Mus musculus OX=10090 GN=Itpr1 PE=1 SV=2","4058.07689848543","5156.4512407018","4059.56147810206","1847.20931535292","4262.9771894632","7181.46994241962","2791.97059256851","4490.85321878694","2173.223998777","1847.20931535292","5243.52249717908","8006.77886630832"
"Q3UV17","24","15","182.5517","0.758396401382927","0.373789901280599","1.06636197542547","0.0577249323128243","Control_1_mes","Control_3_meses","63357.9783","Keratin_ type II cytoskeletal 2 oral OS=Mus musculus OX=10090 GN=Krt76 PE=1 SV=1","51345.6156796508","43981.6170449677","69651.4129896589","54643.6336129259","41742.1558976519","58325.8839326285","35325.9567575995","38304.4418057884","37286.8160943884","54643.6336129259","51343.4446872223","65028.811451542"
"Q06890;E9PUU2;E9PXG5;E9Q8Y5;E9Q9B8;E9Q2G2","17","17","125.0581","0.758968746449545","0.373789901280599","1.08847333116642","0.0576866203123494","Control_1_mes","Control_3_meses","52283.0131","Clusterin OS=Mus musculus OX=10090 GN=Clu PE=1 SV=1","156084.620456644","241495.348872497","138843.817256054","168033.420774","159919.93848526","164868.808473922","107386.745290562","210322.974887381","74327.9089059974","168033.420774","196703.79594514","183815.862488686"
"Q99M73","7","1","57.7342","0.765129547370565","0.375092689062171","147.427218603393","0.0572810575675562","Control_1_mes","Control_3_meses","65838.4797","Keratin_ type II cuticular Hb4 OS=Mus musculus OX=10090 GN=Krt84 PE=2 SV=2","0","2531.39867491065","0","0","6.88336842021639","10.287128987868","0","2204.64411600027","0","0","8.46664093277063","11.4693464757854"
"E9Q704;F8VQA4;P97467;F6T0D3;F6TGI4;F7D4K4","15","13","88.2678","0.767263504021946","0.375092689062171","1.14889303805637","0.0571434763731961","Control_3_meses","Control_1_mes","98032.1423","Peptidylglycine alpha-amidating monooxygenase OS=Mus musculus OX=10090 GN=Pam PE=1 SV=1","20789.3656520702","18771.3203532387","14762.6051032935","11764.4355220503","27262.1442766833","23385.0711602489","14303.1536835581","16348.3063242831","7902.93431150221","11764.4355220503","33532.8247097966","26072.5304226382"
"P07744","6","1","51.7206","0.770690714519169","0.375092689062171","1.03592401768312","0.0569256087604908","Control_1_mes","Control_3_meses","56625.623","Keratin_ type II cytoskeletal 4 OS=Mus musculus OX=10090 GN=Krt4 PE=1 SV=2","514.440375177916","651.167790749107","718.594175865151","394.60761787374","559.592323926972","864.661586293066","353.936713141813","567.114636122886","384.68837503642","394.60761787374","688.306507248583","964.030229347081"
"P52480;P52480-2;A0A1L1SU37;A0A1L1SQV8;A0A1L1SSN6;A0A1L1STV8;A0A1L1SUV0;A0A1L1ST52;A0A1L1SVH2","13","11","80.0434","0.771164035457296","0.375092689062171","1.08189274181343","0.0568958180659596","Control_1_mes","Control_3_meses","58415.2929","Pyruvate kinase PKM OS=Mus musculus OX=10090 GN=Pkm PE=1 SV=4","3853.6351935488","4940.34011579225","6827.18120223637","4480.82215630104","5399.16934805376","4558.73787042019","2651.31401006495","4302.63785600895","3654.8267867681","4480.82215630104","6641.05499146818","5082.63716628768"
"G3X8T9;Q91WP6","3","2","29.7261","0.777319197387163","0.37649681979817","1.21333020219727","0.0565149595571773","Control_1_mes","Control_3_meses","46937.3187","Serine (or cysteine) peptidase inhibitor_ clade A_ member 3N OS=Mus musculus OX=10090 GN=Serpina3n PE=1 SV=1","461.321377330211","491.079220265415","160.380195104011","427.030976898439","197.849185179243","292.249231622779","317.390663471622","427.690400638437","85.8570786053292","427.030976898439","243.357308150772","325.835099250407"
"P63017;Q504P4;D3Z5E2","8","2","51.569","0.778843713314936","0.37649681979817","1.05271388349293","0.0564224959780487","Control_1_mes","Control_3_meses","71099.2839","Heat shock cognate 71 kDa protein OS=Mus musculus OX=10090 GN=Hspa8 PE=1 SV=1","202.270651707215","475.014495338328","1155.54658961866","628.722147522759","711.129289850302","401.202580631176","139.162890559561","413.699320672767","618.604150672517","628.722147522759","874.699127865278","447.309585567066"
"O54827","8","2","38.4857","0.785452746233464","0.378526959953414","1.12900037889983","0.056030143423877","Control_1_mes","Control_3_meses","170955.0129","Phospholipid-transporting ATPase VA OS=Mus musculus OX=10090 GN=Atp10a PE=1 SV=4","1451.01705417851","950.593493893914","2376.59830685194","1217.95449418033","984.810810426105","2029.48203934976","998.30462702513","827.890278126706","1272.27546713201","1217.95449418033","1211.33128572632","2262.71418421381"
"Q9R0H5","17","5","117.2799","0.793388378113983","0.379725392882789","1.07130164179415","0.0555770773016374","Control_1_mes","Control_3_meses","57895.84","Keratin_ type II cytoskeletal 71 OS=Mus musculus OX=10090 GN=Krt71 PE=1 SV=1","5100.34308687554","4835.85311673826","21041.8567900209","10058.9480721722","6415.90947547634","12441.4175564896","3509.05324536391","4211.6381055761","11264.4354326373","10058.9480721722","7891.65979064524","13871.2102058392"
"P11499;E9Q3D6;E9PX27;E9Q0C3;D3Z1R1;B7ZC49","26","14","170.325","0.795476756264181","0.379725392882789","1.05260239473668","0.0554610831724206","Control_3_meses","Control_1_mes","83623.5369","Heat shock protein HSP 90-beta OS=Mus musculus OX=10090 GN=Hsp90ab1 PE=1 SV=3","14642.3003178081","7146.44098382714","6515.54681950918","6601.1274681677","11649.9241849855","11542.1098044802","10073.9520017805","6223.97381396028","3487.99809774837","6601.1274681677","14329.5722307382","12868.5522039497"
"S4R1X8;S4R2V3","6","5","24.1703","0.796834870981975","0.379725392882789","1.0336356373087","0.0553863683422938","Control_3_meses","Control_1_mes","9066.3649","Secretoglobin_ family 2B_ member 17 OS=Mus musculus OX=10090 GN=Scgb2b17 PE=3 SV=1","73232.092137275","74811.6245375721","65542.3185767037","61085.7180906246","79925.5385514412","79758.8810254096","50383.9263755326","65154.8922261331","35087.0753983442","61085.7180906246","98309.5477333314","88924.9315411721"
"Q3UWK8;W4VSP4","25","21","178.8624","0.798346878403643","0.379725392882789","1.02269216443055","0.0553038513952407","Control_1_mes","Control_3_meses","43486.2292","OTTMUSG00000000712 protein OS=Mus musculus OX=10090 GN=Serpinb6d PE=1 SV=1","33025.3922417104","56315.9219689778","13376.7232092292","38721.4358328954","36419.9523046908","25297.4741051024","22721.5812448771","49046.6267666903","7161.02368694401","38721.4358328954","44797.0586677904","28204.7105480847"
"P97821;D3Z220","7","6","43.7478","0.800024486044677","0.379725392882789","1.09929670839458","0.0552131134199628","Control_1_mes","Control_3_meses","53174.8526","Dipeptidyl peptidase 1 OS=Mus musculus OX=10090 GN=Ctsc PE=1 SV=1","6349.76150208859","6796.02745821646","3543.1132116883","4604.31439542188","5133.80874000288","5443.31245384928","4368.65732886226","5918.79189020355","1896.75133719734","4604.31439542188","6314.65767420852","6068.86883432516"
"Q61900","2","2","13.1405","0.808619566792852","0.382648941934516","1.24008121363705","0.0547616012103089","Control_3_meses","Control_1_mes","15829.2751","Submaxillary gland androgen-regulated protein 3A OS=Mus musculus OX=10090 GN=Smr3a PE=2 SV=1","386.874253459121","1850.62347009046","1341.60733173707","423.739284178862","1685.96212474762","2328.6795317679","266.170791165366","1611.74380973828","718.208916404759","423.739284178862","2073.75736195744","2596.29605232072"
"P10126;P62631;D3YZ68;D3Z3I8","15","8","93.6698","0.822145349820832","0.386727740961821","1.03703360410044","0.0540957635196246","Control_1_mes","Control_3_meses","50456.0942","Elongation factor 1-alpha 1 OS=Mus musculus OX=10090 GN=Eef1a1 PE=1 SV=3","5927.08302385294","4405.34748758411","6360.4140039866","5108.641599563","4283.45786586004","6704.6253170912","4077.85311029608","3836.70241819245","3404.95012335259","5108.641599563","5268.71402006822","7475.13430061291"
"Q61286;Q61286-2;V9GWU2;V9GXC3;V9GXG5;V9GXR6","4","2","35.3417","0.822162073150197","0.386727740961821","1.02313153665984","0.0540949736742471","Control_3_meses","Control_1_mes","76039.2818","Transcription factor 12 OS=Mus musculus OX=10090 GN=Tcf12 PE=1 SV=2","13215.6166461559","9896.03431544643","10032.196874349","12766.4980835705","10925.4775351979","10218.5403484484","9092.38882400116","8618.64788092131","5370.58278964257","12766.4980835705","13438.4925609814","11392.8754924106"
"P10639","6","5","42.1496","0.826969707117743","0.387524980171257","1.07542040097468","0.0538712940094707","Control_1_mes","Control_3_meses","12017.6294","Thioredoxin OS=Mus musculus OX=10090 GN=Txn PE=1 SV=3","9088.67661670577","6205.7136600684","11829.0682446824","9994.6053388424","6815.1598393143","8411.49573234291","6253.04016507875","5404.67617442171","6332.51032930125","9994.6053388424","8382.74340938139","9378.16168608433"
"Q3U269","5","2","18.512","0.828790235414084","0.387524980171257","1.15308960829091","0.0537883473145745","Control_3_meses","Control_1_mes","56868.7097","Thiosulfate sulfurtransferase/rhodanese-like domain-containing protein 2 OS=Mus musculus OX=10090 GN=Tstd2 PE=2 SV=3","1241.03948469889","3726.95727262948","1784.01279964355","3480.62665043472","3273.38734260002","1031.65806219047","853.839351045534","3245.8792457798","955.043900979014","3480.62665043472","4026.31292875057","1150.21827506531"
"O09131;A0A494BAB1;A0A494B9X6;A0A494BAY2;A0A494BB82;Q8K2Q2","24","20","174.6448","0.838466306836604","0.390885957731511","1.09329892366796","0.0533635283878888","Control_3_meses","Control_1_mes","27725.7866","Glutathione S-transferase omega-1 OS=Mus musculus OX=10090 GN=Gsto1 PE=1 SV=2","16523.3464792756","20663.9076076184","36556.7829660104","39615.042395716","15723.8308116766","25285.4031294781","11368.1181049515","17996.5972062133","19570.1132963157","39615.042395716","19340.5352500246","28191.2523517406"
"A0A2R8VHP3","25","14","198.6123","0.845210095772453","0.391745455323543","1.02712708316864","0.0530832680045118","Control_3_meses","Control_1_mes","58147.9666","Predicted pseudogene 5478 OS=Mus musculus OX=10090 GN=Gm5478 PE=1 SV=1","33483.3489284927","27022.3573729112","56943.4900546167","47200.166377653","29139.7127741586","44295.3713218486","23036.6569899039","23534.2942117751","30483.8243806247","47200.166377653","35842.2606319123","49385.8842018021"
"O70570","8","8","45.9715","0.845296966948478","0.391745455323543","1.01127895289689","0.0530797418652128","Control_3_meses","Control_1_mes","86310.5057","Polymeric immunoglobulin receptor OS=Mus musculus OX=10090 GN=Pigr PE=1 SV=1","3212.0920717746","2083.80307637986","2708.35746826137","2656.42058591036","2793.54736842341","2644.56425031745","2209.93017859377","1814.82444341023","1449.87764787943","2656.42058591036","3436.1029445499","2948.48287604224"
"P17897","3","1","22.8368","0.850772065299063","0.39215642651716","1.02246822451956","0.0528617945778735","Control_1_mes","Control_3_meses","17250.4463","Lysozyme C-1 OS=Mus musculus OX=10090 GN=Lyz1 PE=1 SV=1","4903.57111887532","2249.88245907923","9032.45692380493","5448.21357947512","3469.42617479338","6912.59351226162","3373.67346773982","1959.46619324051","4835.38733447379","5448.21357947512","4267.44347701325","7707.00261772709"
"P24472;A0A1L1SS61","13","10","78.6095","0.851175983160526","0.39215642651716","1.14739495292641","0.0528460493597921","Control_1_mes","Control_3_meses","25563.9437","Glutathione S-transferase A4 OS=Mus musculus OX=10090 GN=Gsta4 PE=1 SV=3","8664.70774339718","15317.0272779979","24330.0076844649","12196.1456300092","12772.4825333468","17136.9629259563","5961.34815035035","13339.8956070188","13024.6966022124","12196.1456300092","15710.3349447816","19106.3770632487"
"Q64511;F6XX57","13","6","86.0848","0.865922014189387","0.397783742215176","1.06056151013056","0.05230231693359","Control_1_mes","Control_3_meses","182821.5668","DNA topoisomerase 2-beta OS=Mus musculus OX=10090 GN=Top2b PE=1 SV=2","6806.59483588804","12101.3068907441","11609.515243885","7911.83774634725","9341.53052102692","11521.4049815252","4682.96020324819","10539.2624626913","6214.97599636651","7911.83774634725","11490.2152341232","12845.4679412297"
"Q8K385;A0A0G2JFP4","7","5","36.307","0.868653129889656","0.397874973949824","1.12764662787754","0.0522082031736953","Control_1_mes","Control_3_meses","66731.8045","Ferric-chelate reductase 1 OS=Mus musculus OX=10090 GN=FRRS1 PE=1 SV=1","4773.83500653393","4557.91896130032","1810.21917686277","4479.02742984382","2856.7399509924","2544.96375358704","3284.41458489644","3969.57986856474","969.07308324439","4479.02742984382","3513.83071873887","2837.43609053886"
"Q91W20","1","1","5.8847","0.871239799907901","0.397899706180089","1.03770129117316","0.0521209490725043","Control_1_mes","Control_3_meses","36322.9776","Leucine-rich repeat-containing protein 26 OS=Mus musculus OX=10090 GN=Lrrc26 PE=2 SV=1","627.861172291289","1491.02090935393","554.839467833002","764.68475141358","1034.22884878128","777.667514448916","431.970604082718","1298.55897738294","297.024802670824","764.68475141358","1272.1161748696","867.038624352468"
"A0A1B0GT39","1","1","4.4737","0.884744549529286","0.402896185082777","1.8342353959496","0.0516949330810836","Control_1_mes","Control_3_meses","8403.4742","Predicted gene_ 40193 OS=Mus musculus OX=10090 GN=Gm40193 PE=4 SV=1","0","107.781689881821","41.1051094576572","33.1569519354404","48.0140905971883","0","0","93.8691604628058","22.0049901516704","33.1569519354404","59.0580134583487","0"
"REVERSE325","5","5","27.2024","0.894352336597376","0.406094307371805","1.07768793258607","0.0514217348878934","Control_1_mes","Control_3_meses","129417.1736","Reversed Sequence 325","25861.5431655617","21596.5432566733","46937.1853121138","32657.5689782506","21003.7274801019","33929.2470376978","17792.8289194416","18808.8476495906","25127.1025468049","32657.5689782506","25834.883151322","37828.4641319075"
"P04104","42","31","242.6179","0.924771330128527","0.417595997430317","1.02920762777948","0.0507177560520592","Control_1_mes","Control_3_meses","66119.2737","Keratin_ type II cytoskeletal 1 OS=Mus musculus OX=10090 GN=Krt1 PE=1 SV=4","77507.2395398469","66093.7616709535","132977.414043765","92530.2010334496","55577.7350696189","120621.528962484","53325.2422070121","57562.3366703922","71187.4198861316","92530.2010334496","68361.4035984325","134483.596904566"
"Q99N75;D3Z4E7;D3Z617","29","28","116.1191","0.924998901369784","0.417595997430317","1.00222857451465","0.0507134008425599","Control_1_mes","Control_3_meses","16316.897","Prolactin-induced protein OS=Mus musculus OX=10090 GN=Sval2 PE=1 SV=1","263923.17401843","260321.391731339","251548.987588752","251822.533503039","267849.852392007","254396.098147344","181580.033841107","226718.940101268","134662.893922108","251822.533503039","329459.123158113","283631.807784351"
"A0A5H1ZRK8;P01837","3","2","16.2488","0.931393297021496","0.419277961864767","2.57567472661217","0.050596508822994","Control_1_mes","Control_3_meses","11948.9751","Immunoglobulin kappa constant (Fragment) OS=Mus musculus OX=10090 GN=Igkc PE=1 SV=1","11.3517515256556","335.054803589705","2340.36516713892","21.1463620181269","610.803574300377","411.183225836733","7.81004333496099","291.805715390817","1252.8786112893","21.1463620181269","751.297072646245","458.437226529809"
"REVERSE6695","4","4","27.959","0.943387366419569","0.423463873788988","1.029625888483","0.0504056914524872","Control_3_meses","Control_1_mes","50066.409","Reversed Sequence 6695","18804.1824311077","19978.2546962591","19939.3275242727","16241.6617277514","18507.7056105452","25712.0817644372","12937.3409322383","17399.4488108899","10674.2132934721","16241.6617277514","22764.7407966265","28666.9657508758"
"P03995;P03995-2","16","10","102.1101","0.952770746296887","0.426457397374959","1.01758311726967","0.0502821355111917","Control_1_mes","Control_3_meses","49957.155","Glial fibrillary acidic protein OS=Mus musculus OX=10090 GN=Gfap PE=1 SV=4","4751.70023994595","5157.64191412963","10000.0879188462","8829.10838812314","3680.07406847628","7056.226732128","3269.18579083143","4491.89019932769","5353.39375258755","8829.10838812314","4526.54337842482","7867.14245519029"
"P07356;B0V2N7;B0V2N8;B0V2N5","15","13","90.0874","0.956233922934259","0.426710473047071","1.01286569728718","0.050242215524739","Control_3_meses","Control_1_mes","38961.4131","Annexin A2 OS=Mus musculus OX=10090 GN=Anxa2 PE=1 SV=2","8441.19330150173","5518.93827310452","9274.10655914036","11036.7450053477","4910.64308890489","7585.77471402109","5807.56946049374","4806.55019336217","4964.75076193743","11036.7450053477","6040.16075336591","8457.54715285156"
"P02816;A0A0N4SV85","59","51","196.1529","0.958768270722948","0.426710473047071","1.01360757827723","0.0502149390048927","Control_1_mes","Control_3_meses","17108.5903","Prolactin-inducible protein homolog OS=Mus musculus OX=10090 GN=Pip PE=2 SV=3","347411.812754152","476319.758573636","452198.356735075","397028.121313022","451595.977132791","410176.600569763","239020.498867955","414836.099695398","242077.457470515","397028.121313022","555469.46664041","457314.917868979"
"P62962;Q5SX49;J3QMC2","4","3","23.6583","0.968753411293863","0.428212284998598","1.06921384559717","0.0501233683663601","Control_1_mes","Control_3_meses","15128.3395","Profilin-1 OS=Mus musculus OX=10090 GN=Pfn1 PE=1 SV=2","367.154887641711","1038.28721405867","1906.28192742301","544.008843268719","837.912293435795","1715.42374220861","252.603800976773","904.264436842822","1020.49880398595","544.008843268719","1030.64402318483","1912.56367791073"
"Q3UU35","52","41","332.4498","0.969975418760293","0.428212284998598","1.00876453039525","0.0501139005205639","Control_1_mes","Control_3_meses","163709.1402","Alpha-2-macroglobulin-like protein 1 OS=Mus musculus OX=10090 GN=A2ml1 PE=1 SV=2","97493.5452561907","145254.591954228","123602.00047678","138908.451870379","126500.218729174","97758.4775788789","67075.8879463627","126505.036384761","66168.4359707169","138908.451870379","155597.065929415","108993.077817899"
"P07743;B7ZCG3","12","12","67.4403","0.974710210677399","0.428212284998598","1.20187909871148","0.0500807915948212","Control_3_meses","Control_1_mes","24923.9731","BPI fold-containing family A member 2 OS=Mus musculus OX=10090 GN=Bpifa2 PE=1 SV=1","7973.80556560802","19601.526196578","18891.7373576182","4524.81020365119","18738.1094694526","32584.8794803706","5486.00512187082","17071.348666735","10113.4019587166","4524.81020365119","23048.140815891","36329.5991595741"
"P01878;A0A075B6A3;A0A0A6YXW6","6","5","37.3453","0.976479693724408","0.428212284998598","1.23926033464675","0.0500698760988579","Control_1_mes","Control_3_meses","37617.2704","Ig alpha chain C region OS=Mus musculus OX=10090 PE=1 SV=1","4161.64345360627","13945.4750526669","33216.3400980911","23929.7213345726","9722.99098867085","7761.87762971737","2863.2247317838","12145.3842195662","17781.8584204468","23929.7213345726","11959.4170278413","8653.88816868783"
"A0A140LIJ4;A0A571BGC3","11","9","49.114","0.978206200244078","0.428212284998598","1.02930466012565","0.050059989818378","Control_1_mes","Control_3_meses","521619.9729","Dynein_ axonemal_ heavy chain 14 OS=Mus musculus OX=10090 GN=Dnah14 PE=1 SV=1","22477.4328933443","16677.1163697652","11491.3859270922","15546.7683946494","15704.5444792785","17952.715002541","15464.5496387887","14524.4235295147","6151.73727770241","15546.7683946494","19316.8127872192","20015.8770039732"
"REVERSE15920","2","1","14.797","0.978496365330717","0.428212284998598","1.03158254552322","0.0500584023407616","Control_3_meses","Control_1_mes","44399.3448","Reversed Sequence 15920","44328.2733735867","32109.9873106139","53634.8838947878","52362.5872779197","25007.7113609159","56810.886950167","30498.001584096","27965.2096253416","28712.6127983326","52362.5872779197","30759.8401999508","63339.7079784436"
"REVERSE8141","4","2","20.8491","0.99470784233971","0.434097610847467","1.1530172945244","0.0500035322594468","Control_3_meses","Control_1_mes","53223.605","Reversed Sequence 8141","1848.01515875084","1577.41154327107","1366.10950705815","2038.74435705014","693.021407156374","2792.95835220265","1271.44066190044","1373.79825305716","731.325780311671","2038.74435705014","852.42617493544","3113.93072563093"
"A0A0B4J1I0;A0A0G2JDE5;A0A140T8M0;A0A140T8M9;A0A140T8N1;F6XWB2;P01631","1","0","6.874",,,,,"---","---","13193.0706","Immunoglobulin kappa variable 1-110 (Fragment) OS=Mus musculus OX=10090 GN=Igkv1-110 PE=1 SV=5",,,,,,,"0","0","0","0","0","0"
"A0A1N9M8B2;Q8K1K9","1","0","5.6529",,,,,"---","---","49630.958","Histone H4 transcription factor (Fragment) OS=Mus musculus OX=10090 GN=Hinfp PE=1 SV=1",,,,,,,"0","0","0","0","0","0"
"A0A9L6KDW7","3","0","13.6442",,,,,"---","---","55178.6398","Zinc finger protein 33B OS=Mus musculus OX=10090 GN=Zfp33b PE=4 SV=1",,,,,,,"0","0","0","0","0","0"
"A0A140LHZ2;A0A140LIW0;A0A286YDU8","1","0","5.9726",,,,,"---","---","13550.9817","Coiled-coil and C2 domain containing 2B (Fragment) OS=Mus musculus OX=10090 GN=Cc2d2b PE=4 SV=1",,,,,,,"0","0","0","0","0","0"
"A0A338P675;P47941","1","0","5.8145",,,,,"---","---","16872.7876","V-crk avian sarcoma virus CT10 oncogene homolog-like (Fragment) OS=Mus musculus OX=10090 GN=Crkl PE=1 SV=1",,,,,,,"0","0","0","0","0","0"
"A2ALV1;A2ALV3;Q62420;Q8BXU5","1","0","5.4154",,,,,"---","---","20289.2667","SH3-domain GRB2-like 2 OS=Mus musculus OX=10090 GN=Sh3gl2 PE=1 SV=1",,,,,,,"0","0","0","0","0","0"
"B1ARJ2;G5E8M9;P35330","1","0","5.7733",,,,,"---","---","16077.3512","Intercellular adhesion molecule 2 (Fragment) OS=Mus musculus OX=10090 GN=Icam2 PE=1 SV=1",,,,,,,"0","0","0","0","0","0"
"F6Y6L6;A0A1B0GT66","6","0","49.2224",,,,,"---","---","30241.4076","Cathepsin D (Fragment) OS=Mus musculus OX=10090 GN=Gm49369 PE=1 SV=1",,,,,,,"0","0","0","0","0","0"
"F8WIV2;Q60854","3","0","17.6819",,,,,"---","---","45230.8328","Serpin B6 OS=Mus musculus OX=10090 GN=Serpinb6a PE=1 SV=1",,,,,,,"0","0","0","0","0","0"
"H3BKI6;Q925I1;Q925I1-2;V9GWS5","2","0","10.5337",,,,,"---","---","24122.8183","ATPase family_ AAA domain containing 3A OS=Mus musculus OX=10090 GN=Atad3a PE=1 SV=1",,,,,,,"0","0","0","0","0","0"
"O35691;Q3TUQ5","1","0","4.3773",,,,,"---","---","82606.8288","Pinin OS=Mus musculus OX=10090 GN=Pnn PE=1 SV=4",,,,,,,"0","0","0","0","0","0"
"P10853;P10854;P70696;Q64475;Q64478;Q64524;Q64525;Q6ZWY9;Q8CBB6;Q8CGP0;Q8CGP1;Q8CGP2;Q8CGP2-2;Q9D2U9","1","0","8.2054",,,,,"---","---","13936.1889","Histone H2B type 1-F/J/L OS=Mus musculus OX=10090 GN=H2bc7 PE=1 SV=2",,,,,,,"0","0","0","0","0","0"
"Q3UT41","8","0","61.9159",,,,,"---","---","45036.8738","Lipase OS=Mus musculus OX=10090 GN=Lipo3 PE=1 SV=1",,,,,,,"0","0","0","0","0","0"
"Q5EBJ4","2","0","19.4136",,,,,"---","---","32319.0178","Ermin OS=Mus musculus OX=10090 GN=Ermn PE=1 SV=1",,,,,,,"0","0","0","0","0","0"
"Q5I2A0;Q80X76","3","0","19.3868",,,,,"---","---","49420.694","Serine protease inhibitor A3G OS=Mus musculus OX=10090 GN=Serpina3g PE=1 SV=2",,,,,,,"0","0","0","0","0","0"
"Q8BGW3","1","0","14.8236",,,,,"---","---","23928.9659","Class E basic helix-loop-helix protein 23 OS=Mus musculus OX=10090 GN=Bhlhe23 PE=2 SV=1",,,,,,,"0","0","0","0","0","0"
"Q8BR26","2","0","10.5499",,,,,"---","---","21954.1295","Interferon-induced transmembrane protein 10 OS=Mus musculus OX=10090 GN=Ifitm10 PE=2 SV=3",,,,,,,"0","0","0","0","0","0"
"Q9CQV8;Q9CQV8-2;A2A5N1","7","0","44.2273",,,,,"---","---","28200.542","14-3-3 protein beta/alpha OS=Mus musculus OX=10090 GN=Ywhab PE=1 SV=3",,,,,,,"0","0","0","0","0","0"
"Q9CW03","5","0","29.9584",,,,,"---","---","141955.1436","Structural maintenance of chromosomes protein 3 OS=Mus musculus OX=10090 GN=Smc3 PE=1 SV=2",,,,,,,"0","0","0","0","0","0"
"Q9JM54","2","0","8.871",,,,,"---","---","11679.6802","Phorbol-12-myristate-13-acetate-induced protein 1 OS=Mus musculus OX=10090 GN=Pmaip1 PE=1 SV=1",,,,,,,"0","0","0","0","0","0"
"Q9Z2T6","5","0","30.6568",,,,,"---","---","57413.2213","Keratin_ type II cuticular Hb5 OS=Mus musculus OX=10090 GN=Krt85 PE=1 SV=2",,,,,,,"0","0","0","0","0","0"
"Q91VN6;A0A1S6GWJ4","4","0","10.7127",,,,,"---","---","70504.041","Probable ATP-dependent RNA helicase DDX41 OS=Mus musculus OX=10090 GN=Ddx41 PE=1 SV=2",,,,,,,"0","0","0","0","0","0"
"Q99PW8;A2AM72","3","0","15.8203",,,,,"---","---","117000.436","Kinesin-like protein KIF17 OS=Mus musculus OX=10090 GN=Kif17 PE=1 SV=1",,,,,,,"0","0","0","0","0","0"
"Q61765","6","0","45.2307",,,,,"---","---","48942.2702","Keratin_ type I cuticular Ha1 OS=Mus musculus OX=10090 GN=Krt31 PE=1 SV=2",,,,,,,"0","0","0","0","0","0"
"Q61897","6","0","44.8786",,,,,"---","---","47517.4968","Keratin_ type I cuticular Ha3-II OS=Mus musculus OX=10090 GN=Krt33b PE=1 SV=2",,,,,,,"0","0","0","0","0","0"
"Q64437","2","0","13.1591",,,,,"---","---","40702.7986","All-trans-retinol dehydrogenase [NAD(+)] ADH7 OS=Mus musculus OX=10090 GN=Adh7 PE=2 SV=2",,,,,,,"0","0","0","0","0","0"
"REVERSE1833","1","0","4.9834",,,,,"---","---","5679.487","Reversed Sequence 1833",,,,,,,"0","0","0","0","0","0"
"REVERSE1939","2","0","11.226",,,,,"---","---","73577.3165","Reversed Sequence 1939",,,,,,,"0","0","0","0","0","0"
"REVERSE11332","1","0","4.4795",,,,,"---","---","35401.6505","Reversed Sequence 11332",,,,,,,"0","0","0","0","0","0"
"REVERSE33424","1","0","13.1868",,,,,"---","---","12542.5964","Reversed Sequence 33424",,,,,,,"0","0","0","0","0","0"
"REVERSE52262","1","0","5.9583",,,,,"---","---","16135.144","Reversed Sequence 52262",,,,,,,"0","0","0","0","0","0"
