,,,,,,,,,,,,"Normalized abundance",,,,,,"Raw abundance",,,,,
,,,,,,,,,,,,"Control_1_mes",,,"STZ_3_meses",,,"Control_1_mes",,,"STZ_3_meses",,
"Accession","Peptide count","Unique peptides","Confidence score","Anova (p)","q Value","Max fold change","Power","Highest mean condition","Lowest mean condition","Mass","Description","20260129_HDMSE_941_089_Control_pool_lagrimas_1_mes_N1","20260129_HDMSE_942_089_Control_pool_lagrimas_1_mes_N2","20260129_HDMSE_943_089_Control_pool_lagrimas_1_mes_N3","20260129_HDMSE_950_089_STZ_pool_lagrimas_3_meses_N1","20260129_HDMSE_951_089_STZ_pool_lagrimas_3_meses_N2","20260129_HDMSE_952_089_STZ_pool_lagrimas_3_meses_N3","20260129_HDMSE_941_089_Control_pool_lagrimas_1_mes_N1","20260129_HDMSE_942_089_Control_pool_lagrimas_1_mes_N2","20260129_HDMSE_943_089_Control_pool_lagrimas_1_mes_N3","20260129_HDMSE_950_089_STZ_pool_lagrimas_3_meses_N1","20260129_HDMSE_951_089_STZ_pool_lagrimas_3_meses_N2","20260129_HDMSE_952_089_STZ_pool_lagrimas_3_meses_N3"
"O70456","16","7","105.3673","9.55187429148019E-05","0.0046518865641154","3.11563889797558","1","STZ_3_meses","Control_1_mes","27820.1408","14-3-3 protein sigma OS=Mus musculus OX=10090 GN=Sfn PE=1 SV=2","22893.5689569347","26067.4315441035","22649.2877785978","67608.1134799571","82108.7390899293","73394.9470893922","15750.8526540137","22702.6308192944","12124.9489682979","67889.5171041043","53169.5031406693","83124.2819867237"
"REVERSE29220","1","1","12.5544","9.68661002056503E-05","0.0046518865641154","2.22396440630793","1","Control_1_mes","STZ_3_meses","35260.256","Reversed Sequence 29220","1562.4514343517","1365.21069601026","1546.96510105389","675.122818401019","698.959291484599","637.922766956949","1074.97185641173","1188.98842678974","828.144049798348","677.932865865202","452.610996779373","722.486684290348"
"Q91XL1","4","4","21.0671","0.00010014949526338","0.0046518865641154","13.4573449318146","1","STZ_3_meses","Control_1_mes","37830.1868","Leucine-rich HEV glycoprotein OS=Mus musculus OX=10090 GN=Lrg1 PE=1 SV=1","6759.17539660784","6015.3951686781","9450.54503974124","118679.85363458","95959.0064956026","84452.1867161239","4650.33546909497","5238.92411554284","5059.20439748845","119173.831934033","62138.24196783","95647.2844709106"
"H3BL44;Q3UZR5;Q80XR2;Q8BMS7;H3BJ99;H3BJJ5;H3BJY0;H3BKB1;H3BLC2","3","2","15.4884","0.000109025959442288","0.0046518865641154","4.19988031726311","1","Control_1_mes","STZ_3_meses","97831.5813","Calcium-transporting ATPase OS=Mus musculus OX=10090 GN=Atp2c1 PE=1 SV=1","8008.62224970469","6415.29866431973","7068.61189361817","1521.64876813489","1666.06322148357","1929.70355179592","5509.95911795328","5587.20781236723","3784.07300594288","1527.982290193","1078.85901877269","2185.50770252479"
"Q9JJV1","1","1","5.6629","0.000241382293354242","0.00823938117500794","Infinity","0.999999999959799","Control_1_mes","STZ_3_meses","22635.8692","Beta-crystallin A2 OS=Mus musculus OX=10090 GN=Cryba2 PE=2 SV=3","598.173290518901","3082.87909315708","436.39625463855","0","0","0","411.545241296937","2684.93908937868","233.61804438057","0","0","0"
"Q9QXC6","6","3","39.9103","0.000607211147347075","0.0172722006903941","22.9115210248792","0.999999275482","Control_1_mes","STZ_3_meses","25662.503","Beta-A3/A1 crystallin protein OS=Mus musculus OX=10090 GN=Cryba1 PE=1 SV=1","5971.27197750313","9275.99984147527","4488.35622932727","434.115909988745","196.397407902202","230.871136981129","4108.2552594406","8078.6478531477","2402.77269484649","435.922820196453","127.177115517978","261.475731696366"
"P62696","18","14","105.0347","0.000720559110085395","0.017568341442999","49.2918280198956","0.999997307425276","Control_1_mes","STZ_3_meses","23495.0709","Beta-crystallin B2 OS=Mus musculus OX=10090 GN=Crybb2 PE=1 SV=2","23137.7566351442","46557.5467993771","21866.6511109771","355.125997672982","422.042456954228","1080.37991035819","15918.8546001777","40547.8689010836","11705.9764271575","356.604130069084","273.293537195189","1223.5965537522"
"A0A3B2WD20;A8R0U0","25","22","171.7372","0.0011097245876649","0.0236746960340186","1.80568028591953","0.999954466179764","Control_1_mes","STZ_3_meses","17466.8196","Exocrine gland secreted peptide 6 OS=Mus musculus OX=10090 GN=Esp6 PE=1 SV=1","108578.533843322","118393.874112537","98566.7391666324","59891.3805845184","65033.293327271","55361.4762228751","74702.3974799252","103111.517170204","52766.1926524798","60140.6650369926","42112.3004948995","62700.2694769526"
"Q8C6C9;D3YTP1;D3Z001","50","35","249.1019","0.00165019777416309","0.0309068095399351","1.94087302541489","0.999635338675938","Control_1_mes","STZ_3_meses","38626.3357","Protein LEG1 homolog OS=Mus musculus OX=10090 GN=Leg1 PE=2 SV=2","326010.472616063","370224.733679955","359887.667884037","153756.980039886","196521.12146464","193870.258718211","224296.304674049","322435.888426025","192660.345440842","154396.959018651","127257.226218976","219569.966239008"
"B1AQ77;Q61414","17","4","160.3329","0.00181090215601176","0.0309068095399351","2.1516330518565","0.999441629053363","STZ_3_meses","Control_1_mes","49665.1683","Keratin 15 OS=Mus musculus OX=10090 GN=Krt15 PE=1 SV=1","6093.92554188271","5413.32156833003","6391.79312282207","13871.3415366413","14017.1886287779","10623.6363964878","4192.6413253994","4714.56656034529","3421.74845353716","13929.0778877873","9076.82864311051","12031.9202147597"
"P27773","5","4","29.0741","0.00251753213168304","0.0390608353794005","4.28540825725769","0.997851345500607","Control_1_mes","STZ_3_meses","57134.6581","Protein disulfide-isomerase A3 OS=Mus musculus OX=10090 GN=Pdia3 PE=1 SV=2","9926.29515454065","15198.0478897571","12502.252885731","2842.68572428094","2070.95181510553","3866.52847310604","6829.32454409041","13236.2741542582","6692.88940606274","2854.51776667865","1341.04457403528","4379.0807930784"
"P21956;P21956-2","15","11","86.9946","0.00275570627266353","0.0391932130966103","3.19228075474175","0.997014180077661","Control_1_mes","STZ_3_meses","52381.5735","Lactadherin OS=Mus musculus OX=10090 GN=Mfge8 PE=1 SV=3","16853.0327734656","17703.5556218927","12654.4688899786","3866.71880260598","4602.20803536381","6320.20385337382","11594.9433872657","15418.369346925","6774.37591026111","3882.81315324829","2980.15920476243","7158.01874864155"
"Q8CDG5;B8JJI2;B8JJI3","11","6","57.7598","0.00322225367401507","0.0420037593168492","3.90124100225239","0.994918102460054","STZ_3_meses","Control_1_mes","73111.547","CREB3 regulatory factor OS=Mus musculus OX=10090 GN=Crebrf PE=2 SV=1","662.270966767573","819.615732279888","521.960735144231","3033.5894779033","1806.25424521029","2977.64804941329","455.644658734064","713.819209696743","279.423677200982","3046.21611440174","1169.63969764985","3372.36916071599"
"Q5S006","5","2","30.8789","0.0035205924209597","0.0420037593168492","222.648546151358","0.993268054282852","STZ_3_meses","Control_1_mes","288724.2476","Leucine-rich repeat serine/threonine-protein kinase 2 OS=Mus musculus OX=10090 GN=Lrrk2 PE=1 SV=2","3.14247114977482","42.4470892639572","52.2773015645306","4412.49047893185","5399.75577414394","11977.66828278","2.16203074945199","36.9679918515499","27.9858519113882","4430.85648189175","3496.61113755194","13565.4444258757"
"P24622-2;A0A494B9Q6","5","1","48.1854","0.00383276849301262","0.0420037593168492","17.225970772336","0.991295277219751","Control_1_mes","STZ_3_meses","19849.1983","Isoform 2 of Alpha-crystallin A chain OS=Mus musculus OX=10090 GN=Cryaa","22026.1561793667","41648.2600285172","16890.9023778154","2290.4823387073","614.598465388361","1771.88745798237","15154.0697375806","36272.2760043952","9042.28562776434","2300.01595823875","397.983154995556","2006.77129076305"
"P04344","2","2","6.2961","0.00396338712336919","0.0420037593168492","6.07973416278409","0.990398505743359","Control_1_mes","STZ_3_meses","21599.0254","Gamma-crystallin B OS=Mus musculus OX=10090 GN=Crygb PE=2 SV=4","1532.0677190967","1672.1135070748","942.067645267422","241.724255057734","132.627459490866","307.626931297362","1054.06775784312","1456.27602684399","504.321470732764","242.730378108893","85.882893856343","348.406379430012"
"Q0VGU8","21","20","145.1956","0.00418386721397546","0.0420037593168492","1.52148629265695","0.988793793125499","Control_1_mes","STZ_3_meses","40101.9387","BPI fold containing family A_ member 6 OS=Mus musculus OX=10090 GN=Bpifa6 PE=1 SV=1","122685.650330128","117643.868696585","144295.920965248","82763.3002675779","89854.5930110207","80177.9694565794","84408.1412009964","102458.322932712","77246.6090386482","83107.7839610711","58185.3298230589","90806.4711064407"
"E9PX29","9","6","40.1657","0.00510529758243905","0.0448392795527988","1.64315327770653","0.980975380360427","STZ_3_meses","Control_1_mes","290078.7727","Spectrin beta chain OS=Mus musculus OX=10090 GN=Sptbn4 PE=1 SV=1","5734.92131328682","5664.85111814625","5668.92262699186","11050.7734347078","8422.39370511873","8573.31509159769","3945.64520533536","4933.62851510518","3034.77081616916","11096.7698031034","5453.91993007951","9709.80550428111"
"O88531;B1B0P8;B1B0P9","9","8","56.7942","0.00523168451931799","0.0448392795527988","2.1821766339509","0.97977876821082","Control_1_mes","STZ_3_meses","35060.538","Palmitoyl-protein thioesterase 1 OS=Mus musculus OX=10090 GN=Ppt1 PE=1 SV=2","18225.9759576571","21558.3041745389","17002.3958576059","9508.80738852134","6670.4932502972","9843.65053126515","12539.5329284251","18775.5444926188","9101.97195282555","9548.38566874123","4319.47702220884","11148.5383529612"
"E9PYP8;Q9WVJ5","3","2","21.0864","0.00539491566878025","0.0448392795527988","13.1002603971927","0.97819422096546","Control_1_mes","STZ_3_meses","26675.9075","Beta-crystallin B1 (Fragment) OS=Mus musculus OX=10090 GN=Crybb1 PE=1 SV=1","994.937236284281","4031.84051654043","1333.54816606336","185.736820567622","135.702857065511","164.071734052322","684.520174123329","3511.40796569947","713.894565619163","186.50990846721","87.8743671491531","185.821308254436"
"O88852","4","2","17.9239","0.00551720004012846","0.0448392795527988","3.68357509983455","0.976979543802403","Control_1_mes","STZ_3_meses","43221.8347","Testis-specific Y-encoded-like protein 1 OS=Mus musculus OX=10090 GN=Tspyl1 PE=2 SV=1","64976.4232448784","39035.3848601869","53472.6963472384","12351.8031155199","19895.3732125521","10505.9915004806","44703.9983342093","33996.6724328219","28625.7881813047","12403.2147284544","12883.2462930772","11898.6801499076"
"P17156","25","10","159.0606","0.0061044212360114","0.0473566533641324","1.89847982071741","0.97084748587891","Control_1_mes","STZ_3_meses","69926.8927","Heat shock-related 70 kDa protein 2 OS=Mus musculus OX=10090 GN=Hspa2 PE=1 SV=2","82723.4799848252","71360.4775966873","57849.7360145883","39615.7030442661","39100.1251133622","32917.5383303093","56914.0332256301","62149.2215381911","30968.9692613289","39780.5945319291","25319.2808470549","37281.1323802002"
"P28665","8","3","47.1746","0.00663173824810537","0.0486561459605493","2.22209890253216","0.964975843972247","STZ_3_meses","Control_1_mes","166723.6185","Murinoglobulin-1 OS=Mus musculus OX=10090 GN=Mug1 PE=1 SV=3","6279.48167458638","7442.46109272621","5850.66289806373","11622.5954654297","18332.1395856499","13537.5305176479","4320.30457051257","6481.7834580003","3132.06268396526","11670.9719149063","11870.9745646788","15332.0841390113"
"P35700;B1AXW5;B1AXW6","7","5","39.6823","0.00684210535618035","0.0486561459605493","1.58908296022302","0.962551782701562","Control_1_mes","STZ_3_meses","22404.6355","Peroxiredoxin-1 OS=Mus musculus OX=10090 GN=Prdx1 PE=1 SV=1","328493.954398704","272868.3265106","299450.428560743","189787.684631781","212301.058503614","164787.078969966","226004.948516384","237646.308519802","160306.195953095","190577.633345403","137475.522362026","186631.480275945"
"P07901;B7ZC50","23","12","138.422","0.00736972337848041","0.0503118594374729","1.66094679397914","0.956298752831677","Control_1_mes","STZ_3_meses","85187.2283","Heat shock protein HSP 90-alpha OS=Mus musculus OX=10090 GN=Hsp90aa1 PE=1 SV=4","93598.9090445041","81446.1501626702","93132.3789772482","50590.3966015148","63786.9257639082","47083.2609335448","64396.3650975375","70933.0290430617","49856.991241127","50800.9677921299","41305.2153440477","53324.6826096579"
"Q8VFX0","2","1","11.5306","0.0079515340505325","0.0507880933385068","179.09479344816","0.949164466840739","Control_1_mes","STZ_3_meses","35085.2119","Olfactory receptor OS=Mus musculus OX=10090 GN=Or5b101 PE=3 SV=1","614.780085176857","1041.56120021229","132.06964536135","0","0","9.98583429656297","422.970772030262","907.115814771152","70.701459839313","0","0","11.3095701932888"
"P18761;B1ARR4","15","14","98.0761","0.00803464112141672","0.0507880933385068","2.24016243340998","0.948128318171631","Control_1_mes","STZ_3_meses","36609.0124","Carbonic anhydrase 6 OS=Mus musculus OX=10090 GN=Ca6 PE=1 SV=3","21714.3423933642","25209.6764970726","25405.3218200613","9538.23688088752","8397.44830991552","14351.8577265193","14939.5408011769","21955.5953419716","13600.3495386952","9577.93765477543","5437.76654271412","16254.3596800951"
"A0A1D5RLF0","3","2","16.0697","0.00842268595942186","0.0513395156383287","73.5027823550259","0.943242676719023","STZ_3_meses","Control_1_mes","54724.9729","F-box and WD-40 domain protein 27 OS=Mus musculus OX=10090 GN=Fbxw27 PE=4 SV=1","16.5981548833596","0","5.18403238799177","457.140629090543","494.856719044406","649.054022087607","11.4195865392628","0","2.7751922607385","459.043374532615","320.444402983652","735.093513875225"
"Q8BGZ7","26","11","211.1681","0.0096011545949316","0.0558534806507001","1.78095052187725","0.928043455397491","STZ_3_meses","Control_1_mes","59968.7134","Keratin_ type II cytoskeletal 75 OS=Mus musculus OX=10090 GN=Krt75 PE=1 SV=1","16932.6237266048","11148.1490218671","13571.1081158674","23008.5370434821","26266.191697344","24905.2102216879","11649.7022314566","9709.13882074345","7265.0846665313","23104.3049236535","17008.6689605083","28206.6790631345"
"A0A0A0MQA3;A0A0R4J0X5;P07758;Q00896;P22599;Q00897","4","3","33.8221","0.0104471397161489","0.0558534806507001","7.38269646913105","0.916931696441663","Control_1_mes","STZ_3_meses","49024.2217","Serine (or cysteine) peptidase inhibitor_ clade A_ member 1A OS=Mus musculus OX=10090 GN=Serpina1a PE=1 SV=1","4631.14892562615","2458.7406495751","4903.60004532387","469.314365195059","225.546023417397","929.680139455166","3186.24608000388","2141.36483501468","2625.06710549536","471.267781086029","146.052297640601","1052.91981443089"
"Q9JI91","11","1","81.6689","0.0104980138806339","0.0558534806507001","1.84964052919877","0.916260696872559","Control_1_mes","STZ_3_meses","104404.1584","Alpha-actinin-2 OS=Mus musculus OX=10090 GN=Actn2 PE=1 SV=2","6919.80384914053","5057.53027019873","4570.16666161932","2885.11539123312","3245.86707650091","2815.3508979858","4760.84838617854","4404.70103038212","2446.56865551033","2897.12403761277","2101.86079619602","3188.55767619418"
"A0A1L1SRG5;P23927","4","4","28.6305","0.011011338711621","0.0558534806507001","16.6504061989968","0.909481626255104","Control_1_mes","STZ_3_meses","15385.4598","Alpha-crystallin B chain (Fragment) OS=Mus musculus OX=10090 GN=Cryab PE=1 SV=1","1412.00356129645","7621.55876447982","1871.261002593","211.133175658682","132.763166959344","311.032023575605","971.463212344019","6637.76308781302","1001.75088879597","212.011970196052","85.9707712096118","352.262855413062"
"Q61781","42","11","292.7857","0.011084494466673","0.0558534806507001","56.1019377336536","0.908514777407682","STZ_3_meses","Control_1_mes","53209.2697","Keratin_ type I cytoskeletal 14 OS=Mus musculus OX=10090 GN=Krt14 PE=1 SV=2","159.547358682499","448.357056854523","12.2145782689832","11281.4281043164","10445.0428434074","13063.4062302367","109.769120868501","390.482841386654","6.53888721042472","11328.384521094","6763.68611212895","14795.1092854764"
"Q02819;A0A1B0GR41","13","3","59.5481","0.0111267919958363","0.0558534806507001","2.79928944996079","0.907955733543526","Control_1_mes","STZ_3_meses","53408.7608","Nucleobindin-1 OS=Mus musculus OX=10090 GN=Nucb1 PE=1 SV=2","152.436406920707","157.765332374082","80.8186335202506","47.0076096054212","43.1193051945804","49.5586660607114","104.876762073746","137.400882434934","43.2650163969648","47.2032682479211","27.9219003772025","56.1282308371859"
"Q6IFX3","6","1","49.6503","0.0115652129215652","0.056395542467838","5.60190532924386","0.902162000982879","Control_1_mes","STZ_3_meses","51038.0212","Keratin_ type I cytoskeletal 40 OS=Mus musculus OX=10090 GN=Krt40 PE=2 SV=1","3676.11303491616","2889.55948379905","1312.31478612227","672.181407896465","314.24057633978","419.882985558888","2529.17816620832","2516.57329875753","702.527601203908","674.979212398473","203.486443657651","475.543250280086"
"P07759;A0A0R4J0I1;E9Q499;F2Z405;P29621;Q03734","11","8","74.5989","0.0129187327734264","0.061245841226476","3.50198634734006","0.884351066259642","Control_1_mes","STZ_3_meses","47051.0918","Serine protease inhibitor A3K OS=Mus musculus OX=10090 GN=Serpina3k PE=1 SV=2","4528.09831875923","3026.07648744788","5781.10088756142","1701.52504035125","781.867657301981","1324.52497281323","3115.34691492739","2635.46860032002","3094.82372812181","1708.60725708954","506.298298101672","1500.10582069753"
"P02525","4","1","17.7175","0.0141906410235988","0.0629767343036667","10.8290367858176","0.867837787864813","Control_1_mes","STZ_3_meses","23857.5657","Beta-crystallin A1 OS=Mus musculus OX=10090 GN=Cryba1 PE=2 SV=2","213.973958874257","718.867409397591","156.344701762371","51.1918974268788","20.6962915778017","28.6919541397852","147.214805361465","626.075544725761","83.6967391144104","51.4049722299077","13.4018808745913","32.4953989511133"
"Q01853","6","4","42.7051","0.0144522134489113","0.0629767343036667","1.51699283859264","0.864478898923301","Control_1_mes","STZ_3_meses","90006.2895","Transitional endoplasmic reticulum ATPase OS=Mus musculus OX=10090 GN=Vcp PE=1 SV=4","88067.2370567144","64436.4004375887","75290.3123590813","49696.1912074482","53827.6097947444","46637.7185898943","60590.5561136299","56118.9086843388","40305.5144199146","49903.0404684653","34856.0616051088","52820.0785615683"
"Q5SW46;A7M7R7","77","68","515.8827","0.0147220624211997","0.0629767343036667","2.32277627261785","0.861028732628959","Control_1_mes","STZ_3_meses","80922.1158","Lactoperoxidase OS=Mus musculus OX=10090 GN=Lpo PE=1 SV=1","162141.172052159","132498.211373378","93166.0810153791","56553.5382858244","43853.2785665585","66550.9177398707","111553.673214811","115395.257562576","49875.0331105429","56788.9297176043","28397.1847371756","75372.9987153817"
"REVERSE22921","3","1","21.2769","0.0149869291063317","0.0629767343036667","50.2214454175396","0.857657708993383","Control_1_mes","STZ_3_meses","59144.592","Reversed Sequence 22921","344.122168862088","4985.6844455163","3431.48794985112","46.1454204107141","64.7617601700504","63.546073231195","236.757212775448","4342.12911067022","1836.99446463786","46.3374903838724","41.9364692348454","71.969827895445"
"P02815;A0A2I3BRY2","15","12","65.6697","0.0151288111930511","0.0629767343036667","2.18593968148714","0.855858430813732","Control_1_mes","STZ_3_meses","14859.5094","Mucin-like protein 2 OS=Mus musculus OX=10090 GN=Mucl2 PE=2 SV=2","140889.758156674","102392.986913536","87791.3847179223","59814.6186471287","53040.2167767077","38601.3701576901","96932.6287814639","89176.0347178769","46997.7718490059","60063.5835952377","34346.185360394","43718.4207538654"
"A0A0U1RNJ1;P19096","11","10","57.9407","0.0156097105269054","0.0634314660483002","2.01579366683631","0.849794795127333","Control_1_mes","STZ_3_meses","274965.8558","Fatty acid synthase OS=Mus musculus OX=10090 GN=Fasn PE=1 SV=1","1608.85604210308","2590.70191099468","2203.5629168274","908.567215958146","1000.4225010554","1267.48661351017","1106.89838305046","2256.29245246669","1179.6436239471","912.348923421819","647.823458275285","1435.5063782183"
"A8DUK4;E9Q223;P02089","9","3","62.2591","0.0175577399193101","0.0696882158773418","1.69769545001065","0.825825610703687","Control_1_mes","STZ_3_meses","15805.1198","Beta-globin OS=Mus musculus OX=10090 GN=Hbb-bs PE=1 SV=1","6265.03940868305","8562.82326988979","6298.53487335727","4299.64698748114","4660.01290274214","3484.50231319055","4310.36824286259","7457.52856925194","3371.82407946029","4317.54330469149","3017.59073898989","3946.41272119542"
"S4R1X8;S4R2V3","6","5","24.1703","0.0180240640719297","0.0699132089240452","1.49959389340216","0.820237176346171","Control_1_mes","STZ_3_meses","9066.3649","Secretoglobin_ family 2B_ member 17 OS=Mus musculus OX=10090 GN=Scgb2b17 PE=3 SV=1","73232.092137275","74811.6245375721","65542.3185767037","47271.7181378353","55627.1183123334","39530.4146899406","50383.9263755326","65154.8922261331","35087.0753983442","47468.4760729254","36021.3331077295","44770.6207041284"
"Q61171","5","3","32.7969","0.0196989192913656","0.0747117788973139","2.86936378237832","0.800661848400141","STZ_3_meses","Control_1_mes","21949.7644","Peroxiredoxin-2 OS=Mus musculus OX=10090 GN=Prdx2 PE=1 SV=3","587.704748010714","1587.80665693727","1271.82796301611","3280.21657301889","3402.87717681312","3208.57697817114","404.342848744736","1382.85155880725","680.853601171353","3293.8697395417","2203.53266589218","3633.9103451463"
"Q3UV11;Q9Z331","26","1","210.4656","0.0216032038524029","0.0801529520499481","6.69615768752032","0.779358236857241","STZ_3_meses","Control_1_mes","59868.6585","Keratin 6B OS=Mus musculus OX=10090 GN=Krt6b PE=1 SV=1","686.71217142031","389.297610273677","135.981807553784","4248.83600376989","2234.65309727294","1632.1976965086","472.460289966399","339.04682591853","72.7957758903361","4266.52083164521","1447.04931765702","1848.56406282867"
"Q61362;Q61362-2;Q61362-3;D3YXU4;D3Z2Z5","4","3","22.2315","0.0226119492363652","0.0805296160109421","1.40965066476861","0.768481522822883","Control_1_mes","STZ_3_meses","44178.3342","Chitinase-3-like protein 1 OS=Mus musculus OX=10090 GN=Chi3l1 PE=1 SV=3","113911.47600763","85922.5793220074","99497.7029619516","69976.6173210328","76925.7368420709","65442.2825421359","78371.4796750344","74831.6378653852","53264.5698473797","70267.8793117337","49813.2507204028","74117.4013145869"
"P11672;A0A0A6YW77","7","7","36.4694","0.0227122294887628","0.0805296160109421","1.52051991078279","0.767415518358284","STZ_3_meses","Control_1_mes","23046.1184","Neutrophil gelatinase-associated lipocalin OS=Mus musculus OX=10090 GN=Lcn2 PE=1 SV=1","3199.05607331995","2718.7804468924","3196.26473333772","4079.23148075806","5587.10849876064","4191.8324453946","2200.96136769131","2367.83852908885","1711.07132196496","4096.21036780778","3617.93136960435","4747.50750630951"
"REVERSE54119","1","1","5.6134","0.0231202495953541","0.0805296160109421","4.75935279445291","0.763106365946337","Control_1_mes","STZ_3_meses","18887.0901","Reversed Sequence 54119","15533.8193081651","29403.2555896716","20167.5906553938","1664.68753075879","6830.90433111581","5183.71882698859","10687.320073914","25607.8645649561","10796.4104611377","1671.61641961719","4423.35119638221","5870.87970769537"
"P24622","5","1","39.4478","0.0242082276864414","0.0826327452226378","16.4649728410801","0.751835122960387","Control_1_mes","STZ_3_meses","22546.4092","Alpha-crystallin A chain OS=Mus musculus OX=10090 GN=Cryaa PE=2 SV=1","463.809524538928","2344.61601874952","493.138092970333","72.515574375694","16.6174446621843","111.387423244382","319.102517142831","2041.97148447925","263.993917602967","72.8174042062584","10.7606240937181","126.153092913378"
"A0A1C7CYU3;A0A1B0GR92;A0A1B0GS16","13","1","71.3231","0.0254727782533687","0.0852442960993906","1.51435421184964","0.739126793421638","Control_1_mes","STZ_3_meses","52997.2591","Nucleobindin-1 OS=Mus musculus OX=10090 GN=Nucb1 PE=1 SV=1","92382.7332589596","85844.8623228376","78068.2209374943","66080.5137407829","58062.056012277","45101.728914853","63559.6320553664","74763.9526261413","41792.6251883018","66355.5590732884","37598.0766933628","51080.4759875475"
"Q9WV92;A0A3B2WBE1;A0A5F8MPR1;A7YY80;D0VYV6;Q9WV92-2;Q9WV92-3;Q9WV92-4;Q9WV92-5;Q9WV92-6;Q9WV92-7;Q9WV92-8;A0A3B2WD96;A0A5F8MPE1;A0A286YCY8;A0A286YD94;A0A286YDD0","8","5","40.84","0.0272516664401316","0.0861689656428844","2.66978909893121","0.721938570154969","STZ_3_meses","Control_1_mes","103794.0457","Band 4.1-like protein 3 OS=Mus musculus OX=10090 GN=Epb41l3 PE=1 SV=1","890.151306444342","2496.67921483535","1055.94532028371","4130.07368154749","3978.81475612658","3752.38607312683","612.427100988798","2174.40626602256","565.284138155163","4147.26418786633","2576.48096922195","4249.80751993391"
"Q9D478;Q9D478-2;Q9D478-3;A0A0G2JFI3","3","2","19.6493","0.0275163942597035","0.0861689656428844","8.15879508185113","0.719447435631463","STZ_3_meses","Control_1_mes","74834.9428","Protein BCAP OS=Mus musculus OX=10090 GN=Odf2l PE=2 SV=1","25.0535842921955","95.6602739081997","211.834510485882","1249.49422135401","462.252809282967","1001.44696427824","17.2369504896156","83.3123846105079","113.402357481313","1254.69496108984","299.331745528758","1134.2001480296"
"P11881;P11881-2;P11881-3;P11881-4;P11881-5;P11881-6;P11881-7;P11881-8","4","2","19.9925","0.0275169297761555","0.0861689656428844","1.32188354580231","0.719442413508231","Control_1_mes","STZ_3_meses","316589.3652","Inositol 1_4_5-trisphosphate-gated calcium channel ITPR1 OS=Mus musculus OX=10090 GN=Itpr1 PE=1 SV=2","4058.07689848543","5156.4512407018","4059.56147810206","3410.7382699179","3334.56854193792","3296.49275471086","2791.97059256851","4490.85321878694","2173.223998777","3424.93470375948","2159.299418411","3733.4803576605"
"Q9EPV7","14","12","104.5101","0.027768625229436","0.0861689656428844","1.42911273649094","0.717089627209111","Control_1_mes","STZ_3_meses","15939.4918","AUMP OS=Mus musculus OX=10090 GN=9530002B09Rik PE=1 SV=1","53463.1652625494","50204.6295697016","64878.0304244942","39392.934543253","44119.7804262193","34424.6744002385","36782.8380123547","43724.183896368","34731.4589204876","39556.8988069438","28569.7579811602","38988.0564756229"
"P14069","3","2","21.4435","0.0292818750273949","0.0892421543514199","1.50586300707665","0.703259678100335","Control_1_mes","STZ_3_meses","10107.6646","Protein S100-A6 OS=Mus musculus OX=10090 GN=S100a6 PE=1 SV=3","5266.02369105021","4766.61533919139","6717.26867850768","4090.73796837756","3265.82439217216","3766.56612460117","3623.04205981622","4151.33758460857","3595.98680229643","4107.76474860387","2114.78415332004","4265.86729848927"
"A2AEP0","35","12","204.4839","0.0308660158610955","0.0924197755409197","2.30378651724237","0.689341409420972","STZ_3_meses","Control_1_mes","19622.2442","Odorant-binding protein 1b OS=Mus musculus OX=10090 GN=Obp1b PE=1 SV=1","62461.0830870946","82323.689647766","36725.0396892866","127343.264011769","174535.502415809","116281.092182363","42973.4358223308","71697.2951705386","19660.1869535203","127873.301815801","113020.441511004","131695.473320778"
"P13745;Q6P8Q0;P30115","5","3","28.1861","0.0339619302124381","0.0987117601266342","1.42264115947346","0.663684974036636","STZ_3_meses","Control_1_mes","25722.1182","Glutathione S-transferase A1 OS=Mus musculus OX=10090 GN=Gsta1 PE=1 SV=2","2578.88733870398","3366.04308963568","3477.76133013968","4927.06548603916","3985.29183161423","4492.75181099067","1774.28318667299","2931.5520962065","1861.76620934232","4947.57329217094","2580.67519859754","5088.31715592487"
"A0A0N4SVK8","5","1","24.4518","0.0347726861259618","0.0987117601266342","1.70554464747427","0.657283406138668","STZ_3_meses","Control_1_mes","186002.0134","ADP-ribosylhydrolase like 1 OS=Mus musculus OX=10090 GN=Adprhl1 PE=1 SV=1","2073.39728886411","3539.75984993562","2715.31087659372","5515.24266462066","4176.80327283232","4512.52810786197","1426.50432754993","3082.8453860552","1453.60004842507","5538.19862647183","2704.68840703527","5110.71502584609"
"Q497J0;D6REU3;L7N257;A0A384DV91;P35175","5","5","39.9897","0.0350165871838535","0.0987117601266342","1.26495242379307","0.655382183446257","STZ_3_meses","Control_1_mes","11016.4195","Cystatin domain containing 5 OS=Mus musculus OX=10090 GN=Cstdc5 PE=1 SV=1","10070.7445321781","9815.13150969736","8720.89796562527","11547.4698964444","13518.268764519","11120.4694567252","6928.70620307997","8548.18806104766","4668.59902282922","11595.5336525727","8753.75315098052","12594.6141472071"
"P81117;Q3UKN6","14","12","84.3814","0.0354221602118954","0.0987117601266342","1.42675998182548","0.652245462689748","Control_1_mes","STZ_3_meses","50418.6216","Nucleobindin-2 OS=Mus musculus OX=10090 GN=Nucb2 PE=1 SV=2","23461.2871228069","22473.0647428103","30131.7595888877","18759.0254454674","19022.5498061735","15532.3054455046","16141.4446668397","19572.2271820651","16130.5755356031","18837.1056857538","12318.0496116878","17591.2891684972"
"D3YYP5;E9Q5V3;Q9Z2D3;E9Q308","2","1","22.1562","0.0361014416587625","0.0987117601266342","37.3571820935074","0.647060048495278","STZ_3_meses","Control_1_mes","44847.9088","Gasdermin E OS=Mus musculus OX=10090 GN=Gsdme PE=1 SV=2","0","21.1066635287173","119.905473377173","2451.31058652089","1501.90016810024","1314.60532116679","0","18.3822019100276","64.1895568606629","2461.51361759884","972.55525526115","1488.87120641728"
"Q921L8","1","1","4.9434","0.0367379468065578","0.0987117601266342","4.43039553936127","0.642277147752389","Control_1_mes","STZ_3_meses","70056.9367","Polypeptide N-acetylgalactosaminyltransferase 11 OS=Mus musculus OX=10090 GN=Galnt11 PE=1 SV=1","547.883787557632","1355.55439996846","1804.5993015533","342.762578855229","139.162157738662","355.029313250153","376.945893651467","1180.57857161288","966.064569157698","344.189251290638","90.1144368426382","402.092486179119"
"Q64191;B7ZNK6","5","5","29.4726","0.0370160164749067","0.0987117601266342","3.4549013779264","0.640210296053794","Control_1_mes","STZ_3_meses","37535.3228","N(4)-(beta-N-acetylglucosaminyl)-L-asparaginase OS=Mus musculus OX=10090 GN=Aga PE=1 SV=1","758.404764975542","1842.56664641317","635.096362506551","382.42395454939","212.859697144128","341.376304671874","521.785036125321","1604.72696601081","339.989100788417","384.015708574634","137.837268739823","386.629616049302"
"A3RLD5;Q61597","2","2","11.8957","0.0379039244445906","0.0995245015339655","8.77667056248099","0.63370093185812","Control_1_mes","STZ_3_meses","21558.0432","Gamma-crystallin C OS=Mus musculus OX=10090 GN=Crygc PE=1 SV=1","1977.517748602","2130.52811614287","665.071400021639","219.358134395376","32.2786150041213","292.204702867254","1360.53888048295","1855.51818517615","356.035777564571","220.27116348061","20.9020128778056","330.939759237118"
"REVERSE17784","5","2","35.939","0.0392462998859475","0.101487831396663","2.91848884790535","0.624113655516739","STZ_3_meses","Control_1_mes","45134.8528","Reversed Sequence 17784","27032.5934333571","30568.4629674355","19228.1865500841","62023.3057895664","119420.639410326","42781.3435452522","18598.5154532095","26622.6662296516","10293.5148756857","62281.4639030293","77330.8192594912","48452.4971493634"
"Q9CPN9","9","6","36.0488","0.0406454262417882","0.10353711743084","1.72760609034873","0.614433110983376","Control_1_mes","STZ_3_meses","27106.3718","trypsin OS=Mus musculus OX=10090 GN=Prss3b PE=1 SV=1","105882.155448783","70850.6900202103","125881.251771914","61407.7229654435","59654.4671338983","54101.6385832851","72847.280050583","61705.2376679184","67388.5982075862","61663.318853328","38629.2423046085","61273.4260311332"
"A8R0U8","10","7","49.6451","0.0416596172297715","0.104559994728459","1.5277800102712","0.607606728684292","Control_1_mes","STZ_3_meses","9992.8493","Exocrine gland secreted peptide 15 OS=Mus musculus OX=10090 GN=Esp15 PE=4 SV=1","92899.8720527724","63301.396231878","76445.5561019576","47967.1449769823","59804.9209122617","44505.6330088517","63915.4252896298","55130.4115469434","40923.9564462267","48166.7974704737","38726.6686288936","50405.3607902951"
"P08074;F6YNX9","9","8","59.2626","0.0426035310218604","0.10537939349133","1.80846514590899","0.601392088668562","STZ_3_meses","Control_1_mes","26072.2937","Carbonyl reductase [NADPH] 2 OS=Mus musculus OX=10090 GN=Cbr2 PE=1 SV=1","740.040108947779","903.048853636784","997.487641156569","1441.47418684096","1190.92934009977","2142.98722602784","509.150090840945","786.4827304223","533.989715869114","1447.47400016828","771.18613670827","2427.06455327673"
"Q61646","34","33","185.1709","0.0436443963696768","0.106411763693502","1.82186921458","0.594689048431345","Control_1_mes","STZ_3_meses","39265.6041","Haptoglobin OS=Mus musculus OX=10090 GN=Hp PE=1 SV=1","100541.656536088","68950.7921670249","53396.8859442876","38459.4502103623","37424.1780245954","46457.3899147915","69172.9987870977","60050.579843949","28585.2042443602","38619.5290546731","24234.0215313298","52615.8452698502"
"P28666","8","2","52.2975","0.0462015599909475","0.111059951904508","2.42845011759039","0.578856212190686","STZ_3_meses","Control_1_mes","163807.927","Murinoglobulin-2 OS=Mus musculus OX=10090 GN=Mug2 PE=1 SV=2","3362.65724399361","9706.69256298807","6263.89416009128","12017.3033697243","19163.7277386384","15768.7874768794","2313.51952488175","8453.74648288877","3353.27970470195","12067.3227024146","12409.4693631879","17859.1195824472"
"Q9D312","3","1","26.6066","0.0469324278237161","0.11124992184903","1.88397915989392","0.574489123934616","STZ_3_meses","Control_1_mes","49091.2627","Keratin_ type I cytoskeletal 20 OS=Mus musculus OX=10090 GN=Krt20 PE=1 SV=1","1904.24248875864","2707.96207014548","2531.95899730592","6262.13008731331","3684.00381036501","3513.321357095","1310.12525458004","2358.41659532703","1355.44543087869","6288.19480071452","2385.57618027609","3979.0520571048"
"P11679","28","12","214.1394","0.0482675800123163","0.112847477361266","1.91698802986178","0.566683877542739","STZ_3_meses","Control_1_mes","54565.4475","Keratin_ type II cytoskeletal 8 OS=Mus musculus OX=10090 GN=Krt8 PE=1 SV=4","22404.5884338838","18611.9654034792","25298.7390251443","54826.4376740331","44564.1477657101","27735.0371744615","15414.4324050021","16209.5210132909","13543.2920734937","55054.640436489","28857.50799309","31411.6317598029"
"Q9D541;D3YVX2;G3X9U4","12","6","71.4016","0.0502759003607957","0.114412106738475","1.8612577556808","0.555345474677806","Control_1_mes","STZ_3_meses","185281.7329","Coiled-coil domain-containing protein 7A OS=Mus musculus OX=10090 GN=Ccdc7a PE=2 SV=2","18833.0633609083","11360.8158041267","9703.25643467491","6937.44006225522","6432.12844098334","8066.00938915094","12957.2111093459","9894.35443882217","5194.4895683614","6966.31560211778","4165.12392145598","9135.2506618027"
"P16627","12","2","83.2323","0.0502775441360681","0.114412106738475","3.3187788629983","0.55533638532564","STZ_3_meses","Control_1_mes","71036.5741","Heat shock 70 kDa protein 1-like OS=Mus musculus OX=10090 GN=Hspa1l PE=1 SV=4","6273.20120657384","14165.7071950807","6983.95605353741","14240.4124925334","43038.2983554955","33731.7120687295","4315.98358733821","12337.188656275","3738.75379984327","14299.6850188395","27869.4444092644","38203.2341065792"
"Q921I1;E9Q2Q7;D3YYR8;F7BAE9;F7CJN9","6","5","36.7677","0.0527576412498829","0.11803938406341","4.52165546008921","0.541961866370192","Control_1_mes","STZ_3_meses","78890.94","Serotransferrin OS=Mus musculus OX=10090 GN=Tf PE=1 SV=1","1873.7445666633","1320.03353689588","3643.11436298104","515.679705359837","144.3534656925","851.99987235105","1289.1425813201","1149.642764249","1950.28542039007","517.826106590666","93.4760676217137","964.942144528056"
"P11499;E9Q3D6;E9PX27;E9Q0C3;D3Z1R1;B7ZC49","26","14","170.325","0.0537606518750589","0.11803938406341","2.22408169564162","0.536738671390971","Control_1_mes","STZ_3_meses","83623.5369","Heat shock protein HSP 90-beta OS=Mus musculus OX=10090 GN=Hsp90ab1 PE=1 SV=3","14642.3003178081","7146.44098382714","6515.54681950918","3488.3562079646","4482.88471609391","4755.03984908502","10073.9520017805","6223.97381396028","3487.99809774837","3502.8757090823","2902.891405147","5385.3744562557"
"Q8C9J3;Q8C9J3-4;A0A140LIV1;E0CX63;E0CY95;Q8C9J3-2;Q8C9J3-3","8","6","38.2781","0.0548653187942345","0.11803938406341","2.15418455168129","0.531104195130121","Control_1_mes","STZ_3_meses","198428.9451","Sperm flagellar protein 2 OS=Mus musculus OX=10090 GN=Spef2 PE=1 SV=3","3473.77582254157","3753.70277046549","1865.19493019085","975.233716833473","1629.11049709884","1616.59104256709","2389.96948168512","3269.17241766065","998.503509936509","979.292908669803","1054.93028698352","1830.88856942551"
"Q9Z0S1;A0A1B0GRV0;D3Z0E6","7","5","34.6851","0.0553060022932294","0.11803938406341","1.94176625832506","0.528890099363563","STZ_3_meses","Control_1_mes","33538.2313","3'(2')_5'-bisphosphate nucleotidase 1 OS=Mus musculus OX=10090 GN=Bpnt1 PE=1 SV=2","2173.81130773067","3158.38378506823","5310.42705105236","7523.10749407697","7286.42609677771","5855.95098817879","1495.58951118992","2750.69758739883","2842.85570580819","7554.42074340037","4718.32425550417","6632.22388659724"
"Q9Z0J0","6","5","30.0466","0.055329625613677","0.11803938406341","2.0867734221072","0.528771943929597","Control_1_mes","STZ_3_meses","16784.2445","NPC intracellular cholesterol transporter 2 OS=Mus musculus OX=10090 GN=Npc2 PE=1 SV=1","5381.25878332998","5042.74182961962","2611.89240291558","2517.5925449881","1639.79889341277","2089.52203948963","3702.32419195057","4391.82149116504","1398.23655408545","2528.07145986709","1061.85155660331","2366.5119482471"
"REVERSE10815","2","1","10.9903","0.0568637253529957","0.118553855763834","21.1116627743173","0.521212880439881","Control_1_mes","STZ_3_meses","52669.2558","Reversed Sequence 10815","549.025235865524","1003.25172805651","98.0427582353689","3.95837000205192","0","74.2126267498024","377.731213936984","873.751353766885","52.4856874942587","3.97484583027664","0","84.0503543849226"
"J3KMP9","2","2","12.4073","0.0570626741120904","0.118553855763834","7.16259465663148","0.520248744529208","STZ_3_meses","Control_1_mes","10896.5452","Secretoglobin_ family 2A_ member 2 OS=Mus musculus OX=10090 GN=Scgb2a2 PE=4 SV=1","23.2217030630413","414.112503973984","53.9197721692594","445.475716597357","1239.64335218599","1833.53405772855","15.9766100256915","360.658597279469","28.8651233683514","447.329909454805","802.73088879338","2076.58984836189"
"O88312","8","7","68.3336","0.0578179306548239","0.118553855763834","1.41245118626865","0.516621603355664","Control_1_mes","STZ_3_meses","19977.0413","Anterior gradient protein 2 homolog OS=Mus musculus OX=10090 GN=Agr2 PE=1 SV=1","25583.3396805382","32339.8940441886","27002.7553426008","16581.7375531049","24469.3556046864","19075.5787533855","17601.4239834668","28165.4398508007","14455.5110841873","16650.7553203805","15845.1279862986","21604.2636480836"
"Q9JJU9;D3YYW5","2","2","11.6475","0.0583493173218733","0.118553855763834","8.28349354222931","0.51410040769047","Control_1_mes","STZ_3_meses","24462.2624","Beta-crystallin B3 OS=Mus musculus OX=10090 GN=Crybb3 PE=2 SV=3","407.333650361719","1185.18909442542","394.269269366091","5.01702039177782","19.3602403127597","215.472267036934","280.246925236424","1032.20412859895","211.066008678172","5.03790261504952","12.5367210545758","244.03556642233"
"A0A571BEG7;Q63ZW7;A2ADS6;A2ADS8","5","5","19.4663","0.0602484818488649","0.120972421033443","8.74737265157031","0.505291335679086","STZ_3_meses","Control_1_mes","201927.1796","InaD-like protein OS=Mus musculus OX=10090 GN=Patj PE=1 SV=1","284.438537030658","1668.20664495886","820.761821203782","2572.3618148855","17883.4820315524","3804.18072496879","195.694672784343","1452.87346498706","439.382257601356","2583.06869457888","11580.4464248477","4308.46814189568"
"A0A0A0MQ97;G3X9C2","6","3","37.2373","0.0628900383160051","0.122858607264559","2.45650250335779","0.493537851262427","STZ_3_meses","Control_1_mes","33198.6553","F-box only protein 50 OS=Mus musculus OX=10090 GN=Nccrp1 PE=1 SV=1","635.198869317828","734.568276263401","1906.44191403101","2228.93875707253","2115.38557433293","3703.69142505549","437.018964384347","639.749733661263","1020.58445036373","2238.21621523484","1369.81764894763","4194.65784249634"
"P02088","7","1","45.8808","0.0639978208450774","0.122858607264559","3.72991551319358","0.488772620541295","Control_1_mes","STZ_3_meses","15954.2598","Hemoglobin subunit beta-1 OS=Mus musculus OX=10090 GN=Hbb-b1 PE=1 SV=2","60.6709483489484","112.498841286036","267.440695599181","51.6522754014332","34.0167517827971","32.4597839579054","41.7418170850158","97.9774189487801","143.170276164283","51.8672664246293","22.027543119008","36.7626974600685"
"REVERSE35176","1","1","6.9377","0.0646378832170332","0.122858607264559","13.2343742299414","0.486061670381897","STZ_3_meses","Control_1_mes","26310.3022","Reversed Sequence 35176","11.3373577675757","0","0","117.036812284856","16.5987759262843","16.40724726369","7.80014038085709","0","0","117.523951792828","10.7485351562546","18.5822144746799"
"A0A3Q4EBW1;A0A3Q4EC06;Q78JT3","1","1","4.9083","0.0647249950307662","0.122858607264559","1.92565426267205","0.485695069832553","STZ_3_meses","Control_1_mes","7713.8069","3-hydroxyanthranilate 3_4-dioxygenase OS=Mus musculus OX=10090 GN=Haao PE=1 SV=1","13446.939745015","11555.5032245037","7260.47020249047","28659.5362408909","16290.4929464765","17177.1870885302","9251.53989618453","10063.9114825417","3886.78141015234","28778.8251390637","10548.9065534434","19454.2185791978"
"F6W1B2;F6WC15;P18872","1","1","5.6032","0.0653589408995053","0.122858607264559","2.1851460625077","0.483043974405217","STZ_3_meses","Control_1_mes","8934.4001","Guanine nucleotide binding protein_ alpha O (Fragment) OS=Mus musculus OX=10090 GN=Gnao1 PE=1 SV=1","547.601437835311","355.281510772668","250.793305773893","1209.06746430383","725.186844112279","586.696816255065","376.751636090247","309.421546282627","134.25835124814","1214.09993672143","469.594645015429","664.470151272139"
"P07309","1","1","6.0779","0.0655070119768233","0.122858607264559","2.29407944488756","0.482428977742973","Control_1_mes","STZ_3_meses","15889.9971","Transthyretin OS=Mus musculus OX=10090 GN=Ttr PE=1 SV=1","1200.95031761447","874.207280131635","2006.32197616147","805.249087655505","383.128214636778","590.758805222778","826.257868885341","761.364045659395","1074.05371032989","808.600756559485","248.094624728048","669.070603071197"
"A2BHD2","22","3","194.6088","0.0675511137267113","0.124877342792312","1.97909967357084","0.474098256487802","STZ_3_meses","Control_1_mes","19594.2308","Predicted gene 14743 OS=Mus musculus OX=10090 GN=Gm14743 PE=1 SV=1","26402.1395470554","32462.3508195787","15230.0770063587","37735.4316558483","65895.8548576392","43009.247587775","18164.7610531433","28272.0898273547","8153.18822783656","37892.4969351489","42670.8520998353","48710.6124644886"
"A2ALR9;Q3V0C5;Q3V0C5-2;Q3V0C5-5","3","2","13.917","0.0680467531198582","0.124877342792312","4.19545749106538","0.472121936816787","STZ_3_meses","Control_1_mes","120766.7659","Ubiquitin carboxyl-terminal hydrolase 48 OS=Mus musculus OX=10090 GN=Usp48 PE=1 SV=1","45.4369993632782","467.441689701266","249.967542162566","1134.42123305282","1325.47145463365","740.596247646305","31.2608088043314","407.104017627525","133.81629135888","1139.143007258","858.308865184548","838.770702466499"
"P10126;P62631;D3YZ68;D3Z3I8","15","8","93.6698","0.0696288918177502","0.126127303094103","1.45530871007398","0.465923177874437","STZ_3_meses","Control_1_mes","50456.0942","Elongation factor 1-alpha 1 OS=Mus musculus OX=10090 GN=Eef1a1 PE=1 SV=3","5927.08302385294","4405.34748758411","6360.4140039866","9783.29492790049","7595.6493417292","6914.29774957708","4077.85311029608","3836.70241819245","3404.95012335259","9824.01570100162","4918.56172688477","7830.86654692995"
"Q8BVM7;A0A087WNN1","5","4","28.7866","0.0707929919544685","0.126127303094103","1.38780929329416","0.461466128202601","STZ_3_meses","Control_1_mes","45485.8919","Flagellum-associated coiled-coil domain-containing protein 1 OS=Mus musculus OX=10090 GN=Flacc1 PE=1 SV=1","4020.39658079123","3706.50209303203","4353.83071555072","6849.35643126645","4522.53215638339","5393.85992869529","2766.04640691296","3228.0644338388","2330.75652350286","6877.86534275096","2928.56509986398","6108.87740219598"
"A0A0R4J135;P17563;Q63836;D6RHN2;G3UWK0;G3UZT2","2","2","11.1236","0.071262644477971","0.126127303094103","2.11689521142806","0.459692177954373","STZ_3_meses","Control_1_mes","53198.4065","Methanethiol oxidase OS=Mus musculus OX=10090 GN=Selenbp2 PE=1 SV=1","1450.5168076605","908.912779348203","698.496142332659","3122.34933625501","1488.73533177563","1862.22366531474","997.96045573359","791.589736854939","373.929200914624","3135.34541577638","964.030367239897","2109.08258969705"
"Q8K2C7;Q8K2C7-2","14","9","75.6116","0.071683904696031","0.126127303094103","1.65643247312959","0.458112655883058","STZ_3_meses","Control_1_mes","76564.113","Protein OS-9 OS=Mus musculus OX=10090 GN=Os9 PE=1 SV=2","12678.6364130348","27473.653705515","18676.6225888546","31562.2893265787","35121.0973519973","30762.734688875","8722.94461257573","23927.3369253188","9998.2435652571","31693.6602840824","22742.661946319","34840.6850112764"
"B1ATI0;B1AV77;P47740","7","4","41.2395","0.0730090123022431","0.126166601961237","1.48135534384136","0.45321457919029","Control_1_mes","STZ_3_meses","59847.0305","Aldehyde dehydrogenase OS=Mus musculus OX=10090 GN=Aldh3a2 PE=1 SV=1","9393.75110776842","11134.8466276862","7546.20749584797","5132.85613337593","7716.86128538241","6102.38974987057","6462.93244383463","9697.5535081057","4039.74648941514","5154.22049696798","4997.05250496988","6911.33090869751"
"P01887","1","1","5.7536","0.0737263783446178","0.126166601961237","1.66983138377235","0.45060660268206","Control_1_mes","STZ_3_meses","13893.0765","Beta-2-microglobulin OS=Mus musculus OX=10090 GN=B2m PE=1 SV=2","3315.98714663506","2530.24842255472","4213.75926292587","2441.97736496727","1456.03696715384","2126.542955447","2281.41034049789","2203.64233895362","2255.77141882347","2452.1415486017","942.856545552679","2408.44040762318"
"Q6IME9","20","6","147.9183","0.0739239588004276","0.126166601961237","2.06741500824829","0.449893586897959","Control_1_mes","STZ_3_meses","57263.6054","Keratin_ type II cytoskeletal 72 OS=Mus musculus OX=10090 GN=Krt72 PE=3 SV=1","10767.8532099833","5923.42508958084","5776.71861836675","5139.06432296313","2338.90616010243","3389.70573496092","7408.31932450279","5158.82559303847","3092.47774749452","5160.45452675333","1514.55837470715","3839.0497784776"
"F6XVM5","1","1","14.7008","0.0761844513452368","0.128737230067537","1.51812709724673","0.441894264441151","Control_1_mes","STZ_3_meses","7839.2361","Oligomycin sensitivity conferral protein (Fragment) OS=Mus musculus OX=10090 GN=Atp5po PE=1 SV=1","72974.0439848827","59108.5732713178","97995.9017149917","53607.4840641582","55561.2598987053","42385.4436861564","50206.3883763846","51478.8008539907","52460.6035744481","53830.6132053306","35978.6865006929","48004.1162616994"
"Q9Z2K1","28","13","195.0758","0.0775087789066108","0.129691022190396","1.42674779855948","0.437338781333756","STZ_3_meses","Control_1_mes","52005.6665","Keratin_ type I cytoskeletal 16 OS=Mus musculus OX=10090 GN=Krt16 PE=1 SV=3","32995.4513167261","31639.0492471001","49680.5095697633","61133.6766911426","52950.4409889724","49014.5713702881","22700.9817875081","27555.0605480679","26595.6991292955","61388.1319228128","34288.0510609168","55512.0102080036"
"E9PZW8;Q9QY06;Q9QY06-2;A0A1D5RLW4;E9PWZ6;Q9QY06-3;A0A8V5KX73","6","1","37.7045","0.0792878337865721","0.130529478669553","1.7504827845677","0.431364850261277","STZ_3_meses","Control_1_mes","241856.0725","Myosin IXb OS=Mus musculus OX=10090 GN=Myo9b PE=1 SV=1","234.399851321067","342.945866821603","140.427253692492","396.402183864213","468.987402297283","391.059644263952","161.267888253941","298.678195137139","75.1755773260389","398.052119137031","303.692730344681","442.899047312248"
"E9Q3M9","6","1","38.8594","0.079539480968417","0.130529478669553","3.61587031163624","0.430532964299503","STZ_3_meses","Control_1_mes","126480.7566","Capping protein inhibiting regulator of actin like OS=Mus musculus OX=10090 GN=Cracdl PE=1 SV=1","229.766382819949","1188.34762008152","1244.30453943131","5085.61858427738","2110.60826661661","2430.73331347692","158.080046298176","1034.95494974458","666.119358326244","5106.78633215531","1366.72410396761","2752.95465691782"
"Q8K2F8","3","3","18.4141","0.0832722713070231","0.135353752808469","1.9939537936467","0.418558120039648","Control_1_mes","STZ_3_meses","50774.1916","Protein LSM14 homolog A OS=Mus musculus OX=10090 GN=Lsm14a PE=1 SV=1","17473.705494416","17574.4975515232","7857.69019456748","7999.33474352577","7026.3936954847","6492.2693085888","12021.9683125818","15305.9701747668","4206.49397672689","8032.63018207195","4549.94030843026","7352.89343670479"
"Q61900","2","2","13.1405","0.084769788843017","0.136487986232885","3.67050418517021","0.413938111282895","Control_1_mes","STZ_3_meses","15829.2751","Submaxillary gland androgen-regulated protein 3A OS=Mus musculus OX=10090 GN=Smr3a PE=2 SV=1","386.874253459121","1850.62347009046","1341.60733173707","291.389933385726","412.89573584732","270.813356603013","266.170791165366","1611.74380973828","718.208916404759","292.602778694877","267.370579151856","306.712746759287"
"REVERSE12630","4","3","21.5927","0.086258485937828","0.136690424062752","8.18629378908275","0.409444446270276","STZ_3_meses","Control_1_mes","18754.2527","Reversed Sequence 12630","551.917164810641","4186.83009045974","5844.53152475054","6588.29798474699","54033.1896068011","26016.3417534684","379.720870804645","3646.3913863551","3128.78034726422","6615.72029894038","34989.1847852229","29465.1037154415"
"F6WYC8","42","21","323.6874","0.0864973209179951","0.136690424062752","1.25320352310865","0.408732493146189","Control_1_mes","STZ_3_meses","44953.4182","Lipase OS=Mus musculus OX=10090 GN=Lipo1 PE=3 SV=2","137806.369568559","154282.974995455","116250.947379192","97343.2581112946","114052.90350408","114441.010410994","94811.2470336977","134368.029972502","62233.1623964312","97748.42761254","73854.9425831631","129611.467784871"
"D3Z5N5;Q9Z1T6;Q9Z1T6-1;Q9Z1T6-3","6","3","31.175","0.0893778223027568","0.138556708969095","1.85690791418158","0.400334685512428","STZ_3_meses","Control_1_mes","234817.3342","1-phosphatidylinositol 3-phosphate 5-kinase OS=Mus musculus OX=10090 GN=Pikfyve PE=1 SV=2","1253.37437641273","2373.35084538775","895.264878371802","3416.79451258302","2691.36389233185","2288.76079994581","862.325798145744","2066.99720132904","479.266327024414","3431.01615417774","1742.79233260779","2592.16207218101"
"P70704;A0A140LHU4;A0A140LIB1","7","6","44.539","0.0908177692599852","0.138556708969095","1.60564617089187","0.396263026787409","Control_1_mes","STZ_3_meses","132725.2113","Phospholipid-transporting ATPase IA OS=Mus musculus OX=10090 GN=Atp8a1 PE=1 SV=2","11786.3818519045","8014.06553970536","6596.13339409233","6752.92923433205","4569.26411733317","5117.65576592705","8109.07046526948","6979.60483762026","3531.13888495113","6781.03678921471","2958.82637499777","5796.05923660904"
"REVERSE8730","3","3","24.3611","0.0908840114670132","0.138556708969095","1.33135586335703","0.396077678887812","STZ_3_meses","Control_1_mes","94178.5616","Reversed Sequence 8730","18066.9231784839","22056.4808498716","24328.7278603889","23501.8907279876","30768.1240678053","31538.7089001475","12430.1040799271","19209.416204288","13024.0114680147","23599.7120823304","19923.8946717223","35719.5234287724"
"REVERSE6041","2","1","17.57","0.0913874356194112","0.138556708969095","3.61083099479835","0.394674637108501","STZ_3_meses","Control_1_mes","35018.0115","Reversed Sequence 6041","10.2233905748187","23.5173198983748","226.775550535541","409.200080650711","305.817570356905","225.6625388917","7.03372719523599","20.4816892147097","121.400814205705","410.903284301417","198.032127247191","255.576674697062"
"P00329","9","6","53.4061","0.0924198168517668","0.138556708969095","1.37249271240267","0.391827754252456","STZ_3_meses","Control_1_mes","40626.8986","Alcohol dehydrogenase 1 OS=Mus musculus OX=10090 GN=Adh1 PE=1 SV=2","1653.15135897516","1611.53091815292","2342.99151358021","2347.83079706382","2333.57515309737","3015.08546111738","1137.37371045037","1403.51347722173","1254.28458559123","2357.60311670374","1511.10628182593","3414.76932708649"
"E9Q557;E9PZW0","63","42","359.8622","0.0925493175388146","0.138556708969095","1.34284953903321","0.391473491233587","Control_1_mes","STZ_3_meses","335364.922","Desmoplakin OS=Mus musculus OX=10090 GN=Dsp PE=1 SV=1","230240.727817415","252673.060282257","237065.886925014","144943.471570104","230262.619734796","160952.021794679","158406.397256226","220057.860164093","126909.588027144","145546.766294611","149106.528962269","182288.04265911"
"Q9QWR8","4","4","18.075","0.0960836361070762","0.142597128283239","2.69031082671609","0.382041888624011","Control_1_mes","STZ_3_meses","47748.0514","Alpha-N-acetylgalactosaminidase OS=Mus musculus OX=10090 GN=Naga PE=1 SV=2","1901.65270310117","1385.79997732569","828.55463007839","624.328989710177","178.478934904652","727.129534518633","1308.3434733133","1206.92003051326","443.55401835816","626.927619243254","115.574010697725","823.518823367852"
"Q02257","31","27","189.1552","0.0972248247840729","0.143046873463105","1.18657845603524","0.379090890857515","STZ_3_meses","Control_1_mes","82542.2952","Junction plakoglobin OS=Mus musculus OX=10090 GN=Jup PE=1 SV=3","14444.214870741","15411.8800751266","18781.0950179117","18395.4044788643","19727.8288964872","19588.6083977624","9937.66854612855","13422.5047444685","10054.1712784503","18471.9712283498","12774.7529933633","22185.3012060887"
"P19001","21","11","186.1946","0.103425308143292","0.150570337079067","1.84700493663216","0.363803778715537","STZ_3_meses","Control_1_mes","44541.8626","Keratin_ type I cytoskeletal 19 OS=Mus musculus OX=10090 GN=Krt19 PE=1 SV=1","11958.4951306761","16871.9156534526","18596.4988009581","17748.6412152235","40321.0044386363","29528.0904790025","8227.48498153952","14694.077997157","9955.35052381187","17822.5159575373","26109.8610927026","33442.3746707878"
"A0A494BBH0;A0A0G2JET8;A0A1Y7VLR3;A2AM74;P08032;Q0VDM6;Q3UUG6;Q3UUG6-2;Q6VGS5;Q6VGS5-2;Q8BJD1;Q8BQM9;Q8BQM9-2;Q8BQM9-3;Q8BQM9-4;Q8C0V0;Q9WVF7","70","40","317.1815","0.104102759063755","0.150570337079067","1.23801177298414","0.36220592057717","Control_1_mes","STZ_3_meses","45118.7246","Lipase OS=Mus musculus OX=10090 GN=Gm8978 PE=3 SV=1","111390.084567555","97382.1147236909","81088.4130286171","73210.3646172706","82622.8252397025","78300.7809542857","76636.7538605308","84811.9691130145","43409.4387206869","73515.0863565416","53502.3995589787","88680.4399204402"
"P03995;P03995-2","16","10","102.1101","0.105582556038171","0.151427377218009","1.59292898372756","0.358762500704822","STZ_3_meses","Control_1_mes","49957.155","Glial fibrillary acidic protein OS=Mus musculus OX=10090 GN=Gfap PE=1 SV=4","4751.70023994595","5157.64191412963","10000.0879188462","10285.0439339412","9263.72590953075","12165.5383691824","3269.18579083143","4491.89019932769","5353.39375258755","10327.8531248585","5998.72448779945","13778.2188287235"
"Q8BFR4;A0A1W2P8D3","5","5","32.4194","0.107911750593593","0.153478194631934","2.40289118587041","0.353469098512933","Control_1_mes","STZ_3_meses","61916.357","N-acetylglucosamine-6-sulfatase OS=Mus musculus OX=10090 GN=Gns PE=1 SV=1","3148.53860550782","3330.90493390274","1763.91688847956","1499.86445876777","406.101268072478","1524.63507454565","2166.2051794596","2900.94959607425","944.285863034657","1506.10730851911","262.970822442671","1726.74279210291"
"A0A494BBD8;P10107","3","2","16.1675","0.109142743277811","0.15394609789695","1.68568809436579","0.350732000417613","Control_1_mes","STZ_3_meses","34115.8849","Annexin OS=Mus musculus OX=10090 GN=Anxa1 PE=1 SV=1","1045.22072474576","891.988152864659","1765.70789809167","752.105865169892","574.135486532306","870.438323546525","719.115383772656","776.849751975329","945.244652571917","755.236337317499","371.781358387627","985.824822114899"
"B8JJX8","4","2","18.4382","0.11181817405487","0.156427014104194","1.56720692811002","0.344921853909266","STZ_3_meses","Control_1_mes","94541.0191","Zinc finger protein 738 OS=Mus musculus OX=10090 GN=Zfp738 PE=3 SV=1","9016.24851371701","10413.3751135244","18732.3193528198","16664.8577272777","20113.4269507377","23029.3767504763","6203.20938594896","9069.20999812305","10028.0599739398","16734.2214636545","13024.4469624067","26082.1825329957"
"P28738","8","5","45.7161","0.116724631703557","0.161963290300576","1.41674906043645","0.334733809075472","Control_1_mes","STZ_3_meses","109844.9859","Kinesin heavy chain isoform 5C OS=Mus musculus OX=10090 GN=Kif5c PE=1 SV=3","18959.9592398312","15518.1474167458","18763.0994829175","16878.3329210986","11487.3867641918","9214.12252268175","13044.5159020183","13515.0550297104","10044.5376446869","16948.5852001385","7438.65578020658","10435.5592477335"
"A2AAN0;O35250;O35250-2;A2AAN3;A2AAN4","7","7","40.0101","0.119357693842125","0.164281221720112","1.5865575323105","0.329500522378861","STZ_3_meses","Control_1_mes","78733.7579","Exocyst complex component 7 OS=Mus musculus OX=10090 GN=Exoc7 PE=1 SV=1","24347.3693241385","17933.4560744381","16997.3931086046","32874.3598528937","40190.0761905641","20983.8680310581","16751.0722097874","15618.5941021142","9099.29380784651","33011.1920099819","26025.0785229757","23765.518370923"
"Q8K203","1","1","4.618","0.124232340981415","0.167694256660662","2.89560145502326","0.320212793622138","Control_1_mes","STZ_3_meses","69184.3257","Endonuclease 8-like 3 OS=Mus musculus OX=10090 GN=Neil3 PE=1 SV=1","842.286276074449","217.73613466367","308.059070650988","235.838852242281","84.9981926309652","151.631802321099","579.495798663055","189.630615234419","164.914700514073","236.820478622898","55.0405683991026","171.732322103082"
"Q61286;Q61286-2;V9GWU2;V9GXC3;V9GXG5;V9GXR6","4","2","35.3417","0.124684705937294","0.167694256660662","1.58187904577453","0.319376080740116","Control_1_mes","STZ_3_meses","76039.2818","Transcription factor 12 OS=Mus musculus OX=10090 GN=Tcf12 PE=1 SV=2","13215.6166461559","9896.03431544643","10032.196874349","4240.26523042946","6862.53902897944","9849.39681088423","9092.38882400116","8618.64788092131","5370.58278964257","4257.91438438111","4443.83624080083","11155.0463672915"
"Q9WU78","5","5","24.4868","0.125445550260758","0.167694256660662","1.25658607389124","0.317978103626777","STZ_3_meses","Control_1_mes","96594.6173","Programmed cell death 6-interacting protein OS=Mus musculus OX=10090 GN=Pdcd6ip PE=1 SV=3","2290.10968926113","2452.29027786655","2344.7005161926","3650.12893140362","2675.48582992352","2579.93701028098","1575.60318991482","2135.74708140904","1255.19947393847","3665.32177523599","1732.51049539479","2921.93700050472"
"Q64511;F6XX57","13","6","86.0848","0.125767656444076","0.167694256660662","1.61476816441755","0.317389753242737","Control_1_mes","STZ_3_meses","182821.5668","DNA topoisomerase 2-beta OS=Mus musculus OX=10090 GN=Top2b PE=1 SV=2","6806.59483588804","12101.3068907441","11609.515243885","8463.45764240116","5138.58133818122","5296.90740874331","4682.96020324819","10539.2624626913","6214.97599636651","8498.68488852295","3327.48766607866","5999.07272316274"
"REVERSE3914","6","2","42.3808","0.127857455223505","0.169159166310537","1.45894541297107","0.313622089915563","Control_1_mes","STZ_3_meses","54354.5154","Reversed Sequence 3914","214406.633524081","266098.698165279","255700.403220453","113093.19028649","231322.743094799","160199.063426966","147512.486979798","231750.508128128","136885.290633767","113563.915351499","149793.011703862","181435.271096977"
"B1AZM5","2","1","16.4812","0.129087897478165","0.169473330780865","1.84527991711223","0.311443057820601","STZ_3_meses","Control_1_mes","13672.6566","Predicted gene 12886 OS=Mus musculus OX=10090 GN=Gm12886 PE=4 SV=1","577.331749108115","785.674121309802","243.246567311014","1236.50084413628","845.40585228645","882.078668731042","397.206190515413","684.258803564583","130.218320513665","1241.64750185073","547.442447862382","999.008227429737"
"P17047;P17047-2;P17047-3","6","6","27.1471","0.133849834083676","0.174383637157666","1.56914761578643","0.30327253820051","Control_1_mes","STZ_3_meses","46194.3512","Lysosome-associated membrane glycoprotein 2 OS=Mus musculus OX=10090 GN=Lamp2 PE=1 SV=2","5131.31409435991","5865.64983977964","3133.8456890949","3363.96538881925","2280.28901222345","3361.15049590344","3530.36140296705","5108.50800940888","1677.65624359727","3377.96714102315","1476.6008483489","3806.70921774769"
"Q9JJV0;E9QAS6","4","2","25.2351","0.141538594760993","0.183003812881321","7.13766216001552","0.29089846137103","Control_1_mes","STZ_3_meses","22696.9692","Beta-crystallin A4 OS=Mus musculus OX=10090 GN=Cryba4 PE=2 SV=3","107.393010734264","1624.23072362074","341.044911932665","16.5210318964118","28.1096660483998","245.754108707785","73.8867535825571","1414.57398368264","182.573164927008","16.5897969899931","18.2024105327769","278.331610577241"
"E9Q720","2","2","16.0814","0.14355390514122","0.184213969234176","1.91191000205755","0.287809855686654","STZ_3_meses","Control_1_mes","42530.3138","Regulator of G-protein signaling 20 OS=Mus musculus OX=10090 GN=Rgs20 PE=1 SV=1","1306.87550696377","4725.90322834355","3061.80525926931","4032.60270886386","6562.9450543151","6792.47834060464","899.13475640462","4115.88061905027","1639.0905039666","4049.38751409817","4249.83420212143","7692.89858994583"
"P62737;P63268;P68033;P68134;A0A494B9T3;D3YZY0;D3Z2K3;A0A0U1RQ96;A0A1D5RM20","12","2","108.2916","0.145294416295098","0.185056062058522","1.71639770249244","0.285191148818922","Control_1_mes","STZ_3_meses","42408.2561","Actin_ aortic smooth muscle OS=Mus musculus OX=10090 GN=Acta2 PE=1 SV=1","219.915530186269","241.801825830718","347.340600409532","218.254747829993","79.888779317821","173.226223144706","151.302626462878","210.589891603949","185.943465231747","219.163184315873","51.7319684837798","196.189328982524"
"A2BHR2","51","48","136.3951","0.148818490961426","0.187768205804921","1.27368401506827","0.280022265691877","STZ_3_meses","Control_1_mes","20590.2234","Lipocalin 11 OS=Mus musculus OX=10090 GN=Lcn11 PE=1 SV=1","207677.87003249","193056.186010704","166060.211915472","269181.69259131","263156.857777067","189578.248562898","142883.075003922","168136.37012786","88897.7885230651","270302.101074113","170407.188457027","214709.001328092"
"A0A2I3BR96;A6H603;A6H603-2;A6H603-3;E0CX99","4","1","21.6347","0.149624177049138","0.187768205804921","1.3371905505845","0.278864855688835","STZ_3_meses","Control_1_mes","175578.3999","NACHT domain- and WD repeat-containing protein 1 OS=Mus musculus OX=10090 GN=Nwd1 PE=1 SV=1","1905.04911819943","2245.03040502081","1486.92751959894","3094.9279138037","2158.33847743926","2284.48615999309","1310.68021835577","1955.24044542116","796.003851023128","3107.80985779815","1397.63179567459","2587.32078009059"
"P16858;A0A0A0MQF6;S4R1W1;S4R257;A0A1D5RLD8","8","4","41.8162","0.151443597106591","0.188664217823414","1.23705864256898","0.276283458419285","STZ_3_meses","Control_1_mes","36095.2251","Glyceraldehyde-3-phosphate dehydrogenase OS=Mus musculus OX=10090 GN=Gapdh PE=1 SV=2","1305.45399956535","1114.32241605581","1527.75776754778","1888.78345352357","1447.66124296603","1546.886581636","898.156754520279","970.484966367989","817.86169828005","1896.64509144974","937.43284646236","1751.94398950625"
"P63154","6","3","29.5977","0.1559949832507","0.190827250624251","1.62734233726648","0.270015285554736","STZ_3_meses","Control_1_mes","83700.9527","Crooked neck-like protein 1 OS=Mus musculus OX=10090 GN=Crnkl1 PE=1 SV=1","4885.83006945331","3797.51790908691","4898.89772919817","9479.97942704749","4368.15365724988","8254.83039106128","3361.4675659034","3307.33187018421","2622.54979265028","9519.43771733691","2828.59732316312","9349.10203482289"
"G3UVV3;S4R2G4","7","6","32.3909","0.156295546584505","0.190827250624251","1.43936676954713","0.26961056993463","STZ_3_meses","Control_1_mes","250867.7329","Zinc finger protein 407 OS=Mus musculus OX=10090 GN=Zfp407 PE=1 SV=1","2198.16037448724","2446.67625291035","1496.08838533859","3717.70998969943","2880.69771075478","2240.63569715908","1512.34175123895","2130.85771838242","800.907980048485","3733.18412454479","1865.39542169246","2537.65743973252"
"Q8C0V1;Q8C0V1-2;Q8C0V1-3;Q8C0V1-4","5","4","26.8481","0.157277873583303","0.190827250624251","1.56814126146389","0.268295591437255","STZ_3_meses","Control_1_mes","88774.0037","Telomere repeats-binding bouquet formation protein 1 OS=Mus musculus OX=10090 GN=Terb1 PE=1 SV=2","71315.9278776659","32424.4821723355","28795.0487179655","76819.4871714346","75175.0053700422","55839.8289596184","49065.5989023997","28239.1092893015","15414.9878644263","77139.2310746805","48679.5647871851","63242.0333088652"
"Q922U2","47","24","372.0145","0.157652301697456","0.190827250624251","1.17825191567815","0.267797467272591","STZ_3_meses","Control_1_mes","61994.8946","Keratin_ type II cytoskeletal 5 OS=Mus musculus OX=10090 GN=Krt5 PE=1 SV=1","113350.849079529","111852.438086558","95750.5943890635","125589.95169264","142700.896096181","109873.677997874","77985.7664577107","97414.4538874417","51258.6127210867","126112.691726989","92405.9463981319","124438.68351986"
"O35176","36","31","125.3503","0.168903518145188","0.200436442948741","1.39208754166183","0.253582212926747","Control_1_mes","STZ_3_meses","10516.0204","ABPA2 OS=Mus musculus OX=10090 GN=Scgb1b2 PE=1 SV=1","277353.685358382","175545.600445112","225666.140894317","194327.605820847","174446.448950325","118670.453127921","190820.270939201","152886.062139031","120806.908763014","195136.450939208","112962.774951205","134401.571231916"
"P21460;A2APX3","2","1","12.9592","0.169439958194155","0.200436442948741","1.8872167963429","0.252938878977882","Control_1_mes","STZ_3_meses","15758.966","Cystatin-C OS=Mus musculus OX=10090 GN=Cst3 PE=1 SV=2","47.8388072785262","158.888695829446","104.651916350195","0","0","164.993984825467","32.9132607504425","138.379241417478","56.023798963768","0","0","186.865813855564"
"P61982","8","2","62.4061","0.170140010776107","0.200436442948741","1.68965111980498","0.252103782159855","STZ_3_meses","Control_1_mes","28473.7251","14-3-3 protein gamma OS=Mus musculus OX=10090 GN=Ywhag PE=1 SV=2","458.246701916198","1556.65709279414","461.075346470607","1613.90749447145","1185.82922368816","1383.80421035055","315.275276417024","1355.72280031308","246.829617829267","1620.62502280653","767.883557000308","1567.24319530465"
"A0A2R8VHP3","25","14","198.6123","0.170288570227475","0.200436442948741","1.3980578540701","0.251927209148229","STZ_3_meses","Control_1_mes","58147.9666","Predicted pseudogene 5478 OS=Mus musculus OX=10090 GN=Gm5478 PE=1 SV=1","33483.3489284927","27022.3573729112","56943.4900546167","61045.6728589855","50279.6255111316","52875.4730496382","23036.6569899039","23534.2942117751","30483.8243806247","61299.7617944225","32558.5648513956","59884.7183118248"
"Q9JI02;J3QK77;D3YYY1;A0A087WR49;J3QM75;S4R2L0;A0A087WQA9","22","14","71.3588","0.174405525045058","0.202955249864519","1.2036655619363","0.247121761283728","Control_1_mes","STZ_3_meses","12760.6937","Secretoglobin family 2B member 20 OS=Mus musculus OX=10090 GN=Scgb2b20 PE=2 SV=1","241473.911454485","210796.76176812","259395.185196677","210449.318328735","220228.098902174","160571.415438565","166134.865483953","183586.981027554","138863.235518773","211325.266463193","142608.676323943","181856.982602168"
"P07743;B7ZCG3","12","12","67.4403","0.174806844959408","0.202955249864519","2.21078741033712","0.246662213421906","Control_1_mes","STZ_3_meses","24923.9731","BPI fold-containing family A member 2 OS=Mus musculus OX=10090 GN=Bpifa2 PE=1 SV=1","7973.80556560802","19601.526196578","18891.7373576182","3023.16396368883","15667.0873375788","2328.08311774313","5486.00512187082","17071.348666735","10113.4019587166","3035.74720632029","10145.2203338329","2636.69701038289"
"P20152;A0A0A6YWC8","5","3","27.8255","0.176503471807355","0.203540448437627","1.31156845239033","0.244736399564565","STZ_3_meses","Control_1_mes","53744.7779","Vimentin OS=Mus musculus OX=10090 GN=Vim PE=1 SV=3","36622.0625061221","28139.5675070683","50909.2056348307","50064.2097393567","45662.5259895386","55983.4831686756","25196.1025170469","24507.2941477462","27253.4627301698","50272.590795055","29568.7626666946","63404.7305169947"
"Q07797","2","2","11.8325","0.182698126275518","0.209270019593874","3.7244917917092","0.237930055438432","Control_1_mes","STZ_3_meses","65403.6665","Galectin-3-binding protein OS=Mus musculus OX=10090 GN=Lgals3bp PE=1 SV=1","1702.98762599595","2999.65852459068","401.762387595608","477.770659981834","173.553836498501","719.173499929475","1171.6612302402","2612.46068499357","215.077334642787","479.759273305144","112.384763876054","814.508125916435"
"A8R0V1","19","17","108.1399","0.19660234992092","0.221901126024869","1.16924399546695","0.22382949226567","Control_1_mes","STZ_3_meses","10817.7247","Exocrine gland secreted peptide 18 OS=Mus musculus OX=10090 GN=Esp18 PE=2 SV=1","102792.886929529","125624.985992102","131646.08691793","100384.8644547","115376.748358877","92184.3430651761","70721.8528903624","109409.232506562","70474.7143203471","100802.69396085","74712.1981438382","104404.426075512"
"P17897","3","1","22.8368","0.196682708563496","0.221901126024869","1.62433762028708","0.223752356289368","STZ_3_meses","Control_1_mes","17250.4463","Lysozyme C-1 OS=Mus musculus OX=10090 GN=Lyz1 PE=1 SV=1","4903.57111887532","2249.88245907923","9032.45692380493","9987.639011684","7906.07278902951","8397.67154589415","3373.67346773982","1959.46619324051","4835.38733447379","10029.2103212487","5119.57638913763","9510.87840914434"
"F6W8R9","11","1","57.6259","0.198413695859342","0.221901126024869","1.18558835574647","0.222102203744102","STZ_3_meses","Control_1_mes","190766.2213","Spectrin repeat containing_ nuclear envelope 2 (Fragment) OS=Mus musculus OX=10090 GN=Syne2 PE=1 SV=1","52865.8373885299","70734.7587392682","78612.4978815622","79718.7909971872","81739.0713502803","78283.627289496","36371.8744204607","61604.2708708182","42083.9955058127","80050.6026029923","52930.1248447397","88661.0123423081"
"P97861;Q9ERE2;Q6IMF0;E9Q1Y9","7","3","41.4494","0.198926090168444","0.221901126024869","4.53914535159378","0.221617885267435","STZ_3_meses","Control_1_mes","55133.2466","Keratin_ type II cuticular Hb6 OS=Mus musculus OX=10090 GN=Krt86 PE=2 SV=2","683.462671840197","7115.7534077161","1167.02795290813","1940.49995241794","22781.8195166588","15976.7654521396","470.224623295907","6197.24740978774","624.750522484827","1948.5768486832","14752.3642156346","18094.6674034914"
"G3X8T9;Q91WP6","3","2","29.7261","0.200680666740088","0.222404722372826","2.12034917105849","0.219973580075227","Control_1_mes","STZ_3_meses","46937.3187","Serine (or cysteine) peptidase inhibitor_ clade A_ member 3N OS=Mus musculus OX=10090 GN=Serpina3n PE=1 SV=1","461.321377330211","491.079220265415","160.380195104011","161.057067746136","92.0087820631327","271.744312539667","317.390663471622","427.690400638437","85.8570786053292","161.727431704328","59.5802746589115","307.767111492344"
"P21981","4","4","28.3486","0.203818163852343","0.22442455706761","6.56894520562748","0.217086685759388","STZ_3_meses","Control_1_mes","78201.6821","Protein-glutamine gamma-glutamyltransferase 2 OS=Mus musculus OX=10090 GN=Tgm2 PE=1 SV=4","214.600290653493","290.573867314198","456.238306388446","690.280449345826","356.785985015957","5268.39936400096","147.645723737967","253.066406799909","244.240182579597","693.153587052611","231.036717420246","5966.78561289114"
"P68254;P68254-2","9","3","54.6376","0.205837911415522","0.22519562981279","1.6742278221237","0.215263573182164","STZ_3_meses","Control_1_mes","28063.46","14-3-3 protein theta OS=Mus musculus OX=10090 GN=Ywhaq PE=1 SV=1","190.78839400143","633.972288751932","223.537866546491","545.675030091812","418.366265262722","791.049301775195","131.263058532522","552.138740514077","119.667569720207","547.946280141113","270.913019751447","895.911882681443"
"J3QJY4","4","2","49.7105","0.207982068184405","0.226092122121702","1.24996009134454","0.213357607001943","STZ_3_meses","Control_1_mes","10289.6988","ABPA3 OS=Mus musculus OX=10090 GN=Scgb1b3 PE=3 SV=1","7678.72489553644","5989.46275304987","5521.32929278635","8904.2062750216","8730.8328048755","6351.09126899863","5282.9886256623","5216.3390726987","2955.75898750612","8941.26803857293","5653.64962834294","7193.00064246471"
"Q6KCD5;Q6KCD5-3","5","4","20.9353","0.210832351517374","0.227276203155531","1.41287050827853","0.210869693233146","Control_1_mes","STZ_3_meses","317503.8569","Nipped-B-like protein OS=Mus musculus OX=10090 GN=Nipbl PE=1 SV=1","5673.38086977362","9905.19373460972","6045.26261351589","3967.33937816244","6366.78739781796","4970.76995107075","3903.30517264485","8626.62499640473","3236.23865815781","3983.85253940555","4122.8123375941","5629.70203658144"
"REVERSE289","2","2","11.3264","0.211734632647417","0.227276203155531","3.37009070947946","0.210092766721827","STZ_3_meses","Control_1_mes","10524.0816","Reversed Sequence 289","472.143378591476","402.12124522871","164.768775464485","2222.35400749474","289.869511539944","989.413286733444","324.836236838028","350.215177877292","88.2064378184828","2231.6040581123","187.704963869036","1120.57126967708"
"P35917","6","4","28.9678","0.219589344178719","0.234126287644697","1.78288555462563","0.203536625519192","Control_1_mes","STZ_3_meses","155126.7075","Vascular endothelial growth factor receptor 3 OS=Mus musculus OX=10090 GN=Flt4 PE=1 SV=1","2002.5948751932","1288.61825038298","3467.42693605942","1582.66841168078","723.58567133471","1484.58938649413","1377.79202815368","1122.28258299837","1856.23384991158","1589.25591433314","468.557805795033","1681.38859269334"
"P05213;P68369;P68373;A0A2R8VHF3;P05214;A0A0A0MQA5;P68368;Q9JJZ2","7","5","38.4504","0.221725643485734","0.234126287644697","1.12974764162188","0.20181536985696","STZ_3_meses","Control_1_mes","50836.0402","Tubulin alpha-1B chain OS=Mus musculus OX=10090 GN=Tuba1b PE=1 SV=2","97958.0961316708","109025.6048366","105006.353762198","100590.094175385","125311.756540194","126568.17782565","67395.5005154534","94952.510080169","56213.5415982829","101008.777904264","81145.6113779713","143346.229152684"
"Q6IFX2","34","14","274.9775","0.222231697391382","0.234126287644697","1.44025512918144","0.201411365896911","STZ_3_meses","Control_1_mes","50475.3422","Keratin_ type I cytoskeletal 42 OS=Mus musculus OX=10090 GN=Krt42 PE=1 SV=1","11225.7651703101","19491.5334780413","33839.2199124204","32938.1900011901","29250.5886985395","30789.0782795186","7723.36429757734","16975.5538786093","18115.3075794646","33075.2878369689","18941.2148440138","34870.5207444439"
"J3QMV8","1","1","5.6006","0.228079679547891","0.238164430032622","3.68738275345225","0.196843405689366","STZ_3_meses","Control_1_mes","3483.0214","Heterogeneous nuclear ribonucleoprotein F (Fragment) OS=Mus musculus OX=10090 GN=Hnrnpf PE=1 SV=1","0","85.106482193855","11.7513855174664","89.3036164473089","24.7338320249403","243.114582462636","0","74.1208830761462","6.2909240722666","89.6753227414829","16.016389657263","275.342185111127"
"Q80XI7;Q80XI7-2","17","2","123.6215","0.230133987336076","0.238164430032622","1.47768544780097","0.195281488189888","STZ_3_meses","Control_1_mes","62790.549","Vomeromodulin OS=Mus musculus OX=10090 GN=Bpifb9a PE=1 SV=1","5576.12989473756","7469.25582823996","16190.3725265867","11426.0761809457","17387.0439099279","14388.1344299347","3836.39617382803","6505.11951192799","8667.26771197173","11473.6346629325","11258.9779848324","16295.4452730934"
"REVERSE4129","3","2","22.5129","0.230251068393934","0.238164430032622","1.29381668555565","0.195193122184436","STZ_3_meses","Control_1_mes","46020.8252","Reversed Sequence 4129","14756.3426895157","26773.0468386298","26317.2878813701","29646.4269876937","32050.9825251908","26083.7537790587","10152.4135381387","23317.1648406065","14088.5565879535","29769.8235974782","20754.6094961734","29541.4519716456"
"Q3TTY5","47","36","323.1627","0.23617772197123","0.239161517937579","1.2659547031154","0.190809240339032","STZ_3_meses","Control_1_mes","71379.0367","Keratin_ type II cytoskeletal 2 epidermal OS=Mus musculus OX=10090 GN=Krt2 PE=1 SV=1","62781.4979184583","78388.3123675421","119792.439684575","113069.219928675","116329.021525758","100968.146231392","43193.8823069511","68269.8989049572","64129.0460062887","113539.84522244","75328.8425071359","114352.622242411"
"B1AVU4;Q9D3N5","8","7","46.4576","0.237073811710752","0.239161517937579","8.97730496426619","0.190161299661159","STZ_3_meses","Control_1_mes","19741.1679","Predicted gene 14744 OS=Mus musculus OX=10090 GN=Gm14744 PE=3 SV=1","871.078889320241","1162.62249590994","1350.39860017947","1527.8295570394","27132.3679735892","1719.90006796262","599.305213683123","1012.55044104337","722.915187183457","1534.18880524646","17569.5612936587","1947.89238098617"
"Q8VED5","17","7","136.8788","0.238001473775061","0.239161517937579","1.60244836763464","0.189494544197794","STZ_3_meses","Control_1_mes","57837.5262","Keratin_ type II cytoskeletal 79 OS=Mus musculus OX=10090 GN=Krt79 PE=1 SV=2","21862.530115923","57810.8387106654","88509.0621604686","69236.3081430511","111360.818954088","88906.5349028952","15041.4944540805","50348.5786998793","47381.9694649148","69524.4887626717","72111.6835887829","100692.107165493"
"REVERSE26875","1","1","4.285","0.23814692241751","0.239161517937579","45.7351348790289","0.189390371198965","STZ_3_meses","Control_1_mes","23851.1047","Reversed Sequence 26875","3.54773977958914","0","0","140.92012085043","0","21.336236484775","2.44085693358724","0","0","141.506669279035","0","24.164597270378"
"F6RR30","9","2","68.7556","0.238560557469247","0.239161517937579","1.21376865831019","0.18909466065927","STZ_3_meses","Control_1_mes","45055.7723","Lipase OS=Mus musculus OX=10090 GN=Lipo4 PE=3 SV=2","23034.7031629312","24636.705242309","15078.2299270246","25355.0556396953","26500.0111258558","24308.4775624518","15847.9534637335","21456.5835829896","8071.89922193454","25460.5903777645","17160.0787005238","27530.8427037647"
"Q9CQN1","14","10","76.9464","0.240678283032234","0.239161517937579","1.4523349612186","0.187593150148019","STZ_3_meses","Control_1_mes","80551.2683","Heat shock protein 75 kDa_ mitochondrial OS=Mus musculus OX=10090 GN=Trap1 PE=1 SV=1","18761.3725664822","24276.1306587967","64573.2630229855","48418.0623609944","51749.3664682614","56119.4491966208","12907.8876009939","21142.5521971796","34568.3063645831","48619.5916970646","33510.2954138452","63558.7203881743"
"A0A0J9YUR3","3","1","24.2636","0.241024148934811","0.239161517937579","1.62323756338475","0.187349887058776","Control_1_mes","STZ_3_meses","8097.0205","Transducin (beta)-like 1X-linked receptor 1 (Fragment) OS=Mus musculus OX=10090 GN=Tbl1xr1 PE=1 SV=1","135618.622402482","181569.355370713","75426.123478111","50581.9530633094","107844.455124868","83444.5970839242","93306.0696049653","158132.26692873","40378.2188203205","50792.4891095886","69834.6626561306","94506.127374471"
"Q61493;F6T1D2","9","5","61.3524","0.246214896106568","0.24228630713771","1.73526815886709","0.183763583819881","STZ_3_meses","Control_1_mes","354247.2904","DNA polymerase zeta catalytic subunit OS=Mus musculus OX=10090 GN=Rev3l PE=1 SV=3","1210.05103245357","2159.47303461698","1094.38916718806","1297.06286774488","3669.33635064333","2779.68728096617","832.51919138803","1880.72687507337","585.864462199648","1302.46160131313","2376.07826867276","3148.16644116549"
"Q6NXH9","28","15","193.1777","0.247012498652614","0.24228630713771","1.47393281406207","0.183223034469751","STZ_3_meses","Control_1_mes","59538.823","Keratin_ type II cytoskeletal 73 OS=Mus musculus OX=10090 GN=Krt73 PE=1 SV=1","16616.7722376957","11104.3659982284","29900.5781419407","37879.1529203884","23540.1197498857","23511.2659016389","11432.3953418355","9671.00733778011","16006.8160923018","38036.8164072506","15243.4014313927","26627.9515712757"
"REVERSE27225","1","1","6.101","0.250212075738696","0.243042878803886","2.13671984306798","0.181081968854084","STZ_3_meses","Control_1_mes","28887.3335","Reversed Sequence 27225","0","958.013064659598","104.80985385186","661.651994654261","852.757442482101","756.545382514494","0","834.352125955708","56.1083483838906","664.405972832858","552.202969121496","856.834076537916"
"P10639","6","5","42.1496","0.252545559253661","0.243042878803886","1.25046358864211","0.17954752744406","STZ_3_meses","Control_1_mes","12017.6294","Thioredoxin OS=Mus musculus OX=10090 GN=Txn PE=1 SV=3","9088.67661670577","6205.7136600684","11829.0682446824","11408.1762575898","10469.9246009952","12038.7964205411","6253.04016507875","5404.67617442171","6332.51032930125","11455.6602351563","6779.79829096487","13634.6757934574"
"P00687;D3YYQ5","2","2","10.9917","0.253206242386086","0.243042878803886","3.66466638678996","0.179117144283863","Control_1_mes","STZ_3_meses","58328.1357","Alpha-amylase 1 OS=Mus musculus OX=10090 GN=Amy1 PE=1 SV=2","1441.58144778482","713.386994089492","6477.29789804841","897.632008733899","419.957068248567","1037.95039887255","991.812898003418","621.302544928459","3467.52212405163","901.368200847633","271.943144014583","1175.54252800305"
"P50446;A2AKJ2;E9Q0F0","42","14","242.2377","0.254138642319404","0.243042878803886","1.46308246154684","0.178512774718447","STZ_3_meses","Control_1_mes","59677.3792","Keratin_ type II cytoskeletal 6A OS=Mus musculus OX=10090 GN=Krt6a PE=1 SV=3","2829.91089008887","5076.56637507525","10768.9464807257","10272.4538029508","9043.73304044691","8007.49810116907","1946.98823663651","4421.27994267418","5764.99039605625","10315.2105902689","5856.26813451327","9068.98303719787"
"P05784;Q9R0N5","21","14","131.1086","0.25576443026689","0.243042878803886","1.28911204847069","0.177467320169352","Control_1_mes","STZ_3_meses","47538.1754","Keratin_ type I cytoskeletal 18 OS=Mus musculus OX=10090 GN=Krt18 PE=1 SV=5","39663.0470748333","39043.1309549749","64535.5860097385","40460.0752393695","36380.9970276352","34275.5402954785","27288.31015645","34003.4186567438","34548.1365531805","40628.4812371053","23558.5098146853","38819.1529492969"
"Q80WJ6;D6RCU5;D6RGU5;Q80WJ6-2;Q80WJ6-3;Q80WJ6-4","3","2","19.9351","0.256529458001886","0.243042878803886","3.92162087909531","0.176979011982901","STZ_3_meses","Control_1_mes","154429.2033","ATP-binding cassette sub-family C member 12 OS=Mus musculus OX=10090 GN=Abcc12 PE=1 SV=1","817.347293994615","15013.3793139806","1774.46175596952","2524.3301112637","32309.5429517413","34207.0012054466","562.337694882055","13075.4427162745","949.930896178434","2534.8370697527","20922.0402661974","38741.5282234423"
"A0AAA9WUV6;A0AAA9WW37;E0CYZ3;E9Q6P9;F6USE5;O88427;O88427-2","3","2","17.6919","0.258881438569156","0.243042878803886","2.11204091437276","0.175492144886271","STZ_3_meses","Control_1_mes","267188.8502","Calcium channel_ voltage-dependent_ T type_ alpha 1H subunit OS=Mus musculus OX=10090 GN=Cacna1h PE=1 SV=1","68.408863365019","122.834894326486","237.784868774709","491.362804416134","119.603935090775","295.159273026885","47.0655287132323","106.979287656442","127.294483937422","493.407991995208","77.4495123531296","334.285991271315"
"REVERSE6773","1","1","5.049","0.259176188419653","0.243042878803886","3.02263578533135","0.175307324624251","STZ_3_meses","Control_1_mes","74424.1315","Reversed Sequence 6773","0","238.896415827208","490.848512094413","609.20274540211","514.622015548512","1081.92837234932","0","208.059513780695","262.76822558339","611.738415332427","333.243418121374","1225.35028198965"
"P97821;D3Z220","7","6","43.7478","0.267108902476706","0.248485269132868","1.36063739363496","0.170455842051531","Control_1_mes","STZ_3_meses","53174.8526","Dipeptidyl peptidase 1 OS=Mus musculus OX=10090 GN=Ctsc PE=1 SV=1","6349.76150208859","6796.02745821646","3543.1132116883","4182.13964992701","3837.75843617687","4245.60501565109","4368.65732886226","5918.79189020355","1896.75133719734","4199.54686917338","2485.13996789001","4808.40824226491"
"P97805;I7HJS7;I7HLV5;I7HPY1;Q9D8T0","2","2","12.0758","0.267891713834887","0.248485269132868","1.66958821708613","0.169989570517603","Control_1_mes","STZ_3_meses","25216.242","Protein FAM3D OS=Mus musculus OX=10090 GN=Fam3d PE=2 SV=2","639.917972634236","1128.44686285224","527.933169870589","702.937772250043","177.259100956826","495.171006044641","440.265723381847","982.786220544247","282.620928566299","705.863593227429","114.784107386106","560.811554070232"
"P49183;E9Q797;H3BKL7;D3YXC7","22","20","71.5371","0.275568818033206","0.253142151761716","1.1064450175221","0.165529972616909","Control_1_mes","STZ_3_meses","32255.5621","Deoxyribonuclease-1 OS=Mus musculus OX=10090 GN=Dnase1 PE=1 SV=2","228187.056693738","211126.144702172","178322.69332027","194454.123541042","179601.140992583","184161.262211992","156993.464596854","183873.847001951","95462.3199428289","195263.495261065","116300.695101578","208573.931833423"
"P57780;A0A1L1SV25;E9Q2W9;A0A1L1SVJ6;D3Z0L8;D3Z761","45","20","310.6523","0.275878732202166","0.253142151761716","1.26374552872311","0.165354148849169","STZ_3_meses","Control_1_mes","105433.5004","Alpha-actinin-4 OS=Mus musculus OX=10090 GN=Actn4 PE=1 SV=1","30729.7066457264","48867.2618751668","62777.7913982356","54941.7189206373","58660.5593969447","66323.1879332437","21142.1418123315","42559.4444786273","33607.1281572626","55170.4015154523","37985.6374809659","75115.0807331017"
"Q8K385;A0A0G2JFP4","7","5","36.307","0.284603602887916","0.259751447970532","1.64130452451338","0.16053186903194","Control_1_mes","STZ_3_meses","66731.8045","Ferric-chelate reductase 1 OS=Mus musculus OX=10090 GN=FRRS1 PE=1 SV=1","4773.83500653393","4557.91896130032","1810.21917686277","2977.59529563795","1922.4109298436","1888.47999282121","3284.41458489644","3969.57986856474","969.07308324439","2989.98886889872","1244.85694342507","2138.81949200621"
"O08759;A0A0J9YUF2;A0A0J9YUK0;A0A140LHS2;A0A140LI50","3","1","14.2444","0.292277652030102","0.263768831700343","3.70988169274253","0.156484780513094","Control_1_mes","STZ_3_meses","100789.1487","Ubiquitin-protein ligase E3A OS=Mus musculus OX=10090 GN=Ube3a PE=1 SV=2","123.633625846219","308.886302878534","23.0923181650914","82.9065738806155","2.88606010940322","37.0178178314337","85.0603515532423","269.015061477139","12.3621184934569","83.2516539184212","1.8688678422282","41.9249505583198"
"REVERSE6695","4","4","27.959","0.29271167727014","0.263768831700343","1.08585038726563","0.156261073421787","STZ_3_meses","Control_1_mes","50066.409","Reversed Sequence 6695","18804.1824311077","19978.2546962591","19939.3275242727","20574.2529769095","23844.0671930431","19344.7307179516","12937.3409322383","17399.4488108899","10674.2132934721","20659.8886950773","15440.2225580191","21909.0947663978"
"B1AVM1","3","2","22.516","0.29364180610605","0.263768831700343","1.17690046808046","0.155783486563887","Control_1_mes","STZ_3_meses","13589.5858","Predicted gene 12887 OS=Mus musculus OX=10090 GN=Gm12887 PE=1 SV=1","58188.1767532288","40045.6577906803","42916.4442598193","43657.5665512988","39763.1106852004","36513.2361503703","40033.6618536794","34876.5386877275","22974.6604678147","43839.2813901935","25748.5970664339","41353.4808372372"
"Q8CH09;D3Z0I4;D3YVJ0","6","4","37.4267","0.296739434442178","0.265119977322268","1.32842715188653","0.15421068877952","STZ_3_meses","Control_1_mes","118958.15","SURP and G-patch domain-containing protein 2 OS=Mus musculus OX=10090 GN=Sugp2 PE=1 SV=2","15490.7588753043","11371.2502268975","21042.1334210524","28392.4681112856","18473.3712612327","16771.3242432146","10657.6943508786","9903.44197963251","11264.5835228189","28510.645398208","11962.4291175278","18994.5539981898"
"Q61753;F6ZSB7","9","5","52.2163","0.299871424994228","0.265119977322268","2.02248656071901","0.152647626207351","Control_1_mes","STZ_3_meses","57384.0209","D-3-phosphoglycerate dehydrogenase OS=Mus musculus OX=10090 GN=Phgdh PE=1 SV=3","7633.92670715126","19757.1245042025","4664.07882228967","5877.63479592172","3395.8361241324","6575.89522962634","5252.16732096538","17206.8622453601","2496.84309092576","5902.09913382218","2198.9732331598","7447.60492458499"
"Q9JLC8;E9QNY8;Q9JLC8-3","18","10","96.3805","0.301529618070699","0.265119977322268","1.29158796311927","0.151830916988705","Control_1_mes","STZ_3_meses","526274.0601","Sacsin OS=Mus musculus OX=10090 GN=Sacs PE=1 SV=2","35711.1068669685","20425.9031386702","22970.9495591647","24308.9285980114","20037.3135268969","16902.3617826043","24569.3619649888","17789.3145062384","12297.1456710177","24410.109066664","12975.1597248628","19142.9620536083"
"Q7TPR4;A1BN54","27","7","202.7225","0.302196967581619","0.265119977322268","1.29080283999292","0.151504313959716","STZ_3_meses","Control_1_mes","103695.9952","Alpha-actinin-1 OS=Mus musculus OX=10090 GN=Actn1 PE=1 SV=1","11418.9047808762","19749.6159765391","26126.8022484977","20711.2925463294","26403.7326869962","26841.9404210185","7856.24500103613","17200.3229232466","13986.5830247956","20797.498661","17097.7336101709","30400.1448752329"
"A0A571BE72","2","1","20.0534","0.302912974221085","0.265119977322268","3.61544577439611","0.151155218870899","STZ_3_meses","Control_1_mes","11312.0878","Myosin VIIA (Fragment) OS=Mus musculus OX=10090 GN=Myo7a PE=1 SV=1","143.675887927319","214.02348978383","328.310218383927","1882.42448156432","171.79188322938","426.01413060342","98.8494954602654","186.39720092862","175.755841975632","1890.2596516945","111.243811269614","482.487148324762"
"P32067;F6SXM5","8","6","45.0435","0.310539241303318","0.269191051106558","1.29570867452519","0.147519837252779","STZ_3_meses","Control_1_mes","47927.611","Lupus La protein homolog OS=Mus musculus OX=10090 GN=Ssb PE=1 SV=1","30190.8871850839","68745.8426499487","43707.1116021959","53382.6852327586","75514.2327484362","55927.9447366185","20771.4322061683","59872.0853415312","23397.9321075647","53604.8786991635","48899.231431209","63341.8298341753"
"P62962;Q5SX49;J3QMC2","4","3","23.6583","0.310718888266412","0.269191051106558","1.42954713357216","0.147435987425129","STZ_3_meses","Control_1_mes","15128.3395","Profilin-1 OS=Mus musculus OX=10090 GN=Pfn1 PE=1 SV=2","367.154887641711","1038.28721405867","1906.28192742301","1542.92426349358","1467.84084743381","1723.500482088","252.603800976773","904.264436842822","1020.49880398595","1549.34634003414","950.500146667173","1951.97007094843"
"P17182;Q6PHC1;B0QZL1;B1ARR7;A0A0N4SUI6;A0A0N4SUX5;B1ARR6;D3YVD3;D3Z2S4;D3Z6E4;P17183;A0A0N4SUW8;P21550;Q5SX59;Q5SX60;Q5SX61","11","10","78.9833","0.314774917467961","0.271327690718392","1.10416668126168","0.145564069862631","STZ_3_meses","Control_1_mes","47483.0601","Alpha-enolase OS=Mus musculus OX=10090 GN=Eno1 PE=1 SV=3","5312.01553343984","4171.78555688318","4651.68812091614","5115.57617219151","5727.26604177157","4765.09399642115","3654.68460249397","3633.28881078838","2490.20991891152","5136.86861181686","3708.69036804842","5396.76139515882"
"Q9JHU4","9","4","49.667","0.319332929550241","0.273873378239192","1.24677160668057","0.143507915593801","STZ_3_meses","Control_1_mes","534783.7004","Cytoplasmic dynein 1 heavy chain 1 OS=Mus musculus OX=10090 GN=Dync1h1 PE=1 SV=2","3353.6343482394","5497.65226962006","5525.14004367738","7374.4186597019","5636.03082248113","4913.67108494669","2307.31174217193","4788.01180081252","2957.7990145717","7405.1130250673","3649.61101386069","5565.03406641398"
"G3X977;Q61703;F6SGM1","6","5","32.0148","0.327187398817258","0.276473713224438","1.20425993548897","0.140077721215452","Control_1_mes","STZ_3_meses","106760.7795","Inter-alpha-trypsin inhibitor heavy chain H2 OS=Mus musculus OX=10090 GN=Itih2 PE=1 SV=1","2460.97613773278","1524.70550456275","1888.92002649509","1841.24437183185","1556.22745609111","1480.7122714304","1693.15988273341","1327.89554351257","1011.20437650542","1848.90813898204","1007.73488341609","1676.99752193666"
"E9Q0P8;P04627","3","3","14.1235","0.327738026516246","0.276473713224438","1.37301039486044","0.139842446290313","Control_1_mes","STZ_3_meses","46768.0905","non-specific serine/threonine protein kinase OS=Mus musculus OX=10090 GN=Araf PE=1 SV=1","12600.4816839006","23742.9361712778","14702.549585524","7734.37567641572","16217.2951316976","13226.4653748186","8669.17389534405","20678.1827949029","7870.78451079598","7766.56828221154","10501.5073181621","14979.7837740108"
"P52480;P52480-2;A0A1L1SU37;A0A1L1SQV8;A0A1L1SSN6;A0A1L1STV8;A0A1L1SUV0;A0A1L1ST52;A0A1L1SVH2","13","11","80.0434","0.327845775531451","0.276473713224438","1.18798908011381","0.139796484722435","STZ_3_meses","Control_1_mes","58415.2929","Pyruvate kinase PKM OS=Mus musculus OX=10090 GN=Pkm PE=1 SV=4","3853.6351935488","4940.34011579225","6827.18120223637","6217.69460203568","6810.02086522502","5530.04788724201","2651.31401006495","4302.63785600895","3654.8267867681","6243.57436268559","4409.828110806","6263.11862340219"
"REVERSE46924","1","1","4.5302","0.328844583814108","0.276473713224438","1.55404875702143","0.13937164146718","STZ_3_meses","Control_1_mes","63124.8711","Reversed Sequence 46924","102.663104856919","109.625821602792","442.343922036037","376.355926673804","182.083586758326","458.891851078086","70.6325623866996","95.4752504825499","236.802036936092","377.922423892614","117.908202528938","519.723184539738"
"P20060","32","29","210.3245","0.331725959013366","0.276717090550541","1.13845355036988","0.138158167766096","STZ_3_meses","Control_1_mes","61514.9503","Beta-hexosaminidase subunit beta OS=Mus musculus OX=10090 GN=Hexb PE=1 SV=2","13724.9628884069","14512.6276567352","9626.65803402343","13758.0516167708","14285.3378171712","15063.2987930966","9442.82075650859","12639.3284030037","5153.48378892889","13815.316424009","9250.46861459801","17060.1103506839"
"P01027;H3BKW9;P01027-2","6","6","36.3423","0.332376762872714","0.276717090550541","1.16551942602155","0.137886550318658","Control_1_mes","STZ_3_meses","188023.9467","Complement C3 OS=Mus musculus OX=10090 GN=C3 PE=1 SV=3","1764.83131338199","1555.31651272278","2260.01938113701","1784.62212870009","1623.04027709396","1380.04604647038","1214.20989573795","1354.55526317417","1209.86672656189","1792.05021844998","1050.99951682201","1562.98684406365"
"Q792Z1","7","6","43.8866","0.338787972588047","0.280685484310454","1.14937798954742","0.13525818572443","Control_1_mes","STZ_3_meses","26905.2215","trypsin OS=Mus musculus OX=10090 GN=Try10 PE=1 SV=1","34846.7321827379","37071.5127562599","50477.0583167436","34675.248765669","36822.8607365594","34990.1862271306","23974.6692670181","32286.298195286","27022.1192888302","34819.5767193511","23844.6386009727","39628.5333262725"
"Q91YW3","4","3","20.9713","0.340753076093384","0.280949736854758","1.2289258336264","0.134469428860239","STZ_3_meses","Control_1_mes","57920.3176","DnaJ homolog subfamily C member 3 OS=Mus musculus OX=10090 GN=Dnajc3 PE=1 SV=1","9831.10261890856","13312.0806716522","23027.3180231444","18591.8795545309","19365.0105765102","18783.2316848527","6763.83175852589","11593.7487900892","12327.321664005","18669.2640874968","12539.8100382367","21273.1626509929"
"E9Q9C6;E9Q0B5","20","20","122.4316","0.345178901525696","0.282093196819859","1.18646109341334","0.132721098780569","STZ_3_meses","Control_1_mes","287673.2067","Mucin-2 OS=Mus musculus OX=10090 GN=Fcgbp PE=1 SV=1","64156.066866619","57012.0097110826","90353.4015478978","91656.3309092302","91222.3140895598","68083.3592185136","44139.5903792044","49652.8630581371","48369.3082797773","92037.8298502048","59070.9974266168","77108.5827392208"
"REVERSE7807","4","4","19.0612","0.345445634336241","0.282093196819859","1.21002019103475","0.132616956356405","Control_1_mes","STZ_3_meses","62646.7246","Reversed Sequence 7807","39787.3513535735","55005.8986124704","61861.0659402311","39123.5424756211","53520.5001523653","36820.1738098503","27373.8319194562","47905.7020623472","33116.3732379513","39286.3854551902","34657.1927967945","41701.1065740319"
"A0A8D3UE05;Q09PK2","1","1","6.6871","0.353309884722464","0.284395659082743","2.30148264655492","0.12960724414714","STZ_3_meses","Control_1_mes","28222.7707","Retroviral-like aspartic protease 1 OS=Mus musculus OX=10090 GN=Asprv1 PE=1 SV=1","0","848.098931629621","196.798413802087","171.538844935465","485.928934392287","1747.34532861463","0","738.62577946927","105.353013645183","172.25283694267","314.663217212669","1978.97582305008"
"Q6IFZ9","14","5","102.2158","0.353540308702388","0.284395659082743","1.19720458526282","0.129520798332262","STZ_3_meses","Control_1_mes","55374.0486","Keratin_ type II cytoskeletal 74 OS=Mus musculus OX=10090 GN=Krt74 PE=3 SV=1","22692.1460342367","20310.6539648741","36170.867770417","27000.9340250629","31623.1731840256","36162.9708766652","15612.2730038716","17688.9417694578","19363.5195129526","27113.3193631372","20477.5816138699","40956.7839182223"
"P45700;A0A1W2P788;A0A1W2P6N0","5","3","25.0177","0.353940582650027","0.284395659082743","1.42203086251462","0.129370862507963","Control_1_mes","STZ_3_meses","73504.0174","Mannosyl-oligosaccharide 1_2-alpha-mannosidase IA OS=Mus musculus OX=10090 GN=Man1a1 PE=1 SV=1","110192.69364505","68334.4029004761","45953.3976078686","71016.0481821015","41347.5749158053","45495.4642614479","75812.9448674849","59513.7544978938","24600.4468821228","71311.6365708676","26774.6166694527","51526.4054319632"
"P04104","42","31","242.6179","0.354930545501425","0.284395659082743","1.22193259422883","0.129001293250299","STZ_3_meses","Control_1_mes","66119.2737","Keratin_ type II cytoskeletal 1 OS=Mus musculus OX=10090 GN=Krt1 PE=1 SV=4","77507.2395398469","66093.7616709535","132977.414043765","131375.494877059","109403.862542188","97180.8230404608","53325.2422070121","57562.3366703922","71187.4198861316","131922.31593861","70844.45672302","110063.246292396"
"P35918","5","2","27.7568","0.357998244039637","0.285513279939971","1.21422819467374","0.127867299740872","Control_1_mes","STZ_3_meses","152343.8222","Vascular endothelial growth factor receptor 2 OS=Mus musculus OX=10090 GN=Kdr PE=1 SV=2","25443.2647672119","28890.5504727194","16897.1769379926","18781.9881745858","20387.7884813447","19493.8192730566","17505.0519706767","25161.3397521976","9045.64461735779","18860.1639920871","13202.1097352731","22077.9467049441"
"REVERSE12943","3","2","26.3849","0.361161773285505","0.286696576427621","1.37574964969009","0.126715377454766","Control_1_mes","STZ_3_meses","93514.5176","Reversed Sequence 12943","19785.8078561405","16985.3101367353","9377.01056963355","15957.5074270791","8268.62631905293","9317.85339782619","13612.7025353247","14792.8354480611","5019.8388462984","16023.9269763195","5354.34787956484","10553.0408300247"
"REVERSE325","5","5","27.2024","0.363914177391147","0.28754406900766","1.22775931717377","0.125727321066399","STZ_3_meses","Control_1_mes","129417.1736","Reversed Sequence 325","25861.5431655617","21596.5432566733","46937.1853121138","44870.8246856196","37529.1718289881","33494.6778543891","17792.8289194416","18808.8476495906","25127.1025468049","45057.5894396569","24302.0102554813","37934.778311532"
"P11591;A2CEK9","12","7","109.379","0.369200063308948","0.29037633738736","1.37292506585665","0.123865855446295","Control_1_mes","STZ_3_meses","21160.9518","Major urinary protein 5 OS=Mus musculus OX=10090 GN=Mup5 PE=2 SV=2","32618.3522621693","49063.7458967791","24363.9197999837","15069.4031555512","43500.4006105625","18671.1328270014","22441.5363661557","42730.5662171464","13042.8509333371","15132.1261697493","28168.6786634305","21146.2038147249"
"P68510","8","2","54.6611","0.371057473195855","0.290498489997572","1.20343213581897","0.12322277239068","STZ_3_meses","Control_1_mes","28382.8718","14-3-3 protein eta OS=Mus musculus OX=10090 GN=Ywhah PE=1 SV=2","60345.0482547182","47288.88165705","104603.830107605","82931.9418183985","80128.5211827857","92353.2778403654","41517.5967210435","41184.8025878927","55998.0567310243","83277.1274445613","51887.2132967373","104595.75507631"
"REVERSE15920","2","1","14.797","0.379706727504782","0.2959125381542","1.24886291283896","0.120301112554044","STZ_3_meses","Control_1_mes","44399.3448","Reversed Sequence 15920","44328.2733735867","32109.9873106139","53634.8838947878","71205.3585591905","40888.7178313806","50349.449830467","30498.001584096","27965.2096253416","28712.6127983326","71501.7349099845","26477.4838251069","57023.8419885589"
"Q8C3Y4;A0A0G2JFE7","14","10","84.3774","0.384541230659353","0.298317974145089","1.38337309826137","0.118718685405515","STZ_3_meses","Control_1_mes","253267.0464","Kinetochore-associated protein 1 OS=Mus musculus OX=10090 GN=Kntc1 PE=1 SV=2","11300.4189654874","38828.5001524536","32207.320749541","25577.7448845923","48329.9524535927","39994.0419064844","7774.72636043924","33816.492535394","17241.6953818211","25684.2065167479","31296.0543207863","45295.7069806777"
"Q9EPQ2;E7CHD7;E9QQ97;M0QW58;M0QWL3;M0QWM1;Q9EPQ2-3;Q9EPQ2-4;Q9EPQ2-5","3","3","10.122","0.392020075427501","0.302743776612057","1.45978731841984","0.116339160512777","Control_1_mes","STZ_3_meses","153079.9543","X-linked retinitis pigmentosa GTPase regulator-interacting protein 1 OS=Mus musculus OX=10090 GN=Rpgrip1 PE=1 SV=1","46039.3952136137","120382.043241755","105418.916493034","48814.4307269508","77949.2833144181","59455.4368707366","31675.2591810232","104843.052157477","56434.4007310957","49017.6098575343","50476.0481032305","67336.9311659502"
"Q6IFZ8","12","3","97.6999","0.396690680313657","0.304970767752359","1.1722996866098","0.114893847993925","STZ_3_meses","Control_1_mes","60684.3589","Predicted gene 5414 OS=Mus musculus OX=10090 GN=Gm5414 PE=1 SV=1","2943.59435730421","2887.41970363648","2070.12970999438","3862.89557665419","2699.68390114958","2699.92888872238","2025.20284549346","2514.709722786","1108.21220237916","3878.9740139751","1748.17995321758","3057.8351670029"
"P24369","12","8","78.892","0.401808694249544","0.307520205853035","1.16716848239376","0.113344793210854","Control_1_mes","STZ_3_meses","23713.5186","Peptidyl-prolyl cis-trans isomerase B OS=Mus musculus OX=10090 GN=Ppib PE=1 SV=2","10418.9103071825","7065.00122661339","7718.94682531636","6446.21645723411","6220.3451366325","8926.60060960849","7168.2454305189","6153.04635266021","4132.21984112033","6473.04738890389","4027.98367072712","10109.9230353311"
"Q3U269","5","2","18.512","0.417185007834504","0.317637791240363","2.22177866325643","0.108898575558791","STZ_3_meses","Control_1_mes","56868.7097","Thiosulfate sulfurtransferase/rhodanese-like domain-containing protein 2 OS=Mus musculus OX=10090 GN=Tstd2 PE=2 SV=3","1241.03948469889","3726.95727262948","1784.01279964355","1120.29300417821","6303.42459724145","7577.75316636405","853.839351045534","3245.8792457798","955.043900979014","1124.95597279626","4081.78176445907","8582.2705241472"
"P24472;A0A1L1SS61","13","10","78.6095","0.420415342143102","0.317637791240363","1.2269481681115","0.108002304889971","STZ_3_meses","Control_1_mes","25563.9437","Glutathione S-transferase A4 OS=Mus musculus OX=10090 GN=Gsta4 PE=1 SV=3","8664.70774339718","15317.0272779979","24330.0076844649","16402.6378890344","20090.526747291","22782.8395749036","5961.34815035035","13339.8956070188","13024.6966022124","16470.9101940872","13009.6179386928","25802.9640511354"
"Q8BHN3;Q8BHN3-2","6","6","33.1044","0.422285561759431","0.317637791240363","1.25135008985019","0.107489171740637","STZ_3_meses","Control_1_mes","107367.5114","Neutral alpha-glucosidase AB OS=Mus musculus OX=10090 GN=Ganab PE=1 SV=1","776.701733204399","644.810907177815","616.373711345755","627.290803926493","718.95184978986","1203.86661562292","534.373411975762","561.578303146003","329.966216532851","629.901761347624","465.557175266383","1363.45282611296"
"REVERSE11897","12","8","77.5023","0.422472879238985","0.317637791240363","1.241303140752","0.107438008040912","STZ_3_meses","Control_1_mes","195527.5509","Reversed Sequence 11897","130331.92116623","111444.502425965","88628.9934838965","183684.603845999","129996.322009858","96452.35608217","89668.8013243123","97059.1748226516","47446.1728602038","184449.149853301","84179.1011284246","109238.212754526"
"P48756","1","1","5.3779","0.425182812385941","0.318273179970845","1.46465219769602","0.106702477174881","STZ_3_meses","Control_1_mes","16502.8957","Gastric inhibitory polypeptide OS=Mus musculus OX=10090 GN=Gip PE=2 SV=2","2482.01256813274","2017.7733728153","685.16769311234","4020.52562456335","2018.56681038","1555.06130013517","1707.63301779678","1757.31789618492","366.794019967538","4037.26016164024","1307.12267115199","1761.20235990686"
"Q9Z315","6","4","41.3431","0.428078066874339","0.319041137092831","1.23939837056001","0.105926168796511","STZ_3_meses","Control_1_mes","91056.6243","U4/U6.U5 tri-snRNP-associated protein 1 OS=Mus musculus OX=10090 GN=Sart1 PE=1 SV=1","12999.1902478668","9785.5157781978","8180.4431890725","17281.1453280298","11856.4256562566","9240.58449710199","8943.48673205111","8522.39514709907","4379.27484409864","17353.0742234598","7677.62686596619","10465.5290577935"
"Q6IFZ6","26","12","196.6626","0.433326125301435","0.320211031221712","1.1801692111948","0.10454357459818","STZ_3_meses","Control_1_mes","61415.8812","Keratin_ type II cytoskeletal 1b OS=Mus musculus OX=10090 GN=Krt77 PE=1 SV=1","12284.5997886868","26310.3503867954","14136.5804494362","21348.8239774689","23326.1427649885","17557.162160247","8451.84608608275","22914.1935425092","7567.80161085769","21437.6836738768","15104.8406631161","19884.563667816"
"I7HJI3","4","3","27.0944","0.436265232554323","0.320211031221712","1.11989827104547","0.103782825153363","STZ_3_meses","Control_1_mes","49593.0503","Serine (or cysteine) peptidase inhibitor_ clade B_ member 6e OS=Mus musculus OX=10090 GN=Serpinb6e PE=1 SV=1","18652.7588693696","20464.8995392618","13771.2163879347","19666.9398174839","22305.6184794535","17257.6011452771","12833.1610110661","17823.2772265169","7372.20956205419","19748.7990479173","14444.0002969591","19545.2924336498"
"Q9CR35","1","1","5.6579","0.437110100814007","0.320211031221712","1.54761610328467","0.103565913236697","STZ_3_meses","Control_1_mes","28449.1978","Chymotrypsinogen B OS=Mus musculus OX=10090 GN=Ctrb1 PE=1 SV=1","2179.81338845482","1319.33470436631","341.243059227399","3313.60209964266","981.980901739543","1647.86818844008","1499.71896297096","1149.034137469","182.67924004338","3327.39422593971","635.881603076787","1866.31185667334"
"Q3UWK8;W4VSP4","25","21","178.8624","0.437152554145231","0.320211031221712","1.68283785055545","0.103555034470382","Control_1_mes","STZ_3_meses","43486.2292","OTTMUSG00000000712 protein OS=Mus musculus OX=10090 GN=Serpinb6d PE=1 SV=1","33025.3922417104","56315.9219689778","13376.7232092292","26278.1895601253","17814.5173065109","16945.8758975993","22721.5812448771","49046.6267666903","7161.02368694401","26387.5666363018","11535.7883262662","19192.2444593963"
"O88968","17","12","114.16","0.445436646896283","0.323225517923827","1.14606363276637","0.101469539866717","Control_1_mes","STZ_3_meses","48042.063","Transcobalamin-2 OS=Mus musculus OX=10090 GN=Tcn2 PE=1 SV=1","36881.1057073995","39215.116150603","25499.1555170933","26659.0848345595","31610.1690770694","30377.9856224143","25374.3251131838","34153.2038933952","13650.5819698048","26770.0473019728","20469.1608061299","34404.9330806203"
"Q6UGQ3;G5E8B4;A0A0U1RPN9;Q9EST1","27","20","112.8885","0.446136690147098","0.323225517923827","1.31307881242968","0.101296654311684","STZ_3_meses","Control_1_mes","13028.1121","Secretoglobin family 2B member 2 OS=Mus musculus OX=10090 GN=Scgb2b2 PE=2 SV=1","23521.5413347588","127979.737936903","70009.695260695","64942.6730412392","97873.7928290183","128044.901508832","16182.8997678781","111460.03156528","37478.6170152396","65212.9823667765","63378.1616048463","145018.709353641"
"Q01320","16","7","85.8109","0.446949497071419","0.323225517923827","1.21127585428316","0.101096563357714","STZ_3_meses","Control_1_mes","173588.9291","DNA topoisomerase 2-alpha OS=Mus musculus OX=10090 GN=Top2a PE=1 SV=2","31156.9421593814","121998.399184159","55073.8840135949","76133.0672365631","98526.9200568156","77563.0455378056","21436.0812866354","106250.767841735","29482.9594501331","76449.9540706288","63801.0940548452","87844.9092848449"
"Q80Y61","5","3","25.4809","0.457334654167347","0.329340359326662","1.33517371421077","0.0985995850551418","Control_1_mes","STZ_3_meses","58516.1891","BAR/IMD domain-containing adapter protein 2-like 2 OS=Mus musculus OX=10090 GN=Baiap2l2 PE=1 SV=1","678.691395400066","494.897654623533","1163.72630404997","806.363048143492","380.376753833736","563.830426597993","466.941969013325","431.015949049042","622.983035387323","809.71935365841","246.312916648856","638.572561625298"
"P07744","6","1","51.7206","0.459757848294327","0.329694258857667","1.16745004143913","0.0980324808161879","Control_1_mes","STZ_3_meses","56625.623","Keratin_ type II cytoskeletal 4 OS=Mus musculus OX=10090 GN=Krt4 PE=1 SV=2","514.440375177916","651.167790749107","718.594175865151","566.645320554749","351.535889561495","695.765661194405","353.936713141813","567.114636122886","384.68837503642","569.003854739517","227.637018802915","787.997311958849"
"A2AL36;R4GML3;E9Q9E7","10","6","42.4822","0.466477685877985","0.33201163110757","1.29232569109338","0.0964895276696566","STZ_3_meses","Control_1_mes","269963.4156","Centriolin OS=Mus musculus OX=10090 GN=Cntrl PE=1 SV=2","8742.60926092693","12654.2936754179","17815.085718279","10122.4059317247","20626.7149969986","19925.5394085094","6014.94465714417","11020.8693597559","9537.03301011078","10164.5381783984","13356.8265688922","22566.8962539507"
"Q8K1H9","5","5","28.6418","0.469815708576808","0.33201163110757","1.20614521705966","0.0957389666281896","STZ_3_meses","Control_1_mes","20167.2155","Odorant-binding protein 2a OS=Mus musculus OX=10090 GN=Obp2a PE=1 SV=1","9076.68146148983","5683.10368672751","4616.38135174495","6451.81913488384","10393.818697385","6524.83271661227","6244.78745783491","4949.52503046778","2471.30898133587","6478.673386444","6730.51592314537","7389.77349477875"
"M0QW55","1","1","13.6948","0.470239028991696","0.33201163110757","1.38448515385686","0.0956445223830578","Control_1_mes","STZ_3_meses","4939.6321","RAB29_ member RAS oncogene family OS=Mus musculus OX=10090 GN=Rab29 PE=1 SV=1","139937.965031353","84126.9550068036","236026.364861184","120350.407233686","112697.536384686","99271.4630705549","96277.7919011929","73267.7938844679","126353.095827541","120851.338838192","72977.2747842159","112431.024433616"
"O70570","8","8","45.9715","0.470770753065495","0.33201163110757","1.11112181297064","0.0955261272749426","STZ_3_meses","Control_1_mes","86310.5057","Polymeric immunoglobulin receptor OS=Mus musculus OX=10090 GN=Pigr PE=1 SV=1","3212.0920717746","2083.80307637986","2708.35746826137","3173.44160421027","2549.0050778076","3171.2529966091","2209.93017859377","1814.82444341023","1449.87764787943","3186.65034384933","1650.60790108633","3591.63864537313"
"A0A1B0GRR9;D3YTP8;Q9CY46","1","1","5.34","0.474874412182733","0.33229289993194","1.14700236465636","0.0946211005233703","Control_1_mes","STZ_3_meses","11457.203","LSM4 homolog_ U6 small nuclear RNA and mRNA degradation associated OS=Mus musculus OX=10090 GN=Lsm4 PE=1 SV=1","4385.34309054498","4047.91473372733","5427.53916018546","4257.81233688743","2721.65300394302","5104.90118844912","3017.13083645476","3525.40731265799","2905.54987794682","4275.53452673812","1762.40604282655","5781.61389483904"
"A0A1B0GT39","1","1","4.4737","0.477689770448432","0.33229289993194","3.21965309436995","0.094009001809387","Control_1_mes","STZ_3_meses","8403.4742","Predicted gene_ 40193 OS=Mus musculus OX=10090 GN=Gm40193 PE=4 SV=1","0","107.781689881821","41.1051094576572","0","0","46.2431184278297","0","93.8691604628058","22.0049901516704","0","0","52.3731696605575"
"P01756;P01757;P06330;A0A075B5V1;A0A075B5V6","2","2","11.5697","0.478344129271802","0.33229289993194","1.15119845391509","0.0938677483023189","STZ_3_meses","Control_1_mes","13097.4831","Ig heavy chain V region MOPC 104E OS=Mus musculus OX=10090 PE=1 SV=1","3.19154212192237","804.847839298299","1462.18638823918","309.024404584837","1098.0031753079","1206.45281617736","2.19579174378796","700.957565780172","782.759065664425","310.310649429191","711.011810984665","1366.38185696162"
"G3UZJ4;P99029;P99029-2;A0A494BAZ4;H3BJQ7","5","4","30.2826","0.478957500681553","0.33229289993194","1.22909863585107","0.0937356872890583","Control_1_mes","STZ_3_meses","17538.3371","thioredoxin-dependent peroxiredoxin OS=Mus musculus OX=10090 GN=Prdx5 PE=1 SV=1","1375.71289917884","1871.24106273018","2764.54495454189","1673.93997131823","1347.95205182912","1869.08966140096","946.495114411955","1629.70007034225","1479.95675723014","1680.90737138736","872.866172925928","2116.85875164585"
"A0A0H2UH22;D3YUJ4;Q812E0","2","1","19.0882","0.481722915555731","0.332858416660217","1.47456837896508","0.0931443987310689","Control_1_mes","STZ_3_meses","108362.9959","Cytoplasmic polyadenylation element binding protein 2 OS=Mus musculus OX=10090 GN=Cpeb2 PE=1 SV=2","6475.33484693717","3469.8060477365","1950.12995391678","3319.58044449277","1968.46673532931","2778.90381294171","4455.05221363109","3021.92126535518","1043.9721727203","3333.39745431076","1274.68037417751","3147.27911554465"
"A0A3B2WCZ8;Q8R0C3","1","1","4.9842","0.484130552888222","0.333173154324303","1.23552978166909","0.0926350419111156","STZ_3_meses","Control_1_mes","102531.383","Solute carrier family 26_ member 8 OS=Mus musculus OX=10090 GN=Slc26a8 PE=1 SV=1","6819.34846778419","4804.4720253075","3162.10788320321","6322.55644075351","7838.29047806384","4107.60793972112","4691.73474500608","4184.30770548457","1692.78597591579","6348.87266531183","5075.68396263449","4652.11808459267"
"Q3UU35","52","41","332.4498","0.486460929787047","0.333432407754195","1.11198719065199","0.0921467883828963","STZ_3_meses","Control_1_mes","163709.1402","Alpha-2-macroglobulin-like protein 1 OS=Mus musculus OX=10090 GN=A2ml1 PE=1 SV=2","97493.5452561907","145254.591954228","123602.00047678","116161.374376301","157674.057608592","133541.228416865","67075.8879463627","126505.036384761","66168.4359707169","116644.87007013","102101.815155634","151243.636898559"
"Q66VB7","15","15","85.6238","0.489480170809344","0.334159863083868","1.16622532628167","0.0915210796983033","Control_1_mes","STZ_3_meses","10573.4122","Lacrein OS=Mus musculus OX=10090 GN=Gm1553 PE=1 SV=1","167465.018231036","199229.460676074","152956.135684502","79113.2720722259","241519.997058833","124950.103893806","115216.497341267","173512.794553752","81882.7222158885","79442.5633411779","156396.242159918","141513.661120145"
"Q9CQV3;A0A087WST6","18","16","127.2771","0.492741569517203","0.335046180294073","1.24202548080582","0.0908537833253902","STZ_3_meses","Control_1_mes","43767.4408","Serpin B11 OS=Mus musculus OX=10090 GN=Serpinb11 PE=2 SV=1","2957.6119884581","5841.54165921045","2297.3051510607","2953.97902336978","5265.71345139837","5562.39209996554","2034.84702300368","5087.51172819639","1229.82709184966","2966.27429918868","3409.8120491821","6299.75042934648"
"A8R0V5","3","2","15.044","0.501878408821782","0.33990469367003","1.29686852996111","0.0890307412664268","Control_1_mes","STZ_3_meses","12275.209","Exocrine gland secreted peptide 23 OS=Mus musculus OX=10090 GN=Esp23 PE=2 SV=1","23.0336013137303","1758.60472618597","94.0466760593455","186.087789827159","646.766846457344","613.463907365632","15.8471953877671","1531.60290411111","50.3464461666266","186.862338557651","418.813785903238","694.785524709621"
"E9Q1Z0;Q9DCV7","20","4","148.9558","0.50593719072831","0.340624981508047","1.19380206792111","0.0882422812825904","STZ_3_meses","Control_1_mes","58623.5718","Keratin 90 OS=Mus musculus OX=10090 GN=Krt90 PE=1 SV=1","8876.84321253952","9409.11408709509","19388.0647003299","11067.7598251052","14519.5275361118","19388.038009246","6107.29806857571","8194.57962686244","10379.1031922732","11113.8268955448","9402.11813613168","21958.1429316516"
"P15864;P43277","1","1","5.6778","0.507760474029673","0.340624981508047","1.63157293076614","0.0878922708517018","STZ_3_meses","Control_1_mes","21266.6702","Histone H1.2 OS=Mus musculus OX=10090 GN=H1-2 PE=1 SV=2","347.578861522407","540.216423193463","782.252308071829","1741.63662616089","503.329183990903","479.838635331764","239.135428983909","470.484942006306","418.766780148676","1748.88579838775","325.930746539465","543.446703256865"
"P02762;A2AKN9;A2BIM8;A2BIN1;A2CEK7;A2CEL1;A9R9W0;P04938;P11588;P11589;Q4FZE8;A2AKN8;B8JI96;Q58EV3;A2CEL0;A9C496;A9C497;B5X0G2;E9PVW0;E9QA79;L7MUC7;A2CEK6;A2BIN0;L7N222","11","8","89.8253","0.508929337125133","0.340624981508047","1.1922162009096","0.0876692363058703","Control_1_mes","STZ_3_meses","20934.5736","Major urinary protein 6 OS=Mus musculus OX=10090 GN=Mup6 PE=1 SV=2","5194.02831290497","8845.94362106919","7281.72664040077","4752.03152197101","9808.27230286003","3323.78343896183","3573.50899683819","7704.10356454367","3898.1607182979","4771.8107884453","6351.34543279594","3764.38873246354"
"A0A087WPA9","3","1","41.0248","0.516691426820098","0.344469266556069","1.07137824014043","0.0862144259352819","STZ_3_meses","Control_1_mes","12795.5744","ABPBG18 OS=Mus musculus OX=10090 GN=Scgb2b18 PE=3 SV=1","5331.59939825644","4766.60339519885","5829.4515082816","5730.45237068527","6386.68763871627","4947.40222595856","3668.15836753701","4151.32718235422","3120.70749164447","5754.30409471824","4135.69873595645","5603.23665376363"
"A0A0J9YV20;A0A0R4J0B7;Q80UZ2;Q80UZ2-2;Q80UZ2-3;A0A0J9YU58","5","2","29.5897","0.52027409202753","0.345508126565702","1.1775444371076","0.0855580748850846","STZ_3_meses","Control_1_mes","79801.1831","Protein SDA1 OS=Mus musculus OX=10090 GN=Sdad1 PE=1 SV=1","6353.57412385435","6356.29705547059","3051.94806866009","7956.64035639261","5044.63750845319","5558.96470931445","4371.28042549568","5535.82216889944","1633.81360809792","7989.75808911841","3266.65435156022","6295.86869908768"
"P45376","3","2","15.3355","0.524176087659102","0.345647386604762","1.42202289508479","0.0848538478700885","STZ_3_meses","Control_1_mes","36074.4534","Aldo-keto reductase family 1 member B1 OS=Mus musculus OX=10090 GN=Akr1b1 PE=1 SV=3","314.43565916823","698.582513052819","423.166966189145","867.906344065664","298.371098690875","876.010705643273","216.332793984324","608.409035766339","226.535947631925","871.518809760523","193.21016550448","992.135886828709"
"P20029","27","14","159.6384","0.525742254839646","0.345647386604762","1.19661219031764","0.0845742624506293","STZ_3_meses","Control_1_mes","72536.2072","Endoplasmic reticulum chaperone BiP OS=Mus musculus OX=10090 GN=Hspa5 PE=1 SV=3","41429.3552198285","32997.1262555955","28524.8226559961","56105.9796274794","38285.101950048","28801.7039552286","28503.5361173187","28737.8361082868","15270.3264850791","56339.5081966235","24791.5127054191","32619.6973526885"
"A0A5F8MPN8;P14152","2","2","11.4787","0.526559479300315","0.345647386604762","1.1699727685541","0.0844290678210006","Control_1_mes","STZ_3_meses","39114.0452","Malate dehydrogenase OS=Mus musculus OX=10090 GN=Mdh1 PE=1 SV=1","1038.07379181859","1490.78615960578","1644.05257717616","1568.79855926412","713.873293377201","1284.00306557714","714.198269814776","1298.35452928232","880.118341659117","1575.32833176346","462.26855673289","1454.21227383483"
"Q14C51;A0A0U1RP36;A0A0U1RQ61","5","5","17.9806","0.533975364862676","0.349172396702714","1.19939186192564","0.0831329106325717","STZ_3_meses","Control_1_mes","78366.5906","Small ribosomal subunit protein mS39 OS=Mus musculus OX=10090 GN=Ptcd3 PE=1 SV=2","19263.1342465424","12104.6068493708","10136.0865647946","18349.6225076278","20481.1904786361","10948.5401487533","13253.1013291342","10542.1364605493","5426.19854265424","18425.9986999159","13262.5921862689","12399.8936542522"
"B1AZS9;O08807","3","2","16.0775","0.544134334168798","0.354457384816036","1.49708411471306","0.081418277682044","Control_1_mes","STZ_3_meses","26562.0169","thioredoxin-dependent peroxiredoxin (Fragment) OS=Mus musculus OX=10090 GN=Prdx4 PE=1 SV=1","634.225246162107","191.476023408025","200.052041707099","348.278309788575","112.399378923056","224.489765271966","436.349108369536","166.760175923902","107.094793461649","349.727940218145","72.7842029593616","254.248436597038"
"A0A5H1ZRK8;P01837","3","2","16.2488","0.548335027334388","0.355018818209798","1.49581814174546","0.0807292510219529","Control_1_mes","STZ_3_meses","11948.9751","Immunoglobulin kappa constant (Fragment) OS=Mus musculus OX=10090 GN=Igkc PE=1 SV=1","11.3517515256556","335.054803589705","2340.36516713892","824.868326746118","452.737719580872","518.582706350591","7.81004333496099","291.805715390817","1252.8786112893","828.301656336943","293.170250450321","587.326741493831"
"P02535;P02535-2;A2A513;P02535-3;A6BLY7;B1AQ75;B1ATJ5;Q62168;Q8VCW2;Q9Z320","50","29","249.7874","0.54956725622211","0.355018818209798","1.10495888793618","0.0805293002266758","STZ_3_meses","Control_1_mes","57941.0077","Keratin_ type I cytoskeletal 10 OS=Mus musculus OX=10090 GN=Krt10 PE=1 SV=3","98294.9359800383","71435.8062329585","162526.264816218","128397.799783808","121804.277543559","116928.255668638","67627.247467168","62214.8267059458","87005.944123631","128932.226856712","78874.3438174843","132428.425686819"
"Q06890;E9PUU2;E9PXG5;E9Q8Y5;E9Q9B8;E9Q2G2","17","17","125.0581","0.551236615865813","0.355018818209798","1.1702089797884","0.0802599704095444","Control_1_mes","STZ_3_meses","52283.0131","Clusterin OS=Mus musculus OX=10090 GN=Clu PE=1 SV=1","156084.620456644","241495.348872497","138843.817256054","109525.902951826","204438.326216272","144435.762500221","107386.745290562","210322.974887381","74327.9089059974","109981.779982588","132384.011109025","163582.365369279"
"P08071;A0A0G2JDN0;A0A0G2JFM6;A0A0G2JGN1","25","15","144.8557","0.558250848550927","0.358184629455909","1.17777128383878","0.0791475792075956","STZ_3_meses","Control_1_mes","79719.739","Lactotransferrin OS=Mus musculus OX=10090 GN=Ltf PE=1 SV=4","8896.58840580694","16965.9670714336","4156.82674264108","8524.66925492643","16061.0124896702","10770.2845925604","6120.88282813701","14775.9891979917","2225.29346694095","8560.15128067034","10400.3065139821","12198.0082969315"
"P02301;A0A1W2P768;A0A8I4SYN6;E0CZ27;F8WI35;P68433;P84228;P84244","2","1","6.1743","0.563475804239005","0.360182991507267","1.1808785907345","0.0783387977883506","Control_1_mes","STZ_3_meses","15371.9562","Histone H3.3C OS=Mus musculus OX=10090 GN=H3-5 PE=3 SV=3","192.716019762047","496.4101197371","784.172754680955","976.067084935619","180.185077161199","91.3772773222868","132.589271557004","432.333184199053","419.794861797848","980.129745479951","116.678822890354","103.490374590305"
"REVERSE10617","2","1","9.5886","0.570431027864247","0.363268329177059","1.40143447561138","0.0772878059521374","Control_1_mes","STZ_3_meses","19069.561","Reversed Sequence 10617","733.610106747226","1248.55008973113","2460.86841533832","1187.74568057169","1005.34505403939","977.25271642925","504.726227640917","1087.38644613319","1317.38817773635","1192.68940584184","651.011056809176","1106.79867748685"
"P40142;A0A286YE28","34","29","255.5312","0.572729347826881","0.363376090317116","1.09414280804248","0.0769468201820169","STZ_3_meses","Control_1_mes","68314.9178","Transketolase OS=Mus musculus OX=10090 GN=Tkt PE=1 SV=1","14940.5742403992","20026.1225009472","25243.739833891","18895.1427378954","21860.2948204058","25123.3785895925","10279.1654664922","17441.1378087539","13513.8490996676","18973.7895359132","14155.6310204267","28453.768129255"
"E9Q7N9","7","4","39.7856","0.584627084326136","0.369203372817258","1.19640020706865","0.0752303783704773","Control_1_mes","STZ_3_meses","520367.9891","Dynein axonemal heavy chain 11 OS=Mus musculus OX=10090 GN=Dnah11 PE=1 SV=2","3296.25435579545","4235.50134894154","1997.71473282757","2392.50120527472","2478.25511605438","3094.36302691401","2267.83411384875","3688.78012768366","1069.44595457168","2402.45945548","1604.79377270811","3504.5560357883"
"P02816;A0A0N4SV85","59","51","196.1529","0.586240422476976","0.369203372817258","1.08134300569279","0.0750037918395198","Control_1_mes","STZ_3_meses","17108.5903","Prolactin-inducible protein homolog OS=Mus musculus OX=10090 GN=Pip PE=2 SV=3","347411.812754152","476319.758573636","452198.356735075","394209.980699278","448980.299132162","336759.02519542","239020.498867955","414836.099695398","242077.457470515","395850.791417605","290737.133335592","381400.263669706"
"Q7SIG6;D3YX85;E9PX52","5","3","28.9227","0.59017813575112","0.369567220312017","1.08339939587487","0.0744568013672516","STZ_3_meses","Control_1_mes","108059.5925","Arf-GAP with SH3 domain_ ANK repeat and PH domain-containing protein 2 OS=Mus musculus OX=10090 GN=Asap2 PE=1 SV=3","3899.98441311017","10685.7441088702","1933.78191601171","4363.51623744181","6605.97893756194","6927.73245366551","2683.20242944215","9306.42142946395","1035.22050126518","4381.67839609464","4277.70078752767","7846.08217382719"
"Q8BND5;Q8BND5-2;Q8BND5-4","41","9","279.2434","0.593314300466912","0.369567220312017","1.0922082715013","0.0740272230099203","STZ_3_meses","Control_1_mes","83583.8048","Sulfhydryl oxidase 1 OS=Mus musculus OX=10090 GN=Qsox1 PE=1 SV=1","27124.3769144885","16163.1178404426","11482.8186930904","22073.5962266726","19457.68326448","18289.3098894955","18661.6627977801","14076.7722588811","6147.15094032673","22165.472625176","12599.8202250777","20713.765904693"
"Q8BND5-3","31","2","281.5185","0.59331430053283","0.369567220312017","1.0922082715013","0.0740272230009473","STZ_3_meses","Control_1_mes","64077.8522","Isoform 3 of Sulfhydryl oxidase 1 OS=Mus musculus OX=10090 GN=Qsox1","25139.2163837591","14980.1825165629","10642.4219340087","20458.0888128584","18033.6275172143","16950.7642616506","17295.8656574171","13046.5309826854","5697.2574197624","20543.2410237209","11677.6731142347","19197.7808316939"
"P10078;P10078-2;A0A140LIA3;A0A140LJ19","6","5","31.1472","0.598465267333349","0.371420137894629","1.10474818102046","0.0733331659687041","Control_1_mes","STZ_3_meses","95761.5109","Zinc finger protein 28 OS=Mus musculus OX=10090 GN=Zfp28 PE=2 SV=3","11840.1955610964","14125.9456257841","17621.160432273","10238.7309062373","11680.7862390994","17534.9959898572","8146.09447868749","12302.559535757","9433.21808138231","10281.3473295537","7563.89158461032","19859.4591194634"
"P63017;Q504P4;D3Z5E2","8","2","51.569","0.602453891519833","0.372540867928738","1.07451691180435","0.0728054003591411","STZ_3_meses","Control_1_mes","71099.2839","Heat shock cognate 71 kDa protein OS=Mus musculus OX=10090 GN=Hspa8 PE=1 SV=1","202.270651707215","475.014495338328","1155.54658961866","592.059545708662","541.683342080501","835.665809748255","139.162890559561","413.699320672767","618.604150672517","594.523860911345","350.766976538919","946.442816173343"
"P70694;A0A1Y7VP26","3","1","16.3057","0.611808798755282","0.375244620773789","1.35196028835133","0.0715999706754329","STZ_3_meses","Control_1_mes","37446.9161","Estradiol 17 beta-dehydrogenase 5 OS=Mus musculus OX=10090 GN=Akr1c6 PE=1 SV=1","207.735846881707","1004.31174331204","501.2442143413","893.420076647606","287.648643447187","1135.23376199439","142.922963271718","874.674541575724","268.333405401196","897.138737537753","186.266841029231","1285.72190723071"
"F6TZH1","8","7","51.0576","0.613752151061786","0.375244620773789","1.14768259983987","0.0713551531296253","STZ_3_meses","Control_1_mes","18544.9769","Predicted gene 1330 OS=Mus musculus OX=10090 GN=Gm1330 PE=4 SV=1","42730.245065772","20261.7031614846","11523.2873993491","40836.804016086","24043.9933184859","20639.042017051","29398.5527187539","17646.3095670569","6168.81524178275","41006.7780629454","15569.6846941139","23374.9817473354"
"A0A1B0GT69","3","2","10.4617","0.613998706718942","0.375244620773789","1.24581369018701","0.0713242284869359","Control_1_mes","STZ_3_meses","13981.7834","Collagen_ type IV_ alpha 1 (Fragment) OS=Mus musculus OX=10090 GN=Col4a1 PE=4 SV=1","18204.422796606","44995.9347064916","24003.2538307767","20366.3359117913","21035.8557546183","28595.1217527295","12524.7042809311","39187.830695258","12849.7739362154","20451.1062217612","13621.7656123893","32385.7303299579"
"Q9JKR6;F6TRP3;A0A1L1SQ34;E0CYZ2","18","15","91.2976","0.615620844770958","0.375244620773789","1.09895440882398","0.0711215275185544","Control_1_mes","STZ_3_meses","111409.387","Hypoxia up-regulated protein 1 OS=Mus musculus OX=10090 GN=Hyou1 PE=1 SV=1","82258.2853513256","64426.9438862601","100240.069489065","76629.4274634563","86383.7282561505","61677.9658992535","56593.977748851","56110.6727906998","53661.984386195","76948.3802857524","55937.7718099857","69854.0816921998"
"Q924W7;Q924W7-2","4","3","20.3652","0.618693564729529","0.375775506579904","1.22803250238158","0.0707411511920073","STZ_3_meses","Control_1_mes","128058.9696","DENN domain-containing protein 2B OS=Mus musculus OX=10090 GN=Dennd2b PE=1 SV=1","3180.96190861935","2236.35668443791","1821.21875074347","4600.93360943733","2208.31690170581","2079.908616747","2188.51252135229","1947.68633423494","974.961536483196","4620.08396470557","1429.99531769988","2355.62415699435"
"O54827","8","2","38.4857","0.623676951615355","0.377458992583781","1.20044417711872","0.0701341245597751","STZ_3_meses","Control_1_mes","170955.0129","Phospholipid-transporting ATPase VA OS=Mus musculus OX=10090 GN=Atp10a PE=1 SV=4","1451.01705417851","950.593493893914","2376.59830685194","2822.0922842197","1213.7882420206","1700.09247071075","998.30462702513","827.890278126706","1272.27546713201","2833.8386110373","785.988415624532","1925.45906146299"
"B2RQ06;Q9JKD9;Q9JKD9-2","2","2","11.0093","0.626316766804475","0.377717227008476","1.11181722213303","0.0698174571794773","STZ_3_meses","Control_1_mes","51597.8792","Zinc finger and BTB domain-containing protein 32 OS=Mus musculus OX=10090 GN=Zbtb32 PE=1 SV=1","1720.00825692605","1568.25610276355","858.47774400557","1948.22770710351","1356.99440856909","1305.19717095984","1183.37148172447","1365.82460266208","459.572898637586","1956.33676841618","878.721549837249","1478.21589890921"
"Q8VE42","2","2","10.78","0.628760554368304","0.377855839398486","1.14028736936155","0.069527288316996","STZ_3_meses","Control_1_mes","27225.2111","Ankyrin repeat domain-containing protein 49 OS=Mus musculus OX=10090 GN=Ankrd49 PE=1 SV=1","3460.16246036248","1863.44509738639","1602.56668247903","2826.17180971015","1775.8451929741","3295.81200144495","2380.60344259301","1622.91041318786","857.909503967441","2837.93511663855","1149.94831989522","3732.70936280754"
"P62259;D6REF3;F6WA09","5","2","37.2307","0.63615320184401","0.380957078416884","1.07308424930978","0.0686667237142921","STZ_3_meses","Control_1_mes","29345.0493","14-3-3 protein epsilon OS=Mus musculus OX=10090 GN=Ywhae PE=1 SV=1","15621.385557524","13497.5795562663","16855.960595663","19974.522502191","14101.894740157","15258.5513996534","10747.5659488019","11755.3033601151","9023.58008039344","20057.6619766328","9131.68007433362","17281.2459106878"
"Q8R1S0;D3YW66;D6RG57;F6ZE40","2","1","5.992","0.647849667852244","0.386604938471084","1.03558945220843","0.0673567830731644","STZ_3_meses","Control_1_mes","51677.8469","Ubiquinone biosynthesis monooxygenase COQ6_ mitochondrial OS=Mus musculus OX=10090 GN=Coq6 PE=1 SV=3","0","276.420245563526","183.085144599272","389.937264996253","28.6401787217835","57.281491567475","0","240.739743591153","98.0118252202739","391.560291492807","18.5459439442783","64.8748046902415"
"Q9EPK6;A0A494B9H1;A0A494B9B2;A0A494B9L8","18","14","121.9037","0.651564091380284","0.387466745602716","1.11333265097037","0.0669536965849268","Control_1_mes","STZ_3_meses","52772.1901","Nucleotide exchange factor SIL1 OS=Mus musculus OX=10090 GN=Sil1 PE=1 SV=2","3530.25495630326","2914.88442730659","2097.22947632762","2949.91057684061","1705.51670599828","3017.36382096286","2428.82731619664","2538.62928237059","1122.71964680988","2962.1889186624","1104.40711745337","3417.34970943941"
"A2RTS9;J3QMJ1;Q6XQH0;Q3ULK5;A0A087WRM6","4","3","22.9852","0.658938396273155","0.390491438904795","1.08127450490574","0.0661714392480671","STZ_3_meses","Control_1_mes","47340.332","Galactose-3-O-sulfotransferase 2 OS=Mus musculus OX=10090 GN=Gal3st2 PE=2 SV=1","343.995398113817","2218.48531963495","793.112923500477","663.310217488795","1663.81583950592","1301.19179611191","236.669994073086","1932.12181662329","424.580844110595","666.071097648401","1077.40372687023","1473.67956607533"
"O09131;A0A494BAB1;A0A494B9X6;A0A494BAY2;A0A494BB82;Q8K2Q2","24","20","174.6448","0.661946526581337","0.390916727925384","1.1830545181536","0.0658591131546089","Control_1_mes","STZ_3_meses","27725.7866","Glutathione S-transferase omega-1 OS=Mus musculus OX=10090 GN=Gsto1 PE=1 SV=2","16523.3464792756","20663.9076076184","36556.7829660104","25927.3429146843","17124.9936683769","19281.2549136327","11368.1181049515","17996.5972062133","19570.1132963157","26035.2596703095","11089.2873855663","21837.2045223581"
"REVERSE2193","3","1","25.1764","0.667546337895923","0.391687348691894","1.06902925834094","0.0652879813406996","STZ_3_meses","Control_1_mes","40797.2997","Reversed Sequence 2193","25075.5956314493","21634.6159916723","60522.0396555582","33963.7209878942","32269.4120029557","48401.2810638267","17252.0943652584","18842.0059316216","32399.5460455214","34105.0873666256","20896.0534756177","54817.4212969724"
"P08730;P08730-2","26","10","217.5342","0.670088594614775","0.391687348691894","1.15759331633462","0.0650330585295548","Control_1_mes","STZ_3_meses","48096.3274","Keratin_ type I cytoskeletal 13 OS=Mus musculus OX=10090 GN=Krt13 PE=1 SV=2","33323.4116631873","36248.2098617661","65713.2813695572","35717.7070974839","44039.3784313054","37110.2987118817","22926.6196119638","31569.2677646306","35178.5977084092","35866.3740503998","28517.693679985","42029.6908311806"
"Q149S1;A0A3Q4EH78;A0AAA9WUT0;A0AAA9WW41","4","4","20.3866","0.672592063544413","0.391687348691894","1.0510445123285","0.0647846604864449","Control_1_mes","STZ_3_meses","52672.8114","Tektin-4 OS=Mus musculus OX=10090 GN=Tekt4 PE=1 SV=2","2473.93944606052","3013.73298144825","2546.60195113594","3148.34124167449","2143.79313918943","2351.95136850689","1702.0786825834","2624.71840196422","1363.28431171546","3161.44550667845","1388.2129638142","2663.72926921946"
"Q52KB6;E9Q526;Q52KB6-2;Q52KB6-3;D3Z640;D3Z4D9;V9GXB2","6","4","31.902","0.674800421841818","0.391687348691894","1.09498371470016","0.0645676989401565","STZ_3_meses","Control_1_mes","257513.1082","C2 domain-containing protein 3 OS=Mus musculus OX=10090 GN=C2cd3 PE=1 SV=3","12541.9818220752","8770.07559343254","12036.9558479199","13957.4485769414","13628.7760803188","8930.40176751281","8628.92579310953","7638.02863040569","6443.79977049856","14015.5433293496","8825.31214871457","10114.2280799431"
"Q99KW3;Q99KW3-2;Q99KW3-4;Q99KW3-5;A0A2R8VI64","58","38","338.328","0.676174897210451","0.391687348691894","1.10913710069983","0.0644336765587554","STZ_3_meses","Control_1_mes","225306.726","TRIO and F-actin-binding protein OS=Mus musculus OX=10090 GN=Triobp PE=1 SV=3","63858.1413100965","75611.9448257049","63034.3999479833","96942.6294177324","73263.8174742349","54398.7916817112","43934.6165915229","65851.9066599459","33744.4996102166","97346.1313918054","47441.9753179662","61609.9701520345"
"Q9QWL7","36","11","329.1176","0.677510274692946","0.391687348691894","1.05099329943606","0.0643042079019228","Control_1_mes","STZ_3_meses","48447.0528","Keratin_ type I cytoskeletal 17 OS=Mus musculus OX=10090 GN=Krt17 PE=1 SV=3","33341.2201974347","28090.719680484","38182.5165587928","30064.5423007154","30623.4853011008","34093.2202806992","22938.8719435878","24464.7516298387","20440.4248505343","30189.6792218078","19830.2338574679","38612.6643431824"
"P11590;Q3KQQ2;Q5FW60;Q80YX8","62","51","439.7535","0.680090384518386","0.391687348691894","1.08543999709596","0.0640561178660197","STZ_3_meses","Control_1_mes","20826.8606","Major urinary protein 4 OS=Mus musculus OX=10090 GN=Mup4 PE=1 SV=1","162142.181333368","430213.040943955","353795.879532426","281270.685347487","433669.301168185","312050.262685044","111554.367603687","374680.866646637","189399.199942097","282441.411553989","280822.49862855","353416.073696056"
"A0A1B0GSR9;A0A1B0GSX0;P06151;D3YZQ9;A0A1B0GQX5;A0A1B0GSL7;A0A1B0GT41;A0A1B0GRC1;A0A1B0GRE9;A0A1B0GRS2;A0A1B0GRW9;A0A1B0GS79;A0A1B0GSR2;D3YVR7;D3YZE4;P00342","10","8","63.0845","0.682493299135076","0.391687348691894","1.05858635182989","0.0638274913791964","STZ_3_meses","Control_1_mes","34941.5771","L-lactate dehydrogenase OS=Mus musculus OX=10090 GN=Ldha PE=1 SV=1","2115.25042020414","3680.67858653565","3461.48147395576","3647.30086067757","3206.59548085808","2945.87204661568","1455.2994230672","3205.57424206616","1853.0510379263","3662.48193329919","2076.43047963028","3336.38088738511"
"A0A0A6YW67;E9Q5F6;E9Q9J0;P0CG49;P0CG50;P62983;P62984;Q5SX22;E9Q4P0;E9QNP0","2","2","23.767","0.683906321896565","0.391687348691894","1.20233793169292","0.0636941340620251","Control_1_mes","STZ_3_meses","8728.0311","Predicted pseudogene 8797 OS=Mus musculus OX=10090 GN=Gm8797 PE=3 SV=1","3684.62005796184","6011.97622216247","9310.83409516041","5152.40580377687","4279.09316189518","6377.2265800003","2535.03102675483","5235.94648882868","4984.41228526336","5173.85153849168","2770.92621117242","7222.60048615514"
"P08113","19","9","107.6025","0.694443041533231","0.39639177303888","1.07345000322221","0.0627247072388043","Control_1_mes","STZ_3_meses","92761.0585","Endoplasmin OS=Mus musculus OX=10090 GN=Hsp90b1 PE=1 SV=2","41244.8300305974","46925.3191401111","62503.2004884874","41619.8637333668","54442.6735084375","44301.1026174482","28376.5821647917","40868.1689530126","33460.130123576","41793.0970908477","35254.3460315826","50173.7175695544"
"O55229;F6RRT7","4","3","19.4639","0.697694950133785","0.396505133128774","1.05254158086636","0.0624342929045132","STZ_3_meses","Control_1_mes","45468.3844","Choline/ethanolamine kinase OS=Mus musculus OX=10090 GN=Chkb PE=1 SV=3","9110.71996132887","4295.54764102915","9263.29203251955","7796.96186596861","7443.55400777774","8620.13826189187","6268.20606052359","3741.07560600978","4958.96137091219","7829.41497275545","4820.07241349565","9762.83561827935"
"Q9D3H2","69","58","212.2351","0.70085767987731","0.396505133128774","1.10804499935649","0.0621557513056292","STZ_3_meses","Control_1_mes","18754.2527","Odorant-binding protein 1a OS=Mus musculus OX=10090 GN=Obp1a PE=1 SV=2","517227.039306508","434010.205855283","387550.566682575","650377.313269722","476703.442183033","356356.384660815","355853.947460684","377987.891084239","207469.25420328","653084.363113252","308689.250952428","403595.47599696"
"P33173;A0A087WQE8;E9Q9G6;E9QAN4;G3UW47;Q6TA13;A0A5F8MPF0;Q60575;Q60575-2","5","3","31.6995","0.702246202437875","0.396505133128774","1.10250591476218","0.06203467292404","STZ_3_meses","Control_1_mes","193264.9301","Kinesin-like protein KIF1A OS=Mus musculus OX=10090 GN=Kif1a PE=1 SV=2","2310.51022218304","2280.04196631455","1763.3099890506","1644.71988398744","2895.92945407217","2464.52129427093","1589.63882536864","1985.73269200533","943.960968729942","1651.56566199008","1875.25873506359","2791.22161880911"
"A2AJD1","19","5","136.4511","0.703934503029273","0.396505133128774","2.25507387022555","0.0618884420596616","STZ_3_meses","Control_1_mes","62688.3485","BPI fold containing family B_ member 9B OS=Mus musculus OX=10090 GN=Bpifb9b PE=1 SV=1","915.75322319683","2475.30529398268","1635.29653766249","487.410974202434","8140.32005192772","2707.07092052013","630.04130606042","2155.79130453477","875.430930147307","489.439713173688","5271.26317325349","3065.92395633592"
"Q6P5G3;A2ABG6;Q5NC75;Q6P5G3-2;Q5NC76","6","5","30.3017","0.70726089909277","0.397068335429858","1.07238230578649","0.061603483143064","STZ_3_meses","Control_1_mes","71810.0766","MBT domain-containing protein 1 OS=Mus musculus OX=10090 GN=Mbtd1 PE=1 SV=1","26584.3598618245","18688.2863153534","29588.7388234192","26441.3476833086","32436.173815759","21402.5031622427","18290.129244267","16275.9903730796","15839.8776940465","26551.4038686158","21004.040065448","24239.6483495406"
"Q3UV17","24","15","182.5517","0.711558332660079","0.397295882945974","1.05221611650045","0.0612414833705894","STZ_3_meses","Control_1_mes","63357.9783","Keratin_ type II cytoskeletal 2 oral OS=Mus musculus OX=10090 GN=Krt76 PE=1 SV=1","51345.6156796508","43981.6170449677","69651.4129896589","66243.1806337336","57501.0809640536","49848.9283011936","35325.9567575995","38304.4418057884","37286.8160943884","66518.903030734","37234.8173750619","56456.9706385588"
"Q9R0H5","17","5","117.2799","0.71232190706058","0.397295882945974","1.05871168665518","0.0611778820280836","Control_1_mes","STZ_3_meses","57895.84","Keratin_ type II cytoskeletal 71 OS=Mus musculus OX=10090 GN=Krt71 PE=1 SV=1","5100.34308687554","4835.85311673826","21041.8567900209","10634.1309529578","9128.16592777516","9497.84389612454","3509.05324536391","4211.6381055761","11264.4354326373","10678.3931403757","5910.94263953834","10756.891115757"
"P17879;Q61696","19","9","127.3413","0.720987754226586","0.400819371771129","1.33589864602133","0.0604710954127254","STZ_3_meses","Control_1_mes","70461.5006","Heat shock 70 kDa protein 1B OS=Mus musculus OX=10090 GN=Hspa1b PE=1 SV=3","12660.0480928139","10228.9785772943","1809.44877433394","2893.1539789097","19000.7923318677","11100.7135942439","8710.15578557212","8908.61548464728","968.660660061889","2905.19608410944","12303.960562078","12572.2394204867"
"P08228","5","5","33.0613","0.738892561829801","0.409439528347641","1.56147988190144","0.0590962684044408","STZ_3_meses","Control_1_mes","16113.7799","Superoxide dismutase [Cu-Zn] OS=Mus musculus OX=10090 GN=Sod1 PE=1 SV=2","5444.85099170883","4368.69314138609","1030.22031952695","12382.2068915689","1571.56778380982","2978.54536146832","3746.07584578849","3804.77943842943","551.512653398814","12433.7450534089","1017.66851060193","3373.38542168831"
"E9PY58;Q60649;Q8CCN6","1","1","4.4527","0.742463961496239","0.410087081946156","1.20454849661498","0.058835479427344","STZ_3_meses","Control_1_mes","79966.0221","Mitochondrial disaggregase OS=Mus musculus OX=10090 GN=Clpb PE=1 SV=1","682.257544403713","1266.04128512766","801.812313008685","1738.00561012136","595.857167326012","978.779464823343","469.395491555152","1102.61986684836","429.237928910499","1745.23966905752","385.847229913392","1108.52781374304"
"Q60997;A0A140LI59;A0A1D5RM72;E9QPG8;Q60997-2;Q60997-3;Q60997-4;A0A140LHB2","14","11","80.1533","0.749450780468212","0.412610820035654","1.00552515945068","0.0583379275537268","Control_1_mes","STZ_3_meses","232233.1624","Scavenger receptor cysteine-rich domain-containing protein DMBT1 OS=Mus musculus OX=10090 GN=Dmbt1 PE=1 SV=2","2342.41028506829","10082.3942887364","4234.99720625813","6013.82870494149","6500.96686029761","4053.46393924113","1611.58617622094","8780.9523897463","2267.14082618023","6038.85991947276","4209.70023078061","4590.79668111367"
"Q45VK7;Q45VK7-2;D3Z025;Q45VK7-3","8","6","47.9711","0.753568595399311","0.413543874354871","1.04327545106242","0.0580524298217586","STZ_3_meses","Control_1_mes","495761.6297","Cytoplasmic dynein 2 heavy chain 1 OS=Mus musculus OX=10090 GN=Dync2h1 PE=1 SV=1","56022.5856721465","69117.1318319642","47442.2441302115","51168.1462751196","69075.2167859287","59807.1608082365","38543.7278861474","60195.4482786213","25397.4780418441","51381.1222193009","44729.6474961008","67735.2801112342"
"P63101;A0A2I3BQ03;D3YXN6;D3YXF4","7","2","46.5998","0.766951498720284","0.4171074346283","1.11865875023062","0.0571634995991495","STZ_3_meses","Control_1_mes","27942.2773","14-3-3 protein zeta/delta OS=Mus musculus OX=10090 GN=Ywhaz PE=1 SV=1","3688.63806536954","2710.79880471523","4628.65341232667","5752.86062054747","2649.85457488304","3933.9544973223","2537.79542940259","2360.88716238541","2477.87864082114","5776.80561389973","1715.91297958247","4455.44490358549"
"REVERSE175","2","1","17.11","0.7682040504289","0.4171074346283","1.02193220186903","0.0570833071994535","STZ_3_meses","Control_1_mes","53020.3235","Reversed Sequence 175","20184.393365733","12936.612108548","8411.10028450381","13017.5239925309","15686.0558189175","13739.4164748838","13886.9307102076","11266.7459490926","4502.75358385501","13071.7065194551","10157.5033714157","15560.7323757625"
"P70227","5","3","23.834","0.770084201891825","0.4171074346283","2.46106681697544","0.0569638881127099","Control_1_mes","STZ_3_meses","307126.8071","Inositol 1_4_5-trisphosphate-gated calcium channel ITPR3 OS=Mus musculus OX=10090 GN=Itpr3 PE=1 SV=3","1.88373383865594","93.0392316152211","20.5910216052711","21.9858434270942","1.99744755242815","22.9532595693614","1.2960152341412","81.0296681319559","11.0230877283899","22.0773545742312","1.29344689845781","25.9959751539057"
"P05064;A6ZI44;A0A0U1RPN8;A0A0U1RPT5;A6ZI47;D3YV98;D3YWI1;D3Z510","6","6","31.8022","0.771763426683394","0.4171074346283","1.12952355142758","0.056858196098593","STZ_3_meses","Control_1_mes","39812.1919","Fructose-bisphosphate aldolase A OS=Mus musculus OX=10090 GN=Aldoa PE=1 SV=2","2590.34166232903","2919.16102970839","6313.09367595294","2972.96469494637","7131.3875012509","3249.54884047003","1782.16379995827","2542.35385820095","3379.61791122389","2985.33899436928","4617.92903347112","3680.31349373235"
"Q99M73","7","1","57.7342","0.773886954590176","0.4171074346283","220.119430186761","0.0567258378977678","Control_1_mes","STZ_3_meses","65838.4797","Keratin_ type II cuticular Hb4 OS=Mus musculus OX=10090 GN=Krt84 PE=2 SV=2","0","2531.39867491065","0","1.78390521785139","5.56343268210572","4.15277670947505","0","2204.64411600027","0","1.79133032362049","3.60260009766004","4.70327448844491"
"Q497I4","9","4","62.384","0.777134543365573","0.4171074346283","1.07354761175477","0.0565262091712214","STZ_3_meses","Control_1_mes","51841.451","Keratin_ type I cuticular Ha5 OS=Mus musculus OX=10090 GN=Krt35 PE=1 SV=1","3468.09031857142","5396.65867927123","3038.23197914522","5549.99168379419","3079.90607625008","4148.5190405635","2386.05783577852","4700.05452765634","1626.47090986219","5573.09228065184","1994.39277242816","4698.45241710017"
"F8WIR1;P18242","15","8","98.3189","0.780377851102197","0.4171074346283","1.04347989567751","0.056330192702387","Control_1_mes","STZ_3_meses","44671.3174","Cathepsin D OS=Mus musculus OX=10090 GN=Ctsd PE=1 SV=2","18545.0780675167","19043.0838858989","13920.7981995809","12851.1823897496","18224.9870576251","18286.5066965224","12759.0762562234","16584.9904464489","7452.28589162908","12904.6725570225","11801.5879593248","20710.5911166129"
"Q91XA9;D3Z1S6","9","7","62.6481","0.780463149519006","0.4171074346283","1.03589799822404","0.0563250824705007","STZ_3_meses","Control_1_mes","52687.6861","Acidic mammalian chitinase OS=Mus musculus OX=10090 GN=Chia PE=1 SV=2","4411.22908538049","4700.09205166469","2603.18442174298","4193.7581879846","4523.04708768208","3418.22758286638","3034.9404882056","4093.40116555443","1393.57486986974","4211.2137667924","2928.89854355836","3871.35252167855"
"A0A140LIJ4;A0A571BGC3","11","9","49.114","0.782057560932971","0.4171074346283","1.09498049072763","0.0562299839554266","Control_1_mes","STZ_3_meses","521619.9729","Dynein_ axonemal_ heavy chain 14 OS=Mus musculus OX=10090 GN=Dnah14 PE=1 SV=1","22477.4328933443","16677.1163697652","11491.3859270922","18656.8878628717","14700.8935883346","12895.0382282994","15464.5496387887","14524.4235295147","6151.73727770241","18734.5429783554","9519.56169926705","14604.422190171"
"D3Z3L7;D3Z4D7;F8WJ99;Q9QZJ6","1","1","5.3319","0.789869234845962","0.419961381969939","1.00732823629977","0.0557755825824799","STZ_3_meses","Control_1_mes","14150.8742","Microfibrillar associated protein 5 (Fragment) OS=Mus musculus OX=10090 GN=Mfap5 PE=1 SV=1","4145.49457646539","10854.2186184778","6559.01712695544","6826.46539818237","8043.2055501717","6847.04684366638","2852.11424984661","9453.14914169031","3511.26926038158","6854.87903087061","5208.37669048257","7754.7007686513"
"O08899;Q5D078","2","2","11.2465","0.792793132285203","0.420206917665238","1.18278567231259","0.0556103846896857","STZ_3_meses","Control_1_mes","23915.9606","Regulator of G-protein signaling 4 OS=Mus musculus OX=10090 GN=Rgs4 PE=2 SV=1","264.411097186047","850.153723045755","436.535306951958","240.074352484318","807.971789925832","786.572864345032","181.915726626014","740.415337096081","233.692483904694","241.07360818569","523.202025730568","890.842042563055"
"P07356;B0V2N7;B0V2N8;B0V2N5","15","13","90.0874","0.800012348789049","0.421072930920958","1.03055201616114","0.055213766817882","STZ_3_meses","Control_1_mes","38961.4131","Annexin A2 OS=Mus musculus OX=10090 GN=Anxa2 PE=1 SV=2","8441.19330150173","5518.93827310452","9274.10655914036","9175.47600428082","7744.68283515137","7023.93211326849","5807.56946049374","4806.55019336217","4964.75076193743","9213.66686729974","5015.068345844","7955.03419231049"
"D3YY49","22","11","90.815","0.801395800337647","0.421072930920958","1.02628735165417","0.0551395783495221","STZ_3_meses","Control_1_mes","45144.026","Lipase OS=Mus musculus OX=10090 GN=Lipo2 PE=3 SV=1","3001.8267163244","7592.18399728089","3365.51627434898","3330.15365638192","5385.29519596228","5611.03713046834","2065.26690489582","6612.18003433912","1801.6775395921","3344.01467482537","3487.24719206249","6354.84391184252"
"P47739","31","21","183.3823","0.80182851023089","0.421072930920958","1.02185685286275","0.055116493331654","STZ_3_meses","Control_1_mes","50880.1354","Aldehyde dehydrogenase_ dimeric NADP-preferring OS=Mus musculus OX=10090 GN=Aldh3a1 PE=1 SV=2","28998.3559522959","30059.3883261915","53998.7577696768","39102.2547234439","33006.2014864929","43419.105168671","19950.9666960381","26179.3032684763","28907.4070985796","39265.0090975142","21373.1614082585","49174.8013287071"
"A1L317","12","6","84.1633","0.806392398807718","0.421723388086213","1.13994909278909","0.0548764595236042","STZ_3_meses","Control_1_mes","55067.5256","Keratin_ type I cytoskeletal 24 OS=Mus musculus OX=10090 GN=Krt24 PE=2 SV=2","4367.80192208638","5596.03189545951","3219.32556858445","7837.84239737456","3264.65532102884","3925.63286390991","3005.0624533953","4873.69252166891","1723.41658656075","7870.46566021371","2114.02712145576","4446.02014302916"
"P60710;P63260;E9Q1F2;E9Q5F4;G3UZ07;B1ATY1;E9Q606;G3UYG0;F8WGM8;Q8BFZ3;E9Q2D1;F6WX90","27","18","219.9474","0.80800909553182","0.421723388086213","1.02739239295971","0.0547929360294086","STZ_3_meses","Control_1_mes","42079.017","Actin_ cytoplasmic 1 OS=Mus musculus OX=10090 GN=Actb PE=1 SV=1","36905.8754584349","67092.33196406","62132.4419829738","49838.1653455723","54939.1408303104","65904.0592607519","25391.3667854356","58432.0108718245","33261.6502418747","50045.6055421288","35575.8333802149","74640.3917886639"
"P62331","4","2","30.506","0.816353020389529","0.423922797973671","1.33470078597062","0.0543742765925104","Control_1_mes","STZ_3_meses","20196.2516","ADP-ribosylation factor 6 OS=Mus musculus OX=10090 GN=Arf6 PE=1 SV=2","1017.05124523192","3777.91065705278","505.780072047633","319.777517884017","1594.73372120121","2056.97213010865","699.734686861773","3290.2555347747","270.761607283496","321.108520153147","1032.66961029656","2329.64717821421"
"REVERSE8141","4","2","20.8491","0.821631029107587","0.423922797973671","1.27024897207746","0.0541200949524172","STZ_3_meses","Control_1_mes","53223.605","Reversed Sequence 8141","1848.01515875084","1577.41154327107","1366.10950705815","3699.48810262585","1169.3150001065","1217.64084152352","1271.44066190044","1373.79825305716","731.325780311671","3714.88639294905","757.189773703635","1379.05298229967"
"Q99N75;D3Z4E7;D3Z617","29","28","116.1191","0.822392500469981","0.423922797973671","1.03281659430618","0.054084098891092","STZ_3_meses","Control_1_mes","16316.897","Prolactin-induced protein OS=Mus musculus OX=10090 GN=Sval2 PE=1 SV=1","263923.17401843","260321.391731339","251548.987588752","255376.211327077","317019.870096966","228856.374219739","181580.033841107","226718.940101268","134662.893922108","256439.157587361","205286.174962619","259193.889218707"
"P07724","19","15","130.0215","0.823714664884216","0.423922797973671","1.01991317997819","0.0540220008171212","Control_1_mes","STZ_3_meses","70745.5714","Albumin OS=Mus musculus OX=10090 GN=Alb PE=1 SV=3","199235.012986514","175308.45638311","167709.480686368","209362.226600764","184590.932152594","137712.634669946","137074.360881619","152679.528784124","89780.6992740608","210233.649959478","119531.833707457","155968.010488473"
"Q7M747","1","1","6.9312","0.82464241093295","0.423922797973671","1.01216515570074","0.0539787321650461","Control_1_mes","STZ_3_meses","12705.6421","Secretoglobin family 2B member 24 OS=Mus musculus OX=10090 GN=Scgb2b24 PE=2 SV=1","2923.56470834743","3065.9734395299","2326.45452827046","2150.15509704648","4026.21573113156","2039.67240282066","2011.42237945851","2670.215628327","1245.43176403983","2159.10463587612","2607.17546431873","2310.05417533855"
"P01878;A0A075B6A3;A0A0A6YXW6","6","5","37.3453","0.829693045085005","0.42523833222449","1.5230917718236","0.0537475697739697","Control_1_mes","STZ_3_meses","37617.2704","Ig alpha chain C region OS=Mus musculus OX=10090 PE=1 SV=1","4161.64345360627","13945.4750526669","33216.3400980911","11407.0730435249","15069.7646471337","7220.05408817013","2863.2247317838","12145.3842195662","17781.8584204468","11454.5524292101","9758.42410461756","8177.15436531997"
"A0A589M9T4;Q8BVF4;Q8BVF4-2;A0A571BDK5;A0A571BEI9","4","2","25.3685","0.843904529901628","0.431227095577794","1.07581432471453","0.0531365184098012","Control_1_mes","STZ_3_meses","76638.1518","Coiled-coil domain containing 30 OS=Mus musculus OX=10090 GN=Ccdc30 PE=1 SV=1","6484.95551839426","13664.2551182685","9716.13230569536","7684.98122145148","7495.45490508398","12580.2492038843","4461.67126804058","11900.4643340427","5201.38246850781","7716.9682338958","4853.68083268359","14247.9043007318"
"Q8CCX5;Q8CCX5-2","7","3","44.6141","0.849277786659936","0.432677336956596","1.03018875715578","0.0529204410737153","STZ_3_meses","Control_1_mes","34425.9595","Keratin-like protein KRT222 OS=Mus musculus OX=10090 GN=Krt222 PE=2 SV=1","23649.0718077005","24774.3685100278","18618.7018158668","26837.9805496486","23288.0440391328","18940.0364928883","16270.6411633757","21576.4771881232","9967.23656744127","26949.6876303927","15080.169838226","21450.7537195464"
"Q5RJH2","2","2","11.3686","0.853010595607376","0.433285682499106","1.07840269044831","0.0527751086784445","Control_1_mes","STZ_3_meses","100976.4943","Multiple C2 and transmembrane domain-containing protein 2 OS=Mus musculus OX=10090 GN=Mctp2 PE=2 SV=1","14158.3393773999","13618.2291562623","7582.96514421426","12328.7963769933","10011.9721951953","10448.034711654","9740.98524255632","11860.3794326299","4059.42413292396","12380.1122295335","6483.25127114298","11833.040529627"
"Q6DFV3;A0A0A0MQE8;B7ZCJ0;B7ZCJ1;F6WQR2","10","4","66.9649","0.856104599740005","0.433488897201257","1.08201594867112","0.0526575989567395","Control_1_mes","STZ_3_meses","217129.0309","Rho GTPase-activating protein 21 OS=Mus musculus OX=10090 GN=Arhgap21 PE=1 SV=2","25824.874372574","19505.7449645579","5940.97058078435","14994.6972982973","14616.6608775178","17773.8859889179","17767.6006661957","16987.930937363","3180.40751737178","15057.1093661031","9465.01681851548","20130.0167045999"
"P62806","7","7","54.1385","0.858490490280775","0.433488897201257","1.01279598549632","0.0525688026601426","Control_1_mes","STZ_3_meses","11367.3627","Histone H4 OS=Mus musculus OX=10090 GN=H4c1 PE=1 SV=2","7190.53458436536","10089.981194388","11728.279232887","14407.8869233652","7702.01399496915","6532.38778250869","4947.11204508907","8787.55997276723","6278.55447706738","14467.8565244655","4987.43814402598","7398.33007057732"
"A2AEN9","41","31","137.219","0.863830108268987","0.434898419044688","1.02620778003479","0.0523757897905137","STZ_3_meses","Control_1_mes","18793.3791","Predicted gene 5938 OS=Mus musculus OX=10090 GN=Gm5938 PE=1 SV=1","950680.066745149","1111729.35645287","1066841.79853191","1153672.7311296","1179417.59998138","878171.618311641","654071.092217144","968226.620555962","571117.400727708","1158474.63538205","763731.710916774","994583.25304556"
"A2A5R2;G3X9K3","9","5","54.0655","0.872059324834991","0.43775014976608","1.07744924145271","0.0520936858858644","STZ_3_meses","Control_1_mes","204692.1831","Brefeldin A-inhibited guanine nucleotide-exchange protein 2 OS=Mus musculus OX=10090 GN=Arfgef2 PE=1 SV=1","5146.05303702663","6078.67622640088","3070.72422002454","7782.99442345592","3856.0302741078","3763.60081440419","3540.50184523082","5294.03681388844","1643.86513286728","7815.38939389282","2496.97189412615","4262.50890270364"
"Q3V1U8","2","1","11.1461","0.883122583893547","0.442003595443435","1.6396285869317","0.051743494553798","STZ_3_meses","Control_1_mes","38604.8084","ELMO domain-containing protein 1 OS=Mus musculus OX=10090 GN=Elmod1 PE=1 SV=2","0","14.6672344360455","34.7359096362269","21.3164939028418","0","59.6863134023616","0","12.7739784404231","18.5953366756477","21.4052190325579","0","67.5984130074119"
"Q9Z0K8","7","7","42.364","0.891320419692187","0.444802213831227","1.24264459930173","0.0515052836349397","Control_1_mes","STZ_3_meses","57889.8359","Pantetheinase OS=Mus musculus OX=10090 GN=Vnn1 PE=1 SV=3","2963.76584434836","3729.82002452018","830.441995555095","2501.08937099514","1310.93799773213","2242.82360688678","2039.08089661089","3248.37247182671","444.564390530269","2511.49959511008","848.89772708969","2540.13538177593"
"P17742","2","1","10.1609","0.894518693456158","0.445096819327401","1.02024504477711","0.0514172215482008","STZ_3_meses","Control_1_mes","18142.461","Peptidyl-prolyl cis-trans isomerase A OS=Mus musculus OX=10090 GN=Ppia PE=1 SV=2","2655.83320014958","3884.88674767468","3809.71117700404","4029.52224961124","2815.14001004513","3715.31380675642","1827.22219885784","3383.42308324496","2039.47047062456","4046.29423312411","1822.94354126644","4207.82090306357"
"Q91W20","1","1","5.8847","0.903202001751822","0.448111035134594","1.12629220827111","0.0511918338529561","Control_1_mes","STZ_3_meses","36322.9776","Leucine-rich repeat-containing protein 26 OS=Mus musculus OX=10090 GN=Lrrc26 PE=2 SV=1","627.861172291289","1491.02090935393","554.839467833002","570.811779621653","758.052613661567","1045.05023548124","431.970604082718","1298.55897738294","297.024802670824","573.187655758754","490.87686974132","1183.58352869485"
"Q61838","17","17","116.5311","0.909119245719213","0.449739410923607","1.07190427756708","0.0510496523887204","Control_1_mes","STZ_3_meses","167221.5021","Pregnancy zone protein OS=Mus musculus OX=10090 GN=Pzp PE=1 SV=3","1343.76500166042","4159.86405429102","5410.11414382778","2335.31375859654","4176.77015578006","3669.55583479046","924.514853170702","3622.90614337049","2896.22166258862","2345.0339788684","2704.66696209246","4155.99719154557"
"P04939","23","17","78.9484","0.921547013250127","0.453851710962184","1.0089424167519","0.050780906205139","STZ_3_meses","Control_1_mes","21749.8459","Major urinary protein 3 OS=Mus musculus OX=10090 GN=Mup3 PE=1 SV=1","16138.4258620577","27867.4864851053","20801.2622427777","19242.708761629","27004.5979977552","19139.4005942532","11103.2914221091","24270.3335179999","11135.6368304079","19322.8022253452","17486.8238627021","21676.5457997519"
"A5D6P2;B7ZNY3;E0CXL4;E0CY24;F6S7Z1;G3XA13;Q99NH2;E0CZ83;F6T4Y3","9","6","48.109","0.923393496223656","0.453851710962184","1.01558618352317","0.0507444114939901","Control_1_mes","STZ_3_meses","149770.5212","Partitioning defective 3 homolog OS=Mus musculus OX=10090 GN=Pard3 PE=1 SV=1","72948.4078013826","99167.5921454066","102564.915084526","109851.490221712","80066.9851321616","80546.9164442111","50188.7505956751","86366.9759679406","54906.5548327221","110308.722436534","51847.3656352924","91224.3262130149"
"Q6DFZ2;Q6ZWQ0-3;D3YVK9;Q80Y61-2","13","2","73.2887","0.925409664845931","0.453851710962184","1.05937167141349","0.0507055737980516","Control_1_mes","STZ_3_meses","249555.7583","Spectrin repeat containing_ nuclear envelope 2 (Fragment) OS=Mus musculus OX=10090 GN=Syne2 PE=1 SV=1","13900.9299097763","23333.2625539562","26924.4969231235","20024.0651075135","20699.5724710048","19839.3273545076","9563.88666068322","20321.3901099496","14413.6166391267","20107.4107919495","13404.0054165512","22469.2558117718"
"P46737;P46737-2;A3KGA8","3","1","15.3678","0.938005550857715","0.458711017731336","3.49454466616875","0.050486736072563","Control_1_mes","STZ_3_meses","33739.3227","Lys-63-specific deubiquitinase BRCC36 OS=Mus musculus OX=10090 GN=Brcc3 PE=1 SV=1","14.4767051570016","493.195949757384","0","0","33.7851129829595","111.49065350795","9.96002197265375","429.533901334668","0","0","21.8775454448022","126.270007522336"
"A0A0N4SV66;C0HKE1;C0HKE2;C0HKE3;C0HKE4;C0HKE5;C0HKE6;C0HKE7;C0HKE8;C0HKE9;Q64523;Q6GSS7;Q8BFU2;Q8CGP4;Q8CGP5;Q8CGP6;Q8CGP7;Q8R1M2","1","1","13.8698","0.941779355544118","0.458780989889144","1.32655011277652","0.0504291276156457","Control_1_mes","STZ_3_meses","13659.9571","Histone H2A OS=Mus musculus OX=10090 GN=H2aj PE=1 SV=1","109.416053470096","1124.01628832649","1401.44596227529","1071.37372977262","566.175355386834","348.714591345735","75.2786138077932","978.927547410096","750.242609856892","1075.83308287177","366.626776516922","394.940676074109"
"Q9ES28","3","2","12.1617","0.943524844942475","0.458780989889144","1.04468159391925","0.0504037185210516","STZ_3_meses","Control_1_mes","97797.3375","Rho guanine nucleotide exchange factor 7 OS=Mus musculus OX=10090 GN=Arhgef7 PE=1 SV=2","600.709245453026","601.371123190371","568.77088395854","939.603320383212","470.101515337231","440.270873441655","413.289986844465","523.745754240358","304.482772706327","943.514208677633","304.414174096384","498.633784556468"
"D2XZ31;E9PWZ2;A0A087WQJ0;A0A494BAG6;O88286;O88286-4","27","13","92.4211","0.951135845939617","0.461167906187469","1.00094122148394","0.0503020442270654","Control_1_mes","STZ_3_meses","10331.8229","ABPA7 (Fragment) OS=Mus musculus OX=10090 GN=Scgb1b29 PE=2 SV=1","123487.363020676","111782.605945834","98398.1045384265","135511.506651775","97218.0223218045","100624.784289948","84959.7222359774","97353.6357240757","52675.9166896649","136075.542935627","62953.5174996108","113963.743770854"
"Q6P5H2;Q6P5H2-2","7","5","37.7579","0.956571363169979","0.462489481527491","1.03341406445115","0.0502384893289299","Control_1_mes","STZ_3_meses","207751.8418","Nestin OS=Mus musculus OX=10090 GN=Nes PE=1 SV=1","11818.3945051928","10606.7503879948","6623.1119370092","10855.0492308031","9375.32740113601","7878.64358506803","8131.09527869878","9237.62426856832","3545.58143428441","10900.2309410538","6070.99201893168","8923.04738963074"
"Q3UW77","5","4","33.8943","0.963329168484037","0.463265300693981","1.08751177230005","0.0501699691073495","Control_1_mes","STZ_3_meses","13717.6329","Predicted gene 12888 OS=Mus musculus OX=10090 GN=Gm12888 PE=2 SV=1","6187.18640041932","18458.7472141176","8970.50316225894","9624.04717359596","11892.8675729987","9394.41663669535","4256.80511060739","16076.0803257421","4802.22133806444","9664.10511360071","7701.22482433389","10639.753396897"
"O88990","29","12","186.0878","0.963604756471557","0.463265300693981","1.00545253922792","0.0501674212939653","STZ_3_meses","Control_1_mes","103670.2402","Alpha-actinin-3 OS=Mus musculus OX=10090 GN=Actn3 PE=1 SV=1","48351.0038971249","38427.0876293432","56922.5792743741","57430.5627700397","40169.9094395817","46883.7321358415","33265.6537514904","33466.894597331","30472.6301150122","57669.6046197298","26012.0195460437","53098.7040007413"
"P01592","3","3","17.0145","0.970331236052318","0.463810946995852","1.37454787712602","0.0501112149207238","Control_1_mes","STZ_3_meses","18469.784","Immunoglobulin J chain OS=Mus musculus OX=10090 GN=Jchain PE=1 SV=4","1004.99139300834","2247.56780232921","6946.02343575493","2935.66471766931","2419.44771319154","2064.47825841816","691.437467858476","1957.4503138632","3718.44715447135","2947.88376429421","1566.71304676022","2338.14832919219"
"E9Q704;F8VQA4;P97467;F6T0D3;F6TGI4;F7D4K4","15","13","88.2678","0.970336122558781","0.463810946995852","1.01058377102917","0.0501111782628108","Control_1_mes","STZ_3_meses","98032.1423","Peptidylglycine alpha-amidating monooxygenase OS=Mus musculus OX=10090 GN=Pam PE=1 SV=1","20789.3656520702","18771.3203532387","14762.6051032935","15946.937892066","20014.0492475456","17793.3800547873","14303.1536835581","16348.3063242831","7902.93431150221","16013.3134479852","12960.0949438451","20152.0949305903"
"P06797;A0A1Y7VNM3;A0A1Y7VNQ4","4","2","20.1806","0.97289244600441","0.463810946995852","1.01168754811337","0.0500928307574179","Control_1_mes","STZ_3_meses","38117.7169","Procathepsin L OS=Mus musculus OX=10090 GN=Ctsl PE=1 SV=2","439.358192427464","828.52370251298","847.471667266297","614.44148595519","569.118498243628","907.355898033315","302.279918184735","721.577333438585","453.680964193141","616.998960969272","368.532608284676","1027.63624093326"
"Q9CWY3;A0A1D5RLQ7;A0A1D5RMH9","6","2","20.9572","0.978111238472009","0.465000040222831","1.18497216652847","0.050060513977439","STZ_3_meses","Control_1_mes","53359.5502","N-lysine methyltransferase SETD6 OS=Mus musculus OX=10090 GN=Setd6 PE=1 SV=1","1959.92554597541","2116.05727680801","1223.73566740916","3998.68886211771","1431.86929242733","849.460746769477","1348.43538574378","1842.91525103172","655.108128037599","4015.33250856365","927.20677097915","962.06642897525"
"A0A3B2W725;A0A3Q4EGS4;G5E8Z2","2","1","19.468","0.988692828307639","0.46872495194608","1.00220450182793","0.0500161404935331","Control_1_mes","STZ_3_meses","90825.671","TATA-box binding protein associated factor 4b OS=Mus musculus OX=10090 GN=Taf4b PE=1 SV=1","2610.23533119287","5359.37976278321","1785.86870116556","1698.76052436517","5081.27831285125","2953.98628175729","1795.85071123067","4667.58759753556","956.037429405361","1705.83123442509","3290.38109960326","3345.57075667128"
"A0A0B4J1I0;A0A0G2JDE5;A0A140T8M0;A0A140T8M9;A0A140T8N1;F6XWB2;P01631","1","0","6.874",,,,,"---","---","13193.0706","Immunoglobulin kappa variable 1-110 (Fragment) OS=Mus musculus OX=10090 GN=Igkv1-110 PE=1 SV=5",,,,,,,"0","0","0","0","0","0"
"A0A1N9M8B2;Q8K1K9","1","0","5.6529",,,,,"---","---","49630.958","Histone H4 transcription factor (Fragment) OS=Mus musculus OX=10090 GN=Hinfp PE=1 SV=1",,,,,,,"0","0","0","0","0","0"
"A0A9L6KDW7","3","0","13.6442",,,,,"---","---","55178.6398","Zinc finger protein 33B OS=Mus musculus OX=10090 GN=Zfp33b PE=4 SV=1",,,,,,,"0","0","0","0","0","0"
"A0A140LHZ2;A0A140LIW0;A0A286YDU8","1","0","5.9726",,,,,"---","---","13550.9817","Coiled-coil and C2 domain containing 2B (Fragment) OS=Mus musculus OX=10090 GN=Cc2d2b PE=4 SV=1",,,,,,,"0","0","0","0","0","0"
"A0A338P675;P47941","1","0","5.8145",,,,,"---","---","16872.7876","V-crk avian sarcoma virus CT10 oncogene homolog-like (Fragment) OS=Mus musculus OX=10090 GN=Crkl PE=1 SV=1",,,,,,,"0","0","0","0","0","0"
"A2ALV1;A2ALV3;Q62420;Q8BXU5","1","0","5.4154",,,,,"---","---","20289.2667","SH3-domain GRB2-like 2 OS=Mus musculus OX=10090 GN=Sh3gl2 PE=1 SV=1",,,,,,,"0","0","0","0","0","0"
"B1ARJ2;G5E8M9;P35330","1","0","5.7733",,,,,"---","---","16077.3512","Intercellular adhesion molecule 2 (Fragment) OS=Mus musculus OX=10090 GN=Icam2 PE=1 SV=1",,,,,,,"0","0","0","0","0","0"
"F6Y6L6;A0A1B0GT66","6","0","49.2224",,,,,"---","---","30241.4076","Cathepsin D (Fragment) OS=Mus musculus OX=10090 GN=Gm49369 PE=1 SV=1",,,,,,,"0","0","0","0","0","0"
"F8WIV2;Q60854","3","0","17.6819",,,,,"---","---","45230.8328","Serpin B6 OS=Mus musculus OX=10090 GN=Serpinb6a PE=1 SV=1",,,,,,,"0","0","0","0","0","0"
"H3BKI6;Q925I1;Q925I1-2;V9GWS5","2","0","10.5337",,,,,"---","---","24122.8183","ATPase family_ AAA domain containing 3A OS=Mus musculus OX=10090 GN=Atad3a PE=1 SV=1",,,,,,,"0","0","0","0","0","0"
"O35691;Q3TUQ5","1","0","4.3773",,,,,"---","---","82606.8288","Pinin OS=Mus musculus OX=10090 GN=Pnn PE=1 SV=4",,,,,,,"0","0","0","0","0","0"
"P10853;P10854;P70696;Q64475;Q64478;Q64524;Q64525;Q6ZWY9;Q8CBB6;Q8CGP0;Q8CGP1;Q8CGP2;Q8CGP2-2;Q9D2U9","1","0","8.2054",,,,,"---","---","13936.1889","Histone H2B type 1-F/J/L OS=Mus musculus OX=10090 GN=H2bc7 PE=1 SV=2",,,,,,,"0","0","0","0","0","0"
"Q3UT41","8","0","61.9159",,,,,"---","---","45036.8738","Lipase OS=Mus musculus OX=10090 GN=Lipo3 PE=1 SV=1",,,,,,,"0","0","0","0","0","0"
"Q5EBJ4","2","0","19.4136",,,,,"---","---","32319.0178","Ermin OS=Mus musculus OX=10090 GN=Ermn PE=1 SV=1",,,,,,,"0","0","0","0","0","0"
"Q5I2A0;Q80X76","3","0","19.3868",,,,,"---","---","49420.694","Serine protease inhibitor A3G OS=Mus musculus OX=10090 GN=Serpina3g PE=1 SV=2",,,,,,,"0","0","0","0","0","0"
"Q8BGW3","1","0","14.8236",,,,,"---","---","23928.9659","Class E basic helix-loop-helix protein 23 OS=Mus musculus OX=10090 GN=Bhlhe23 PE=2 SV=1",,,,,,,"0","0","0","0","0","0"
"Q8BR26","2","0","10.5499",,,,,"---","---","21954.1295","Interferon-induced transmembrane protein 10 OS=Mus musculus OX=10090 GN=Ifitm10 PE=2 SV=3",,,,,,,"0","0","0","0","0","0"
"Q9CQV8;Q9CQV8-2;A2A5N1","7","0","44.2273",,,,,"---","---","28200.542","14-3-3 protein beta/alpha OS=Mus musculus OX=10090 GN=Ywhab PE=1 SV=3",,,,,,,"0","0","0","0","0","0"
"Q9CW03","5","0","29.9584",,,,,"---","---","141955.1436","Structural maintenance of chromosomes protein 3 OS=Mus musculus OX=10090 GN=Smc3 PE=1 SV=2",,,,,,,"0","0","0","0","0","0"
"Q9JM54","2","0","8.871",,,,,"---","---","11679.6802","Phorbol-12-myristate-13-acetate-induced protein 1 OS=Mus musculus OX=10090 GN=Pmaip1 PE=1 SV=1",,,,,,,"0","0","0","0","0","0"
"Q9Z2T6","5","0","30.6568",,,,,"---","---","57413.2213","Keratin_ type II cuticular Hb5 OS=Mus musculus OX=10090 GN=Krt85 PE=1 SV=2",,,,,,,"0","0","0","0","0","0"
"Q91VN6;A0A1S6GWJ4","4","0","10.7127",,,,,"---","---","70504.041","Probable ATP-dependent RNA helicase DDX41 OS=Mus musculus OX=10090 GN=Ddx41 PE=1 SV=2",,,,,,,"0","0","0","0","0","0"
"Q99PW8;A2AM72","3","0","15.8203",,,,,"---","---","117000.436","Kinesin-like protein KIF17 OS=Mus musculus OX=10090 GN=Kif17 PE=1 SV=1",,,,,,,"0","0","0","0","0","0"
"Q61765","6","0","45.2307",,,,,"---","---","48942.2702","Keratin_ type I cuticular Ha1 OS=Mus musculus OX=10090 GN=Krt31 PE=1 SV=2",,,,,,,"0","0","0","0","0","0"
"Q61897","6","0","44.8786",,,,,"---","---","47517.4968","Keratin_ type I cuticular Ha3-II OS=Mus musculus OX=10090 GN=Krt33b PE=1 SV=2",,,,,,,"0","0","0","0","0","0"
"Q64437","2","0","13.1591",,,,,"---","---","40702.7986","All-trans-retinol dehydrogenase [NAD(+)] ADH7 OS=Mus musculus OX=10090 GN=Adh7 PE=2 SV=2",,,,,,,"0","0","0","0","0","0"
"REVERSE1833","1","0","4.9834",,,,,"---","---","5679.487","Reversed Sequence 1833",,,,,,,"0","0","0","0","0","0"
"REVERSE1939","2","0","11.226",,,,,"---","---","73577.3165","Reversed Sequence 1939",,,,,,,"0","0","0","0","0","0"
"REVERSE11332","1","0","4.4795",,,,,"---","---","35401.6505","Reversed Sequence 11332",,,,,,,"0","0","0","0","0","0"
"REVERSE33424","1","0","13.1868",,,,,"---","---","12542.5964","Reversed Sequence 33424",,,,,,,"0","0","0","0","0","0"
"REVERSE52262","1","0","5.9583",,,,,"---","---","16135.144","Reversed Sequence 52262",,,,,,,"0","0","0","0","0","0"
