,,,,,,,,,,,,"Normalized abundance",,,,,,"Raw abundance",,,,,
,,,,,,,,,,,,"STZ_1_mes",,,"STZ_3_meses",,,"STZ_1_mes",,,"STZ_3_meses",,
"Accession","Peptide count","Unique peptides","Confidence score","Anova (p)","q Value","Max fold change","Power","Highest mean condition","Lowest mean condition","Mass","Description","20260129_HDMSE_944_089_STZ_pool_lagrimas_1_mes_N1","20260129_HDMSE_945_089_STZ_pool_lagrimas_1_mes_N2","20260129_HDMSE_946_089_STZ_pool_lagrimas_1_mes_N3","20260129_HDMSE_950_089_STZ_pool_lagrimas_3_meses_N1","20260129_HDMSE_951_089_STZ_pool_lagrimas_3_meses_N2","20260129_HDMSE_952_089_STZ_pool_lagrimas_3_meses_N3","20260129_HDMSE_944_089_STZ_pool_lagrimas_1_mes_N1","20260129_HDMSE_945_089_STZ_pool_lagrimas_1_mes_N2","20260129_HDMSE_946_089_STZ_pool_lagrimas_1_mes_N3","20260129_HDMSE_950_089_STZ_pool_lagrimas_3_meses_N1","20260129_HDMSE_951_089_STZ_pool_lagrimas_3_meses_N2","20260129_HDMSE_952_089_STZ_pool_lagrimas_3_meses_N3"
"H3BL44;Q3UZR5;Q80XR2;Q8BMS7;H3BJ99;H3BJJ5;H3BJY0;H3BKB1;H3BLC2","3","2","15.4884","0.000361939442082293","0.0507080920478657","2.92233124370137","0.999999993994877","STZ_1_mes","STZ_3_meses","97831.5813","Calcium-transporting ATPase OS=Mus musculus OX=10090 GN=Atp2c1 PE=1 SV=1","4641.88229430304","4647.60448866399","5665.29654071117","1521.64876813489","1666.06322148357","1929.70355179592","4602.20886716553","3067.74027278552","3935.0890390532","1527.982290193","1078.85901877269","2185.50770252479"
"Q91XL1","4","4","21.0671","0.000479410821268234","0.0507080920478657","4.86008169762953","0.999999902702344","STZ_3_meses","STZ_1_mes","37830.1868","Leucine-rich HEV glycoprotein OS=Mus musculus OX=10090 GN=Lrg1 PE=1 SV=1","19732.4247914305","16810.0896260434","24997.8187403383","118679.85363458","95959.0064956026","84452.1867161239","19563.7749059799","11095.8213119748","17363.3704464472","119173.831934033","62138.24196783","95647.2844709106"
"REVERSE22921","3","1","21.2769","0.002080107223147","0.0633241100571996","51.4962251570142","0.998985986829677","STZ_1_mes","STZ_3_meses","59144.592","Reversed Sequence 22921","1632.14461089657","6174.01432309164","1177.5251036862","46.1454204107141","64.7617601700504","63.546073231195","1618.19493139312","4075.27629123782","817.903545812252","46.3374903838724","41.9364692348454","71.969827895445"
"A0A3B2WD20;A8R0U0","25","22","171.7372","0.00251191793329553","0.0633241100571996","1.9004933405234","0.997869182036302","STZ_1_mes","STZ_3_meses","17466.8196","Exocrine gland secreted peptide 6 OS=Mus musculus OX=10090 GN=Esp6 PE=1 SV=1","96385.9789848866","120841.041804074","125405.60693057","59891.3805845184","65033.293327271","55361.4762228751","95562.1834054452","79763.4418875177","87106.1604140412","60140.6650369926","42112.3004948995","62700.2694769526"
"F6WYC8","42","21","323.6874","0.00284206682248356","0.0633241100571996","1.55802272959756","0.996671631779696","STZ_1_mes","STZ_3_meses","44953.4182","Lipase OS=Mus musculus OX=10090 GN=Lipo1 PE=3 SV=2","158446.680486194","182936.20999719","166278.829681489","97343.2581112946","114052.90350408","114441.010410994","157092.461995741","120750.545819456","115496.513801921","97748.42761254","73854.9425831631","129611.467784871"
"Q5SW46;A7M7R7","77","68","515.8827","0.00292470952679225","0.0633241100571996","2.53082100080998","0.996324397684098","STZ_1_mes","STZ_3_meses","80922.1158","Lactoperoxidase OS=Mus musculus OX=10090 GN=Lpo PE=1 SV=1","122129.510160415","140069.313222208","160341.317571111","56553.5382858244","43853.2785665585","66550.9177398707","121085.688728614","92455.4303622979","111372.345074495","56788.9297176043","28397.1847371756","75372.9987153817"
"Q02819;A0A1B0GR41","13","3","59.5481","0.00310846341150539","0.0633241100571996","3.73149774055014","0.995484579653814","STZ_1_mes","STZ_3_meses","53408.7608","Nucleobindin-1 OS=Mus musculus OX=10090 GN=Nucb1 PE=1 SV=2","178.015631829768","227.318380863062","115.902416676356","47.0076096054212","43.1193051945804","49.5586660607114","176.494160635333","150.045846934465","80.50528797309","47.2032682479211","27.9219003772025","56.1282308371859"
"B1AQ77;Q61414","17","4","160.3329","0.0031227529153619","0.0633241100571996","2.12990789353923","0.995415380208508","STZ_3_meses","STZ_1_mes","49665.1683","Keratin 15 OS=Mus musculus OX=10090 GN=Krt15 PE=1 SV=1","5246.28593338399","6829.72013193206","6005.60520000119","13871.3415366413","14017.1886287779","10623.6363964878","5201.44676480444","4508.0874570299","4171.465875719","13929.0778877873","9076.82864311051","12031.9202147597"
"Q497J0;D6REU3;L7N257;A0A384DV91;P35175","5","5","39.9897","0.00314218936045918","0.0633241100571996","1.66880344841089","0.995320360076693","STZ_3_meses","STZ_1_mes","11016.4195","Cystatin domain containing 5 OS=Mus musculus OX=10090 GN=Cstdc5 PE=1 SV=1","7107.84898323031","6615.87210557857","7960.2034932903","11547.4698964444","13518.268764519","11120.4694567252","7047.09933236417","4366.93297533929","5529.12090125956","11595.5336525727","8753.75315098052","12594.6141472071"
"O70456","16","7","105.3673","0.00320270795029987","0.0633241100571996","2.4752935101048","0.995017909120764","STZ_3_meses","STZ_1_mes","27820.1408","14-3-3 protein sigma OS=Mus musculus OX=10090 GN=Sfn PE=1 SV=2","38583.9577708787","25615.8380471553","25935.6966997129","67608.1134799571","82108.7390899293","73394.9470893922","38254.1868417066","16908.2240517844","18014.8161830266","67889.5171041043","53169.5031406693","83124.2819867237"
"E9PZW8;Q9QY06;Q9QY06-2;A0A1D5RLW4;E9PWZ6;Q9QY06-3;A0A8V5KX73","6","1","37.7045","0.00329277720979326","0.0633241100571996","1.5308236714577","0.994549417539013","STZ_1_mes","STZ_3_meses","241856.0725","Myosin IXb OS=Mus musculus OX=10090 GN=Myo9b PE=1 SV=1","674.861000078965","649.595661516665","598.945562324453","396.402183864213","468.987402297283","391.059644263952","669.093070817286","428.778046135822","416.024845364343","398.052119137031","303.692730344681","442.899047312248"
"Q9WV92;A0A3B2WBE1;A0A5F8MPR1;A7YY80;D0VYV6;Q9WV92-2;Q9WV92-3;Q9WV92-4;Q9WV92-5;Q9WV92-6;Q9WV92-7;Q9WV92-8;A0A3B2WD96;A0A5F8MPE1;A0A286YCY8;A0A286YD94;A0A286YDD0","8","5","40.84","0.00412871664328773","0.0660886410271686","1.79367179412122","0.989205665589805","STZ_3_meses","STZ_1_mes","103794.0457","Band 4.1-like protein 3 OS=Mus musculus OX=10090 GN=Epb41l3 PE=1 SV=1","1877.40715592623","2613.34579621739","2122.09258050976","4130.07368154749","3978.81475612658","3752.38607312683","1861.36125659365","1724.98889811414","1473.99579058431","4147.26418786633","2576.48096922195","4249.80751993391"
"Q9JI91","11","1","81.6689","0.00422865346176338","0.0660886410271686","1.7273338163869","0.988454292432696","STZ_1_mes","STZ_3_meses","104404.1584","Alpha-actinin-2 OS=Mus musculus OX=10090 GN=Actn2 PE=1 SV=2","5106.51352749754","4449.27534397453","5897.51528380623","2885.11539123312","3245.86707650091","2815.3508979858","5062.86897136381","2936.82932588481","4096.38711481136","2897.12403761277","2101.86079619602","3188.55767619418"
"P03995;P03995-2","16","10","102.1101","0.00472936431238558","0.0660886410271686","2.13489350350836","0.984367132835116","STZ_3_meses","STZ_1_mes","49957.155","Glial fibrillary acidic protein OS=Mus musculus OX=10090 GN=Gfap PE=1 SV=4","4835.50073215163","5938.5480517389","4081.1691276994","10285.0439339412","9263.72590953075","12165.5383691824","4794.17247912681","3919.85227327903","2834.76139078083","10327.8531248585","5998.72448779945","13778.2188287235"
"P18761;B1ARR4","15","14","98.0761","0.00495941048736204","0.0660886410271686","2.47643793291845","0.98232221479004","STZ_1_mes","STZ_3_meses","36609.0124","Carbonic anhydrase 6 OS=Mus musculus OX=10090 GN=Ca6 PE=1 SV=3","27287.7992447943","24673.3809353021","27996.9158610932","9538.23688088752","8397.44830991552","14351.8577265193","27054.5747797083","16286.1372015679","19446.5295753879","9577.93765477543","5437.76654271412","16254.3596800951"
"P11672;A0A0A6YW77","7","7","36.4694","0.0049985883344108","0.0660886410271686","1.90789613132216","0.981964233264852","STZ_3_meses","STZ_1_mes","23046.1184","Neutrophil gelatinase-associated lipocalin OS=Mus musculus OX=10090 GN=Lcn2 PE=1 SV=1","2654.72564051725","2404.44403979679","2204.41883344309","4079.23148075806","5587.10849876064","4191.8324453946","2632.0361241548","1587.09929653762","1531.17922894737","4096.21036780778","3617.93136960435","4747.50750630951"
"REVERSE8730","3","3","24.3611","0.00576745853609284","0.0686143622910697","2.1820352153976","0.974424183889488","STZ_3_meses","STZ_1_mes","94178.5616","Reversed Sequence 8730","15810.9021233378","12747.998416617","10766.186007883","23501.8907279876","30768.1240678053","31538.7089001475","15675.7688662669","8414.56028271114","7478.14350892038","23599.7120823304","19923.8946717223","35719.5234287724"
"Q61646","34","33","185.1709","0.00630730902004251","0.0686143622910697","1.47722424238069","0.968625380308805","STZ_1_mes","STZ_3_meses","39265.6041","Haptoglobin OS=Mus musculus OX=10090 GN=Hp PE=1 SV=1","61263.633544047","56574.376582729","62887.1077215695","38459.4502103623","37424.1780245954","46457.3899147915","60740.0230456567","37342.9997913747","43681.097099613","38619.5290546731","24234.0215313298","52615.8452698502"
"A8DUK4;E9Q223;P02089","9","3","62.2591","0.00636025425368536","0.0686143622910697","1.56644864779353","0.968037623148383","STZ_1_mes","STZ_3_meses","15805.1198","Beta-globin OS=Mus musculus OX=10090 GN=Hbb-bs PE=1 SV=1","6410.36869685635","6607.82802388984","6474.94433571475","4299.64698748114","4660.01290274214","3484.50231319055","6355.58029868187","4361.62332530038","4497.46669055249","4317.54330469149","3017.59073898989","3946.41272119542"
"P24369","12","8","78.892","0.0069840400092025","0.0686143622910697","1.83609609419644","0.960892850348955","STZ_1_mes","STZ_3_meses","23713.5186","Peptidyl-prolyl cis-trans isomerase B OS=Mus musculus OX=10090 GN=Ppib PE=1 SV=2","12282.1838543846","14075.9427535049","13288.9941752614","6446.21645723411","6220.3451366325","8926.60060960849","12177.2099891846","9291.09535195482","9230.4745114981","6473.04738890389","4027.98367072712","10109.9230353311"
"P11499;E9Q3D6;E9PX27;E9Q0C3;D3Z1R1;B7ZC49","26","14","170.325","0.00721604060180614","0.0686143622910697","1.68427535272183","0.958143691649506","STZ_1_mes","STZ_3_meses","83623.5369","Heat shock protein HSP 90-beta OS=Mus musculus OX=10090 GN=Hsp90ab1 PE=1 SV=3","7346.07816567264","7544.66903093733","6543.8138414134","3488.3562079646","4482.88471609391","4755.03984908502","7283.29240800491","4980.00315807799","4545.30313389703","3502.8757090823","2902.891405147","5385.3744562557"
"P28665","8","3","47.1746","0.00736798946118844","0.0686143622910697","2.00370629224821","0.95631966850255","STZ_3_meses","STZ_1_mes","166723.6185","Murinoglobulin-1 OS=Mus musculus OX=10090 GN=Mug1 PE=1 SV=3","7439.3775482112","7068.59866790974","7197.93234791722","11622.5954654297","18332.1395856499","13537.5305176479","7375.79437561124","4665.76380554669","4999.65085368327","11670.9719149063","11870.9745646788","15332.0841390113"
"Q5S006","5","2","30.8789","0.00762696175295141","0.0686143622910697","77.0936732145954","0.953171890098802","STZ_3_meses","STZ_1_mes","288724.2476","Leucine-rich repeat serine/threonine-protein kinase 2 OS=Mus musculus OX=10090 GN=Lrrk2 PE=1 SV=2","244.54048652195","29.7145354498494","8.38703706204738","4412.49047893185","5399.75577414394","11977.66828278","242.450438011649","19.6136476993592","5.82559754389355","4430.85648189175","3496.61113755194","13565.4444258757"
"P49183;E9Q797;H3BKL7;D3YXC7","22","20","71.5371","0.00797665660424107","0.0686143622910697","1.39795786485904","0.948851656131352","STZ_1_mes","STZ_3_meses","32255.5621","Deoxyribonuclease-1 OS=Mus musculus OX=10090 GN=Dnase1 PE=1 SV=2","243795.742280746","294003.783567336","242563.658010249","194454.123541042","179601.140992583","184161.262211992","241712.058980615","194062.822987785","168483.606294854","195263.495261065","116300.695101578","208573.931833423"
"REVERSE29220","1","1","12.5544","0.00842705407848543","0.0686143622910697","2.06283700639746","0.943187268342725","STZ_1_mes","STZ_3_meses","35260.256","Reversed Sequence 29220","1018.51707552706","1558.9868477485","1572.93419372745","675.122818401019","698.959291484599","637.922766956949","1009.81197263511","1029.03909944278","1092.55288940477","677.932865865202","452.610996779373","722.486684290348"
"P17156","25","10","159.0606","0.00843313293456582","0.0686143622910697","1.9236062475219","0.943110145518464","STZ_1_mes","STZ_3_meses","69926.8927","Heat shock-related 70 kDa protein 2 OS=Mus musculus OX=10090 GN=Hspa2 PE=1 SV=2","55655.9198320017","78876.4918593593","80206.2295167383","39615.7030442661","39100.1251133622","32917.5383303093","55180.2375677324","52063.9377217215","55710.8798042691","39780.5945319291","25319.2808470549","37281.1323802002"
"Q5RJH2","2","2","11.3686","0.00930335421969752","0.0719527275303407","1.49473002942303","0.931923932069619","STZ_1_mes","STZ_3_meses","100976.4943","Multiple C2 and transmembrane domain-containing protein 2 OS=Mus musculus OX=10090 GN=Mctp2 PE=2 SV=1","14837.5043256634","18088.8961551889","16084.0084163519","12328.7963769933","10011.9721951953","10448.034711654","14710.6905442176","11939.9220309859","11171.8786066017","12380.1122295335","6483.25127114298","11833.040529627"
"Q8K385;A0A0G2JFP4","7","5","36.307","0.00952370336303487","0.0719527275303407","2.65387849758563","0.92905466400313","STZ_3_meses","STZ_1_mes","66731.8045","Ferric-chelate reductase 1 OS=Mus musculus OX=10090 GN=FRRS1 PE=1 SV=1","1110.02677772918","763.483893523465","684.438467895439","2977.59529563795","1922.4109298436","1888.47999282121","1100.53955601721","503.95215287743","475.407826151252","2989.98886889872","1244.85694342507","2138.81949200621"
"P04344","2","2","6.2961","0.0100140008470412","0.0725629532214286","3.07883195871736","0.922633816475714","STZ_1_mes","STZ_3_meses","21599.0254","Gamma-crystallin B OS=Mus musculus OX=10090 GN=Crygb PE=2 SV=4","659.040922270652","660.357425860799","780.299301861886","241.724255057734","132.627459490866","307.626931297362","653.408204689159","435.881554613201","541.992322532886","242.730378108893","85.882893856343","348.406379430012"
"P35700;B1AXW5;B1AXW6","7","5","39.6823","0.0102905069760945","0.0725629532214286","1.46646651060255","0.918996129062281","STZ_1_mes","STZ_3_meses","22404.6355","Peroxiredoxin-1 OS=Mus musculus OX=10090 GN=Prdx1 PE=1 SV=1","257704.577695193","275303.939539359","298295.89155325","189787.684631781","212301.058503614","164787.078969966","255502.017798588","181719.633123123","207194.960548075","190577.633345403","137475.522362026","186631.480275945"
"A0A0A0MQ97;G3X9C2","6","3","37.2373","0.0111637889513887","0.0758146345255643","2.58862541791486","0.907466738879907","STZ_3_meses","STZ_1_mes","33198.6553","F-box only protein 50 OS=Mus musculus OX=10090 GN=Nccrp1 PE=1 SV=1","827.972710308305","1157.62558774995","1123.39371784478","2228.93875707253","2115.38557433293","3703.69142505549","820.896159695512","764.112919894436","780.304133043188","2238.21621523484","1369.81764894763","4194.65784249634"
"Q8VFX0","2","1","11.5306","0.011779937758599","0.0758146345255643","163.244516686108","0.899326555898604","STZ_1_mes","STZ_3_meses","35085.2119","Olfactory receptor OS=Mus musculus OX=10090 GN=Or5b101 PE=3 SV=1","264.932036277285","98.6502023886745","1266.55045478402","0","0","9.98583429656297","262.667704445662","65.115953718595","879.74014708907","0","0","11.3095701932888"
"Q921L8","1","1","4.9434","0.0123758259170665","0.0758146345255643","3.79813086380118","0.891474047939876","STZ_1_mes","STZ_3_meses","70056.9367","Polypeptide N-acetylgalactosaminyltransferase 11 OS=Mus musculus OX=10090 GN=Galnt11 PE=1 SV=1","846.342153276639","1134.0221736247","1198.49668139471","342.762578855229","139.162157738662","355.029313250153","839.108601966509","748.533034759225","832.470307671828","344.189251290638","90.1144368426382","402.092486179119"
"Q61781","42","11","292.7857","0.0127183916698403","0.0758146345255643","6.40321589370805","0.886975334799283","STZ_3_meses","STZ_1_mes","53209.2697","Keratin_ type I cytoskeletal 14 OS=Mus musculus OX=10090 GN=Krt14 PE=1 SV=2","3588.91805135437","703.055823269105","1141.2143475862","11281.4281043164","10445.0428434074","13063.4062302367","3558.24414155109","464.065448839216","792.6822608712","11328.384521094","6763.68611212895","14795.1092854764"
"P62962;Q5SX49;J3QMC2","4","3","23.6583","0.0127336998319988","0.0758146345255643","1.39420114912609","0.886774628062399","STZ_3_meses","STZ_1_mes","15128.3395","Profilin-1 OS=Mus musculus OX=10090 GN=Pfn1 PE=1 SV=2","1089.6381280056","1270.95034949242","1035.09484695117","1542.92426349358","1467.84084743381","1723.500482088","1080.32516482884","838.915097306298","718.972141590086","1549.34634003414","950.500146667173","1951.97007094843"
"P28666","8","2","52.2975","0.0129066850471403","0.0758146345255643","1.89754604685553","0.884508727216871","STZ_3_meses","STZ_1_mes","163807.927","Murinoglobulin-2 OS=Mus musculus OX=10090 GN=Mug2 PE=1 SV=2","8304.1503437738","7430.18742509848","9008.04920141692","12017.3033697243","19163.7277386384","15768.7874768794","8233.17609610557","4904.43738358457","6256.94973264328","12067.3227024146","12409.4693631879","17859.1195824472"
"Q8CDG5;B8JJI2;B8JJI3","11","6","57.7598","0.0139019315355177","0.0758146345255643","2.10482562979539","0.871560970983102","STZ_3_meses","STZ_1_mes","73111.547","CREB3 regulatory factor OS=Mus musculus OX=10090 GN=Crebrf PE=2 SV=1","1277.21815409945","1259.58222663523","1177.28009313661","3033.5894779033","1806.25424521029","2977.64804941329","1266.30197437694","831.411350289946","817.733362606264","3046.21611440174","1169.63969764985","3372.36916071599"
"P07901;B7ZC50","23","12","138.422","0.0139122424339688","0.0758146345255643","1.46467875971146","0.871427726292283","STZ_1_mes","STZ_3_meses","85187.2283","Heat shock protein HSP 90-alpha OS=Mus musculus OX=10090 GN=Hsp90aa1 PE=1 SV=4","79068.1205964203","76339.0127170031","81080.7535751976","50590.3966015148","63786.9257639082","47083.2609335448","78392.3379887416","50389.0260601664","56318.3202113338","50800.9677921299","41305.2153440477","53324.6826096579"
"A0A494BBH0;A0A0G2JET8;A0A1Y7VLR3;A2AM74;P08032;Q0VDM6;Q3UUG6;Q3UUG6-2;Q6VGS5;Q6VGS5-2;Q8BJD1;Q8BQM9;Q8BQM9-2;Q8BQM9-3;Q8BQM9-4;Q8C0V0;Q9WVF7","70","40","317.1815","0.013977136928579","0.0758146345255643","1.60863239238518","0.870589575671479","STZ_1_mes","STZ_3_meses","45118.7246","Lipase OS=Mus musculus OX=10090 GN=Gm8978 PE=3 SV=1","101692.395548502","145852.842745688","129090.251310568","73210.3646172706","82622.8252397025","78300.7809542857","100823.246873581","96272.9596897824","89665.4975305267","73515.0863565416","53502.3995589787","88680.4399204402"
"Q02257","31","27","189.1552","0.0147817770564908","0.0781746759103902","1.8925847059373","0.860267372935537","STZ_3_meses","STZ_1_mes","82542.2952","Junction plakoglobin OS=Mus musculus OX=10090 GN=Jup PE=1 SV=3","13633.5318022629","8464.87967146255","8395.25234595134","18395.4044788643","19727.8288964872","19588.6083977624","13517.0081818239","5587.40579921721","5831.30384248019","18471.9712283498","12774.7529933633","22185.3012060887"
"P11881;P11881-2;P11881-3;P11881-4;P11881-5;P11881-6;P11881-7;P11881-8","4","2","19.9925","0.0178530842465155","0.0913871711020153","1.44862167834508","0.82227930029948","STZ_1_mes","STZ_3_meses","316589.3652","Inositol 1_4_5-trisphosphate-gated calcium channel ITPR1 OS=Mus musculus OX=10090 GN=Itpr1 PE=1 SV=2","4258.16505256032","4521.3387253269","5767.26476383745","3410.7382699179","3334.56854193792","3296.49275471086","4221.77119544775","2984.39613965026","4005.91569998304","3424.93470375948","2159.299418411","3733.4803576605"
"Q61171","5","3","32.7969","0.0181440858179178","0.0913871711020153","3.4157071548006","0.818808475271399","STZ_3_meses","STZ_1_mes","21949.7644","Peroxiredoxin-2 OS=Mus musculus OX=10090 GN=Prdx2 PE=1 SV=3","1625.81051729894","781.37646601298","488.749430353081","3280.21657301889","3402.87717681312","3208.57697817114","1611.91497428256","515.762487716313","339.483116621548","3293.8697395417","2203.53266589218","3633.9103451463"
"Q3UV11;Q9Z331","26","1","210.4656","0.0191293062471938","0.0927290520659333","8.80627589154027","0.807231552184339","STZ_3_meses","STZ_1_mes","59868.6585","Keratin 6B OS=Mus musculus OX=10090 GN=Krt6b PE=1 SV=1","662.951773345578","162.524179676272","96.1039403979947","4248.83600376989","2234.65309727294","1632.1976965086","657.285630344109","107.277194630142","66.7533569959425","4266.52083164521","1447.04931765702","1848.56406282867"
"Q9Z0S1;A0A1B0GRV0;D3Z0E6","7","5","34.6851","0.0194140971702815","0.0927290520659333","1.44824252310654","0.803935519752091","STZ_3_meses","STZ_1_mes","33538.2313","3'(2')_5'-bisphosphate nucleotidase 1 OS=Mus musculus OX=10090 GN=Bpnt1 PE=1 SV=2","5110.84600975643","4918.91039507192","4239.59713873782","7523.10749407697","7286.42609677771","5855.95098817879","5067.16442458829","3246.82092763949","2944.80476189765","7554.42074340037","4718.32425550417","6632.22388659724"
"P63154","6","3","29.5977","0.0197255399926857","0.0927290520659333","2.743326763686","0.800357039149881","STZ_3_meses","STZ_1_mes","83700.9527","Crooked neck-like protein 1 OS=Mus musculus OX=10090 GN=Crnkl1 PE=1 SV=1","3108.26208750515","2705.85223433296","2242.87829309216","9479.97942704749","4368.15365724988","8254.83039106128","3081.69626751349","1786.04954266581","1557.89299353593","9519.43771733691","2828.59732316312","9349.10203482289"
"P17897","3","1","22.8368","0.0201935614577941","0.0928655257434555","5.70763284113858","0.79503061749236","STZ_3_meses","STZ_1_mes","17250.4463","Lysozyme C-1 OS=Mus musculus OX=10090 GN=Lyz1 PE=1 SV=1","3052.30632842267","1072.19707959532","481.851639403553","9987.639011684","7906.07278902951","8397.67154589415","3026.2187533735","707.724198446826","334.691942609012","10029.2103212487","5119.57638913763","9510.87840914434"
"Q3UWK8;W4VSP4","25","21","178.8624","0.0209136443718051","0.0941307011817085","2.49548912329802","0.786955428155844","STZ_3_meses","STZ_1_mes","43486.2292","OTTMUSG00000000712 protein OS=Mus musculus OX=10090 GN=Serpinb6d PE=1 SV=1","11033.5740831099","5298.8180665033","8127.17459198316","26278.1895601253","17814.5173065109","16945.8758975993","10939.2718863502","3497.58625554828","5645.09826194729","26387.5666363018","11535.7883262662","19192.2444593963"
"Q6P5G3;A2ABG6;Q5NC75;Q6P5G3-2;Q5NC76","6","5","30.3017","0.0215273542701544","0.0948743587485031","1.58821733257853","0.78018743402495","STZ_1_mes","STZ_3_meses","71810.0766","MBT domain-containing protein 1 OS=Mus musculus OX=10090 GN=Mbtd1 PE=1 SV=1","38885.0161594363","42578.2530646598","46038.857402829","26441.3476833086","32436.173815759","21402.5031622427","38552.6721322654","28104.5906530782","31978.3795666349","26551.4038686158","21004.040065448","24239.6483495406"
"Q8BHN3;Q8BHN3-2","6","6","33.1044","0.0221680924621861","0.0957043498129754","2.00591014956191","0.773232871380423","STZ_1_mes","STZ_3_meses","107367.5114","Neutral alpha-glucosidase AB OS=Mus musculus OX=10090 GN=Ganab PE=1 SV=1","1739.10284530201","1573.13784854181","1803.04937201573","627.290803926493","718.95184978986","1203.86661562292","1724.23901083934","1038.37973829012","1252.38983867916","629.901761347624","465.557175266383","1363.45282611296"
"P15864;P43277","1","1","5.6778","0.0229227679476007","0.0969831948310112","7.23331205459387","0.765186350916431","STZ_3_meses","STZ_1_mes","21266.6702","Histone H1.2 OS=Mus musculus OX=10090 GN=H1-2 PE=1 SV=2","129.183256917413","183.004710322198","64.5142163407359","1741.63662616089","503.329183990903","479.838635331764","128.079148237839","120.795760769703","44.8112792968942","1748.88579838775","325.930746539465","543.446703256865"
"Q61753;F6ZSB7","9","5","52.2163","0.02344486670971","0.0972471818982054","2.00454564951179","0.759710217196646","STZ_1_mes","STZ_3_meses","57384.0209","D-3-phosphoglycerate dehydrogenase OS=Mus musculus OX=10090 GN=Phgdh PE=1 SV=3","10665.3915360736","11002.7850313811","10102.6013954067","5877.63479592172","3395.8361241324","6575.89522962634","10574.2361367825","7262.59879382986","7017.22067526548","5902.09913382218","2198.9732331598","7447.60492458499"
"P02815;A0A2I3BRY2","15","12","65.6697","0.0239511600888023","0.097436717076315","2.22940813919643","0.754469799939116","STZ_1_mes","STZ_3_meses","14859.5094","Mucin-like protein 2 OS=Mus musculus OX=10090 GN=Mucl2 PE=2 SV=2","76279.7234924265","134064.248711808","127313.725251028","59814.6186471287","53040.2167767077","38601.3701576901","75627.7728697749","88491.6726277142","88431.5306632579","60063.5835952377","34346.185360394","43718.4207538654"
"Q8C6C9;D3YTP1;D3Z001","50","35","249.1019","0.025052852381273","0.0999955659607437","1.37143512952044","0.74330088473432","STZ_1_mes","STZ_3_meses","38626.3357","Protein LEG1 homolog OS=Mus musculus OX=10090 GN=Leg1 PE=2 SV=2","271755.659997543","237179.534524932","237328.982357929","153756.980039886","196521.12146464","193870.258718211","269433.007743015","156554.890098192","164847.624553313","154396.959018651","127257.226218976","219569.966239008"
"Q0VGU8","21","20","145.1956","0.0256940030477932","0.100655484686543","1.31811233046954","0.736945976338125","STZ_1_mes","STZ_3_meses","40101.9387","BPI fold containing family A_ member 6 OS=Mus musculus OX=10090 GN=Bpifa6 PE=1 SV=1","95913.6776721739","118428.741531311","118870.924559438","82763.3002675779","89854.5930110207","80177.9694565794","95093.9187766742","78171.1569340845","82567.199957594","83107.7839610711","58185.3298230589","90806.4711064407"
"P81117;Q3UKN6","14","12","84.3814","0.0269097745600024","0.1035015378984","1.54958153360324","0.72518106561144","STZ_1_mes","STZ_3_meses","50418.6216","Nucleobindin-2 OS=Mus musculus OX=10090 GN=Nucb2 PE=1 SV=2","22043.6657132193","31447.1246486467","29123.414651157","18759.0254454674","19022.5498061735","15532.3054455046","21855.2620204781","20757.2763524229","20228.9904773781","18837.1056857538","12318.0496116878","17591.2891684972"
"Q9D478;Q9D478-2;Q9D478-3;A0A0G2JFI3","3","2","19.6493","0.0292608829738733","0.108598580856384","13.3500738122364","0.703447895562228","STZ_3_meses","STZ_1_mes","74834.9428","Protein BCAP OS=Mus musculus OX=10090 GN=Odf2l PE=2 SV=1","174.512016771574","22.2854114358958","6.43695334541435","1249.49422135401","462.252809282967","1001.44696427824","173.020490415875","14.7099122406487","4.47107832262866","1254.69496108984","299.331745528758","1134.2001480296"
"O88852","4","2","17.9239","0.0299296442866598","0.108598580856384","1.92516590536075","0.697500802334904","STZ_1_mes","STZ_3_meses","43221.8347","Testis-specific Y-encoded-like protein 1 OS=Mus musculus OX=10090 GN=Tspyl1 PE=2 SV=1","23221.5678997353","28941.5250542492","30143.8480957112","12351.8031155199","19895.3732125521","10505.9915004806","23023.0968649959","19103.4073965002","20937.7788759893","12403.2147284544","12883.2462930772","11898.6801499076"
"Q61362;Q61362-2;Q61362-3;D3YXU4;D3Z2Z5","4","3","22.2315","0.0313869622457092","0.108598580856384","1.64218737627674","0.684884608310607","STZ_1_mes","STZ_3_meses","44178.3342","Chitinase-3-like protein 1 OS=Mus musculus OX=10090 GN=Chi3l1 PE=1 SV=3","86419.6202831084","135031.727719761","127258.333814546","69976.6173210328","76925.7368420709","65442.2825421359","85681.0055808871","89130.2756592348","88393.0560250836","70267.8793117337","49813.2507204028","74117.4013145869"
"A2ALR9;Q3V0C5;Q3V0C5-2;Q3V0C5-5","3","2","13.917","0.0314793129108051","0.108598580856384","4.89716582887282","0.684100590042282","STZ_3_meses","STZ_1_mes","120766.7659","Ubiquitin carboxyl-terminal hydrolase 48 OS=Mus musculus OX=10090 GN=Usp48 PE=1 SV=1","474.058080801311","84.2042435712612","95.2766912889471","1134.42123305282","1325.47145463365","740.596247646305","470.006382043094","55.5806221835488","66.1787535522945","1139.143007258","858.308865184548","838.770702466499"
"A0A0R4J135;P17563;Q63836;D6RHN2;G3UWK0;G3UZT2","2","2","11.1236","0.0314949250522713","0.108598580856384","2.69045626967628","0.68396822862158","STZ_3_meses","STZ_1_mes","53198.4065","Methanethiol oxidase OS=Mus musculus OX=10090 GN=Selenbp2 PE=1 SV=1","1121.81637208724","739.491139252318","544.718710422544","3122.34933625501","1488.73533177563","1862.22366531474","1112.22838659388","488.115276329055","378.35912230675","3135.34541577638","964.030367239897","2109.08258969705"
"F6RR30","9","2","68.7556","0.032170920602154","0.108598580856384","1.19914306147979","0.678286307023063","STZ_1_mes","STZ_3_meses","45055.7723","Lipase OS=Mus musculus OX=10090 GN=Lipo4 PE=3 SV=2","32843.0544031209","30807.4199970172","27680.5113184946","25355.0556396953","26500.0111258558","24308.4775624518","32562.3500588004","20335.0270566236","19226.7564287328","25460.5903777645","17160.0787005238","27530.8427037647"
"P01027;H3BKW9;P01027-2","6","6","36.3423","0.0336381873554426","0.108598580856384","1.4005505134236","0.666276825171273","STZ_3_meses","STZ_1_mes","188023.9467","Complement C3 OS=Mus musculus OX=10090 GN=C3 PE=1 SV=3","1081.97112218702","1024.59307928987","1311.88333495722","1784.62212870009","1623.04027709396","1380.04604647038","1072.72368768536","676.30226716181","911.228158104264","1792.05021844998","1050.99951682201","1562.98684406365"
"P17047;P17047-2;P17047-3","6","6","27.1471","0.0338560603898321","0.108598580856384","1.58562803781228","0.664530294815868","STZ_3_meses","STZ_1_mes","46194.3512","Lysosome-associated membrane glycoprotein 2 OS=Mus musculus OX=10090 GN=Lamp2 PE=1 SV=2","1921.98197302488","2060.60138367871","1696.80971796167","3363.96538881925","2280.28901222345","3361.15049590344","1905.55509984457","1360.13937207593","1178.5962613833","3377.96714102315","1476.6008483489","3806.70921774769"
"Q8BGZ7","26","11","211.1681","0.0343450980184241","0.108598580856384","1.68596563079389","0.660643786205653","STZ_3_meses","STZ_1_mes","59968.7134","Keratin_ type II cytoskeletal 75 OS=Mus musculus OX=10090 GN=Krt75 PE=1 SV=1","10649.4949145931","19181.721099725","14167.2722155898","23008.5370434821","26266.191697344","24905.2102216879","10558.4753811888","12661.2620463928","9840.52241718172","23104.3049236535","17008.6689605083","28206.6790631345"
"Q61838","17","17","116.5311","0.0346639547013684","0.108598580856384","2.26281199089573","0.658134606995681","STZ_3_meses","STZ_1_mes","167221.5021","Pregnancy zone protein OS=Mus musculus OX=10090 GN=Pzp PE=1 SV=3","1985.16074333661","1017.43829198701","1496.95275692964","2335.31375859654","4176.77015578006","3669.55583479046","1968.19389128961","671.579612898578","1039.77653128019","2345.0339788684","2704.66696209246","4155.99719154557"
"Q45VK7;Q45VK7-2;D3Z025;Q45VK7-3","8","6","47.9711","0.0351964947613066","0.108598580856384","1.84467011600721","0.653986974539122","STZ_3_meses","STZ_1_mes","495761.6297","Cytoplasmic dynein 2 heavy chain 1 OS=Mus musculus OX=10090 GN=Dync2h1 PE=1 SV=1","44755.4229548697","28908.89762204","23941.4910567739","51168.1462751196","69075.2167859287","59807.1608082365","44372.9054977192","19081.8710355577","16629.6500737585","51381.1222193009","44729.6474961008","67735.2801112342"
"P63017;Q504P4;D3Z5E2","8","2","51.569","0.0355442111774761","0.108598580856384","1.85510729558611","0.651307510899592","STZ_3_meses","STZ_1_mes","71099.2839","Heat shock cognate 71 kDa protein OS=Mus musculus OX=10090 GN=Hspa8 PE=1 SV=1","446.318581813199","349.093072883611","266.202787887328","592.059545708662","541.683342080501","835.665809748255","442.503968125683","230.425562512389","184.903237677534","594.523860911345","350.766976538919","946.442816173343"
"F8WIR1;P18242","15","8","98.3189","0.035597352109513","0.108598580856384","1.60671747195237","0.650899988234497","STZ_1_mes","STZ_3_meses","44671.3174","Cathepsin D OS=Mus musculus OX=10090 GN=Ctsd PE=1 SV=2","26126.5001923092","31100.3221774195","22085.051852997","12851.1823897496","18224.9870576251","18286.5066965224","25903.2011648845","20528.3627453635","15340.1759023792","12904.6725570225","11801.5879593248","20710.5911166129"
"B1AZM5","2","1","16.4812","0.0356063228535221","0.108598580856384","4.84326657829369","0.650831245582052","STZ_1_mes","STZ_3_meses","13672.6566","Predicted gene 12886 OS=Mus musculus OX=10090 GN=Gm12886 PE=4 SV=1","2853.37190641088","2300.74371455978","9201.25563663022","1236.50084413628","845.40585228645","882.078668731042","2828.98459211725","1518.64991260091","6391.15003796162","1241.64750185073","547.442447862382","999.008227429737"
"P14069","3","2","21.4435","0.0360260900996012","0.108598580856384","1.52752809835764","0.647631096032754","STZ_1_mes","STZ_3_meses","10107.6646","Protein S100-A6 OS=Mus musculus OX=10090 GN=S100a6 PE=1 SV=3","4747.97451027357","6993.03404522621","5249.8827472105","4090.73796837756","3265.82439217216","3766.56612460117","4707.39432989819","4615.88593044576","3646.54452002776","4107.76474860387","2114.78415332004","4265.86729848927"
"P62259;D6REF3;F6WA09","5","2","37.2307","0.036448785826257","0.108598580856384","1.4608096160208","0.644440990493717","STZ_1_mes","STZ_3_meses","29345.0493","14-3-3 protein epsilon OS=Mus musculus OX=10090 GN=Ywhae PE=1 SV=1","21796.5326496556","27218.8799457049","23053.5840029597","19974.522502191","14101.894740157","15258.5513996534","21610.2411637668","17966.3425304842","16012.9138993934","20057.6619766328","9131.68007433362","17281.2459106878"
"Q3V1U8","2","1","11.1461","0.0370964075656326","0.108993046257801","33.478663050241","0.639615298234885","STZ_1_mes","STZ_3_meses","38604.8084","ELMO domain-containing protein 1 OS=Mus musculus OX=10090 GN=Elmod1 PE=1 SV=2","446.691449066492","1142.20900200093","1122.96524082708","21.3164939028418","0","59.6863134023616","442.873648542072","753.936907480628","780.006514868442","21.4052190325579","0","67.5984130074119"
"P16627","12","2","83.2323","0.0386247420333163","0.111920832562852","4.09134108689118","0.628515543854679","STZ_3_meses","STZ_1_mes","71036.5741","Heat shock 70 kDa protein 1-like OS=Mus musculus OX=10090 GN=Hspa1l PE=1 SV=4","12672.4247068973","4446.45627064632","5125.76227851721","14240.4124925334","43038.2983554955","33731.7120687295","12564.1155154122","2934.96854259269","3560.33101074942","14299.6850188395","27869.4444092644","38203.2341065792"
"P21956;P21956-2","15","11","86.9946","0.0391892963044657","0.111920832562852","1.95804555453864","0.62451471670198","STZ_1_mes","STZ_3_meses","52381.5735","Lactadherin OS=Mus musculus OX=10090 GN=Mfge8 PE=1 SV=3","8891.49491241651","7249.71257300338","12816.5841202565","3866.71880260598","4602.20803536381","6320.20385337382","8815.5007244587","4785.31150414548","8902.34065018484","3882.81315324829","2980.15920476243","7158.01874864155"
"P07744","6","1","51.7206","0.0396801004206583","0.111920832562852","2.5426100996315","0.621078811543714","STZ_1_mes","STZ_3_meses","56625.623","Keratin_ type II cytoskeletal 4 OS=Mus musculus OX=10090 GN=Krt4 PE=1 SV=2","1523.71218151064","826.541750312363","1753.38368344011","566.645320554749","351.535889561495","695.765661194405","1510.68925667562","545.574697837672","1217.89227878507","569.003854739517","227.637018802915","787.997311958849"
"REVERSE6041","2","1","17.57","0.0410967876499665","0.113884294309339","3.24891192857055","0.611375667510383","STZ_3_meses","STZ_1_mes","35018.0115","Reversed Sequence 6041","166.000142989149","40.8482105029842","82.6886393783365","409.200080650711","305.817570356905","225.6625388917","164.581366260196","26.9626429565756","57.4351503286125","410.903284301417","198.032127247191","255.576674697062"
"P08113","19","9","107.6025","0.0415031582624538","0.113884294309339","1.35306474351865","0.60864963610275","STZ_1_mes","STZ_3_meses","92761.0585","Endoplasmin OS=Mus musculus OX=10090 GN=Hsp90b1 PE=1 SV=2","57603.659225736","61064.2425271164","71253.190612651","41619.8637333668","54442.6735084375","44301.1026174482","57111.3299437224","40306.6217197469","49492.1399722907","41793.0970908477","35254.3460315826","50173.7175695544"
"D3YYP5;E9Q5V3;Q9Z2D3;E9Q308","2","1","22.1562","0.0426657988668395","0.113884294309339","3.16507176488875","0.600986719392309","STZ_3_meses","STZ_1_mes","44847.9088","Gasdermin E OS=Mus musculus OX=10090 GN=Gsdme PE=1 SV=2","267.555930067544","999.315778248722","397.487417510092","2451.31058652089","1501.90016810024","1314.60532116679","265.269172234462","659.61750093861","276.09294033692","2461.51361759884","972.55525526115","1488.87120641728"
"Q8VE42","2","2","10.78","0.0426675270265531","0.113884294309339","2.22370914091765","0.600975476939274","STZ_3_meses","STZ_1_mes","27225.2111","Ankyrin repeat domain-containing protein 49 OS=Mus musculus OX=10090 GN=Ankrd49 PE=1 SV=1","1161.94320717387","792.342379582152","1597.36101072571","2826.17180971015","1775.8451929741","3295.81200144495","1152.01226402516","523.000748795991","1109.51964465546","2837.93511663855","1149.94831989522","3732.70936280754"
"Q6IFX3","6","1","49.6503","0.0430679687280336","0.113884294309339","2.64819377221496","0.598382045734527","STZ_1_mes","STZ_3_meses","51038.0212","Keratin_ type I cytoskeletal 40 OS=Mus musculus OX=10090 GN=Krt40 PE=2 SV=1","733.538592917396","1309.43236417903","1681.19710575","672.181407896465","314.24057633978","419.882985558888","727.269155634513","864.315887438066","1167.75181242222","674.979212398473","203.486443657651","475.543250280086"
"REVERSE17784","5","2","35.939","0.0436405007435881","0.113973566675942","2.8560292673404","0.594713849040556","STZ_3_meses","STZ_1_mes","45134.8528","Reversed Sequence 17784","29847.3309598874","18887.9232475123","29774.1964166648","62023.3057895664","119420.639410326","42781.3435452522","29592.2305857267","12467.335152336","20681.0205121455","62281.4639030293","77330.8192594912","48452.4971493634"
"Q99N75;D3Z4E7;D3Z617","29","28","116.1191","0.0456809053350304","0.117847475346916","1.32839710574286","0.582009154534495","STZ_1_mes","STZ_3_meses","16316.897","Prolactin-induced protein OS=Mus musculus OX=10090 GN=Sval2 PE=1 SV=1","338730.446723501","379608.289595639","346042.706727423","255376.211327077","317019.870096966","228856.374219739","335835.371655821","250567.715199563","240359.679762932","256439.157587361","205286.174962619","259193.889218707"
"A0A1B0GT39","1","1","4.4737","0.0473551116730132","0.119035727698091","11.4578937617985","0.571994302608723","STZ_1_mes","STZ_3_meses","8403.4742","Predicted gene_ 40193 OS=Mus musculus OX=10090 GN=Gm40193 PE=4 SV=1","158.152854082139","250.486550198881","121.20933387932","0","0","46.2431184278297","156.801146879068","165.338440418176","84.1914483649569","0","0","52.3731696605575"
"A8R0U8","10","7","49.6451","0.0476523079102731","0.119035727698091","1.40821729337069","0.570253456568824","STZ_1_mes","STZ_3_meses","9992.8493","Exocrine gland secreted peptide 15 OS=Mus musculus OX=10090 GN=Esp15 PE=4 SV=1","60101.4259305872","77042.767038826","77295.8960135802","47967.1449769823","59804.9209122617","44505.6330088517","59587.748635184","50853.5525663415","53689.3754777139","48166.7974704737","38726.6686288936","50405.3607902951"
"P06797;A0A1Y7VNM3;A0A1Y7VNQ4","4","2","20.1806","0.0482601187999052","0.119035727698091","4.05640125373339","0.566726889390321","STZ_1_mes","STZ_3_meses","38117.7169","Procathepsin L OS=Mus musculus OX=10090 GN=Ctsl PE=1 SV=2","1032.94845455294","3877.84376133173","3570.80159025282","614.44148595519","569.118498243628","907.355898033315","1024.12000896766","2559.6449756479","2480.26243594898","616.998960969272","368.532608284676","1027.63624093326"
"REVERSE35176","1","1","6.9377","0.0488599264883508","0.119035727698091","17.8340782998466","0.563290455133485","STZ_3_meses","STZ_1_mes","26310.3022","Reversed Sequence 35176","0","8.41326548824901","0","117.036812284856","16.5987759262843","16.40724726369","0","5.55333686997047","0","117.523951792828","10.7485351562546","18.5822144746799"
"REVERSE175","2","1","17.11","0.0492268898840197","0.119035727698091","1.72577118666056","0.56120908387031","STZ_1_mes","STZ_3_meses","53020.3235","Reversed Sequence 175","16806.3617757878","30384.1959381325","26056.342352573","13017.5239925309","15686.0558189175","13739.4164748838","16662.7204839402","20055.6699183346","18098.6161011364","13071.7065194551","10157.5033714157","15560.7323757625"
"P11679","28","12","214.1394","0.0495177120956148","0.119035727698091","1.97699633003809","0.559570773105663","STZ_3_meses","STZ_1_mes","54565.4475","Keratin_ type II cytoskeletal 8 OS=Mus musculus OX=10090 GN=Krt8 PE=1 SV=4","17100.1775659138","26175.6254167068","21026.6039984563","54826.4376740331","44564.1477657101","27735.0371744615","16954.0250774001","17277.7224163631","14604.9828686374","55054.640436489","28857.50799309","31411.6317598029"
"G3X977;Q61703;F6SGM1","6","5","32.0148","0.0521499816317925","0.12176062421726","1.19994792286242","0.545177303491301","STZ_1_mes","STZ_3_meses","106760.7795","Inter-alpha-trypsin inhibitor heavy chain H2 OS=Mus musculus OX=10090 GN=Itih2 PE=1 SV=1","1998.27966620238","1968.62768592806","1886.65952522911","1841.24437183185","1556.22745609111","1480.7122714304","1981.2006888154","1299.4303729959","1310.46506829851","1848.90813898204","1007.73488341609","1676.99752193666"
"Q8BND5-3","31","2","281.5185","0.0523779896185933","0.12176062421726","1.2474642200191","0.543966218345387","STZ_1_mes","STZ_3_meses","64077.8522","Isoform 3 of Sulfhydryl oxidase 1 OS=Mus musculus OX=10090 GN=Qsox1","20501.4141884445","24966.1661850523","23694.9304337811","20458.0888128584","18033.6275172143","16950.7642616506","20326.1918733463","16479.3957079936","16458.3901938866","20543.2410237209","11677.6731142347","19197.7808316939"
"Q8BND5;Q8BND5-2;Q8BND5-4","41","9","279.2434","0.052377989618615","0.12176062421726","1.2474642200191","0.543966218344968","STZ_1_mes","STZ_3_meses","83583.8048","Sulfhydryl oxidase 1 OS=Mus musculus OX=10090 GN=Qsox1 PE=1 SV=1","22120.342863458","26937.6615155996","25566.0404937554","22073.5962266726","19457.68326448","18289.3098894955","21931.2838233511","17780.7189246916","17758.0546748111","22165.472625176","12599.8202250777","20713.765904693"
"P70704;A0A140LHU4;A0A140LIB1","7","6","44.539","0.0539975579371744","0.12416114951241","2.00798908452183","0.535520009742792","STZ_1_mes","STZ_3_meses","132725.2113","Phospholipid-transporting ATPase IA OS=Mus musculus OX=10090 GN=Atp8a1 PE=1 SV=2","6896.53660766818","14229.2828509855","11885.2181206575","6752.92923433205","4569.26411733317","5117.65576592705","6837.59300995109","9392.31041739799","8255.41809105104","6781.03678921471","2958.82637499777","5796.05923660904"
"Q9EPK6;A0A494B9H1;A0A494B9B2;A0A494B9L8","18","14","121.9037","0.0556120498996969","0.126498503623805","1.61200093474854","0.527363531686479","STZ_1_mes","STZ_3_meses","52772.1901","Nucleotide exchange factor SIL1 OS=Mus musculus OX=10090 GN=Sil1 PE=1 SV=2","4337.52281843392","4200.78531960285","3830.23829342196","2949.91057684061","1705.51670599828","3017.36382096286","4300.45070316171","2772.8087305416","2660.46598215925","2962.1889186624","1104.40711745337","3417.34970943941"
"Q9CR35","1","1","5.6579","0.0564591264716435","0.127059088038415","4.54803527260503","0.523184942589308","STZ_3_meses","STZ_1_mes","28449.1978","Chymotrypsinogen B OS=Mus musculus OX=10090 GN=Ctrb1 PE=1 SV=1","306.120720846911","147.79319472149","852.90338763558","3313.60209964266","981.980901739543","1647.86818844008","303.504355901874","97.5537261392652","592.422788099067","3327.39422593971","635.881603076787","1866.31185667334"
"A0A0N4SV66;C0HKE1;C0HKE2;C0HKE3;C0HKE4;C0HKE5;C0HKE6;C0HKE7;C0HKE8;C0HKE9;Q64523;Q6GSS7;Q8BFU2;Q8CGP4;Q8CGP5;Q8CGP6;Q8CGP7;Q8R1M2","1","1","13.8698","0.0575591311182971","0.128171083929123","4.06767667426792","0.51785866184809","STZ_3_meses","STZ_1_mes","13659.9571","Histone H2A OS=Mus musculus OX=10090 GN=H2aj PE=1 SV=1","295.052814289272","134.846299373609","58.4051040912676","1071.37372977262","566.175355386834","348.714591345735","292.531044975175","89.0078801312603","40.5679178985144","1075.83308287177","366.626776516922","394.940676074109"
"A8R0V1","19","17","108.1399","0.058304093333596","0.128477549958537","1.3168271696402","0.514313997015653","STZ_1_mes","STZ_3_meses","10817.7247","Exocrine gland secreted peptide 18 OS=Mus musculus OX=10090 GN=Esp18 PE=2 SV=1","155580.087137432","132125.210547615","117806.303796914","100384.8644547","115376.748358877","92184.3430651761","154250.368962831","87211.7733847229","81827.7192502293","100802.69396085","74712.1981438382","104404.426075512"
"Q6IFX2","34","14","274.9775","0.0590837783766004","0.12885342271138","2.4560763222922","0.510656781545237","STZ_3_meses","STZ_1_mes","50475.3422","Keratin_ type I cytoskeletal 42 OS=Mus musculus OX=10090 GN=Krt42 PE=1 SV=1","19765.9910572138","12909.7088648788","5180.55728593838","32938.1900011901","29250.5886985395","30789.0782795186","19597.0542862466","8521.30035835069","3598.39137202944","33075.2878369689","18941.2148440138","34870.5207444439"
"Q7SIG6;D3YX85;E9PX52","5","3","28.9227","0.0598246789725626","0.129137904255982","3.33977708299858","0.507230315816716","STZ_3_meses","STZ_1_mes","108059.5925","Arf-GAP with SH3 domain_ ANK repeat and PH domain-containing protein 2 OS=Mus musculus OX=10090 GN=Asap2 PE=1 SV=3","3847.89404144121","917.512842608848","593.402157360702","4363.51623744181","6605.97893756194","6927.73245366551","3815.00670518253","605.621908003235","412.174421656575","4381.67839609464","4277.70078752767","7846.08217382719"
"Q8K2F8","3","3","18.4141","0.0634785107945148","0.134497036342218","1.18629753313046","0.490994791559415","STZ_1_mes","STZ_3_meses","50774.1916","Protein LSM14 homolog A OS=Mus musculus OX=10090 GN=Lsm14a PE=1 SV=1","8273.44047555098","9037.88785084773","8215.41931948502","7999.33474352577","7026.3936954847","6492.2693085888","8202.72870022524","5965.63081230147","5706.39264564838","8032.63018207195","4549.94030843026","7352.89343670479"
"P02525","4","1","17.7175","0.0635789398170428","0.134497036342218","3.49454221969727","0.490563448481067","STZ_3_meses","STZ_1_mes","23857.5657","Beta-crystallin A1 OS=Mus musculus OX=10090 GN=Cryba1 PE=2 SV=2","7.61388913225041","3.31674830849011","17.8514280834754","51.1918974268788","20.6962915778017","28.6919541397852","7.54881443699324","2.18928318566394","12.3995202153906","51.4049722299077","13.4018808745913","32.4953989511133"
"A0A2R8VHP3","25","14","198.6123","0.064519610400422","0.135135606594686","1.67360350208124","0.486560308084026","STZ_3_meses","STZ_1_mes","58147.9666","Predicted pseudogene 5478 OS=Mus musculus OX=10090 GN=Gm5478 PE=1 SV=1","28508.4237074352","46809.0803714704","22794.6062360889","61045.6728589855","50279.6255111316","52875.4730496382","28264.7667598753","30897.2291721176","15833.0291282347","61299.7617944225","32558.5648513956","59884.7183118248"
"P08730;P08730-2","26","10","217.5342","0.0664779485063594","0.137554760190156","2.28971218898509","0.4784352805041","STZ_1_mes","STZ_3_meses","48096.3274","Keratin_ type I cytoskeletal 13 OS=Mus musculus OX=10090 GN=Krt13 PE=1 SV=2","47494.3952330963","90699.7630162787","129398.515941293","35717.7070974839","44039.3784313054","37110.2987118817","47088.4682170165","59868.1140823851","89879.6167316626","35866.3740503998","28517.693679985","42029.6908311806"
"F6W1B2;F6WC15;P18872","1","1","5.6032","0.0669751069558731","0.137554760190156","4.50802945463065","0.476416159491535","STZ_3_meses","STZ_1_mes","8934.4001","Guanine nucleotide binding protein_ alpha O (Fragment) OS=Mus musculus OX=10090 GN=Gnao1 PE=1 SV=1","314.32291174726","32.8577735323243","212.032858030709","1209.06746430383","725.186844112279","586.696816255065","311.636443985645","21.6884021402934","147.277052411987","1214.09993672143","469.594645015429","664.470151272139"
"Q3TTY5","47","36","323.1627","0.068826432748297","0.138158703035101","1.51024975448921","0.469046503750584","STZ_3_meses","STZ_1_mes","71379.0367","Keratin_ type II cytoskeletal 2 epidermal OS=Mus musculus OX=10090 GN=Krt2 PE=1 SV=1","79807.5141332329","88414.7214471381","50527.2703896269","113069.219928675","116329.021525758","100968.146231392","79125.4120470002","58359.8286713223","35096.0106774108","113539.84522244","75328.8425071359","114352.622242411"
"O55229;F6RRT7","4","3","19.4639","0.0689999452966452","0.138158703035101","1.36861843152166","0.468367582846665","STZ_3_meses","STZ_1_mes","45468.3844","Choline/ethanolamine kinase OS=Mus musculus OX=10090 GN=Chkb PE=1 SV=3","5438.84059608105","7256.76278326514","4738.51381949164","7796.96186596861","7443.55400777774","8620.13826189187","5392.35569353064","4789.9651303317","3291.35000409757","7829.41497275545","4820.07241349565","9762.83561827935"
"Q8K203","1","1","4.618","0.069921736696977","0.138158703035101","2.44389373383987","0.464793795423132","STZ_1_mes","STZ_3_meses","69184.3257","Endonuclease 8-like 3 OS=Mus musculus OX=10090 GN=Neil3 PE=1 SV=1","276.673937224437","575.455905828852","302.533812039519","235.838852242281","84.9981926309652","151.631802321099","274.309249239394","379.840681759672","210.138600714844","236.820478622898","55.0405683991026","171.732322103082"
"Q9JJV0;E9QAS6","4","2","25.2351","0.0709499950186149","0.138158703035101","22.9174178152736","0.460871570850316","STZ_3_meses","STZ_1_mes","22696.9692","Beta-crystallin A4 OS=Mus musculus OX=10090 GN=Cryba4 PE=2 SV=3","7.78866545660795","0","4.88225624117015","16.5210318964118","28.1096660483998","245.754108707785","7.72209697600033","0","3.39119283208183","16.5897969899931","18.2024105327769","278.331610577241"
"Q6DFV3;A0A0A0MQE8;B7ZCJ0;B7ZCJ1;F6WQR2","10","4","66.9649","0.0711638000452208","0.138158703035101","1.42349214037855","0.460064386507008","STZ_3_meses","STZ_1_mes","217129.0309","Rho GTPase-activating protein 21 OS=Mus musculus OX=10090 GN=Arhgap21 PE=1 SV=2","11805.6820978427","8336.19451229856","13146.149941331","14994.6972982973","14616.6608775178","17773.8859889179","11704.7808171074","5502.46469757225","9131.25556061139","15057.1093661031","9465.01681851548","20130.0167045999"
"REVERSE54119","1","1","5.6134","0.0711877575428492","0.138158703035101","4.5247072953234","0.459974116447236","STZ_1_mes","STZ_3_meses","18887.0901","Reversed Sequence 54119","20227.8908074686","7673.2896106881","33993.696450738","1664.68753075879","6830.90433111581","5183.71882698859","20055.006253054","5064.90163284556","23611.8659171562","1671.61641961719","4423.35119638221","5870.87970769537"
"P20029","27","14","159.6384","0.072600127499173","0.13836174033416","1.66249820850631","0.454714692710794","STZ_3_meses","STZ_1_mes","72536.2072","Endoplasmic reticulum chaperone BiP OS=Mus musculus OX=10090 GN=Hspa5 PE=1 SV=3","23826.1019574968","24471.9912608976","25802.9102608454","56105.9796274794","38285.101950048","28801.7039552286","23622.4640666477","16153.2060934668","17922.5833305418","56339.5081966235","24791.5127054191","32619.6973526885"
"Q6IFZ8","12","3","97.6999","0.0726004916615945","0.13836174033416","1.53876975505976","0.454713352233009","STZ_1_mes","STZ_3_meses","60684.3589","Predicted gene 5414 OS=Mus musculus OX=10090 GN=Gm5414 PE=1 SV=1","4211.0856767191","6047.44297337263","3994.33908030671","3862.89557665419","2699.68390114958","2699.92888872238","4175.0941995181","3991.73044996391","2774.44963740656","3878.9740139751","1748.17995321758","3057.8351670029"
"Q9Z0K8","7","7","42.364","0.0748052940607986","0.140088583087303","2.14858794332451","0.446740465715004","STZ_3_meses","STZ_1_mes","57889.8359","Pantetheinase OS=Mus musculus OX=10090 GN=Vnn1 PE=1 SV=3","895.035075414986","547.583566461069","1375.44193340828","2501.08937099514","1310.93799773213","2242.82360688678","887.385353470599","361.443010833962","955.375669590211","2511.49959511008","848.89772708969","2540.13538177593"
"E9Q3M9","6","1","38.8594","0.0748310351959351","0.140088583087303","2.80783196141055","0.446649038826835","STZ_3_meses","STZ_1_mes","126480.7566","Capping protein inhibiting regulator of actin like OS=Mus musculus OX=10090 GN=Cracdl PE=1 SV=1","1947.48650507013","921.494974081304","559.628315408595","5085.61858427738","2110.60826661661","2430.73331347692","1930.84164872489","608.250390078113","388.715265667581","5106.78633215531","1366.72410396761","2752.95465691782"
"REVERSE6773","1","1","5.049","0.0782201960887503","0.145148810783223","7.68131759297662","0.434930178017829","STZ_3_meses","STZ_1_mes","74424.1315","Reversed Sequence 6773","282.937485082442","0","4.2206888377153","609.20274540211","514.622015548512","1081.92837234932","280.519263553502","0","2.9316711425776","611.738415332427","333.243418121374","1225.35028198965"
"P97821;D3Z220","7","6","43.7478","0.0798550381180925","0.146893951591448","1.33487822549988","0.429494318178077","STZ_1_mes","STZ_3_meses","53174.8526","Dipeptidyl peptidase 1 OS=Mus musculus OX=10090 GN=Ctsc PE=1 SV=1","4380.01834433614","5492.88840965224","6500.04626134557","4182.13964992701","3837.75843617687","4245.60501565109","4342.58302658621","3625.68609900171","4514.90237316842","4199.54686917338","2485.13996789001","4808.40824226491"
"F6W8R9","11","1","57.6259","0.0861520696385794","0.156817903272503","1.26299261751028","0.409762457915141","STZ_3_meses","STZ_1_mes","190766.2213","Spectrin repeat containing_ nuclear envelope 2 (Fragment) OS=Mus musculus OX=10090 GN=Syne2 PE=1 SV=1","54648.0899876749","77330.0069582419","57842.0859380989","79718.7909971872","81739.0713502803","78283.627289496","54181.021484238","51043.1507713724","40176.8480670587","80050.6026029923","52930.1248447397","88661.0123423081"
"A0A589M9T4;Q8BVF4;Q8BVF4-2;A0A571BDK5;A0A571BEI9","4","2","25.3685","0.0867325413071804","0.156817903272503","1.97668739014056","0.408033704694827","STZ_1_mes","STZ_3_meses","76638.1518","Coiled-coil domain containing 30 OS=Mus musculus OX=10090 GN=Ccdc30 PE=1 SV=1","12932.4215511446","14465.7589757259","27476.0161074303","7684.98122145148","7495.45490508398","12580.2492038843","12821.8902081265","9548.40100840845","19084.7149913931","7716.9682338958","4853.68083268359","14247.9043007318"
"Q7TPR4;A1BN54","27","7","202.7225","0.0875303813367192","0.156919258110405","1.33890317556409","0.4056809917321","STZ_3_meses","STZ_1_mes","103695.9952","Alpha-actinin-1 OS=Mus musculus OX=10090 GN=Actn1 PE=1 SV=1","18684.9160799049","21409.860870825","15142.2013492025","20711.2925463294","26403.7326869962","26841.9404210185","18525.2190842322","14131.9883368658","10517.703729751","20797.498661","17097.7336101709","30400.1448752329"
"P04939","23","17","78.9484","0.0906717277092601","0.159648701863185","1.44784230441228","0.396672259642497","STZ_3_meses","STZ_1_mes","21749.8459","Major urinary protein 3 OS=Mus musculus OX=10090 GN=Mup3 PE=1 SV=1","17722.1405175779","11729.6222108643","15709.7214707502","19242.708761629","27004.5979977552","19139.4005942532","17570.67221098","7742.36158188493","10911.9006078308","19322.8022253452","17486.8238627021","21676.5457997519"
"P45376","3","2","15.3355","0.0914209436961211","0.159648701863185","2.81627057755376","0.394581597202665","STZ_3_meses","STZ_1_mes","36074.4534","Aldo-keto reductase family 1 member B1 OS=Mus musculus OX=10090 GN=Akr1b1 PE=1 SV=3","179.844783880896","389.941076393736","155.388831630776","867.906344065664","298.371098690875","876.010705643273","178.307679215808","257.388068839367","107.932371014915","871.518809760523","193.21016550448","992.135886828709"
"J3KMP9","2","2","12.4073","0.0917422749587596","0.159648701863185","4.07888246648411","0.393691561096277","STZ_3_meses","STZ_1_mes","10896.5452","Secretoglobin_ family 2A_ member 2 OS=Mus musculus OX=10090 GN=Scgb2a2 PE=4 SV=1","176.797538175208","82.9994959369037","602.854232607245","445.475716597357","1239.64335218599","1833.53405772855","175.286477832834","54.7854054551297","418.739789847224","447.329909454805","802.73088879338","2076.58984836189"
"P57780;A0A1L1SV25;E9Q2W9;A0A1L1SVJ6;D3Z0L8;D3Z761","45","20","310.6523","0.0920716209820275","0.159648701863185","1.27503101420807","0.392783412646007","STZ_3_meses","STZ_1_mes","105433.5004","Alpha-actinin-4 OS=Mus musculus OX=10090 GN=Actn4 PE=1 SV=1","43935.8408293254","56479.4888582886","40699.2504644455","54941.7189206373","58660.5593969447","66323.1879332437","43560.3282097989","37280.3673332194","28269.5130342137","55170.4015154523","37985.6374809659","75115.0807331017"
"Q9CPN9","9","6","36.0488","0.0946024293498751","0.16270339330043","1.69263296116522","0.385939827615935","STZ_1_mes","STZ_3_meses","27106.3718","trypsin OS=Mus musculus OX=10090 GN=Prss3b PE=1 SV=1","61961.7059324773","128369.832288035","106156.5318116","61407.7229654435","59654.4671338983","54101.6385832851","61432.1291207936","84732.9641068341","73735.8409668154","61663.318853328","38629.2423046085","61273.4260311332"
"P04104","42","31","242.6179","0.0964650304344524","0.163431745043291","1.36586220970982","0.381050657612976","STZ_3_meses","STZ_1_mes","66119.2737","Keratin_ type II cytoskeletal 1 OS=Mus musculus OX=10090 GN=Krt1 PE=1 SV=4","65255.4961146218","97530.1563786644","84647.9305264164","131375.494877059","109403.862542188","97180.8230404608","64697.7678039313","64376.6459180578","58796.0649896049","131922.31593861","70844.45672302","110063.246292396"
"P35917","6","4","28.9678","0.0965710598992581","0.163431745043291","1.84851396142319","0.380775983554594","STZ_3_meses","STZ_1_mes","155126.7075","Vascular endothelial growth factor receptor 3 OS=Mus musculus OX=10090 GN=Flt4 PE=1 SV=1","660.875350024422","773.76404817174","616.112475266029","1582.66841168078","723.58567133471","1484.58938649413","655.226953881687","510.737765659649","427.94890449617","1589.25591433314","468.557805795033","1681.38859269334"
"REVERSE10815","2","1","10.9903","0.0980880999575058","0.164681650058407","7.97583192619881","0.376887977775532","STZ_1_mes","STZ_3_meses","52669.2558","Reversed Sequence 10815","190.146356097782","383.1197930886","50.2125824098418","3.95837000205192","0","74.2126267498024","188.52120553906","252.885550271299","34.8774298474268","3.97484583027664","0","84.0503543849226"
"P08228","5","5","33.0613","0.102599846512225","0.168123261625544","5.38130486731628","0.365769319620466","STZ_3_meses","STZ_1_mes","16113.7799","Superoxide dismutase [Cu-Zn] OS=Mus musculus OX=10090 GN=Sod1 PE=1 SV=2","1105.30378541908","1287.95945713911","753.244984412298","12382.2068915689","1571.56778380982","2978.54536146832","1095.8569303686","850.14228427093","523.200517498515","12433.7450534089","1017.66851060193","3373.38542168831"
"A0A1D5RLF0","3","2","16.0697","0.103862720786388","0.168123261625544","3.80351115181879","0.362770523442098","STZ_3_meses","STZ_1_mes","54724.9729","F-box and WD-40 domain protein 27 OS=Mus musculus OX=10090 GN=Fbxw27 PE=4 SV=1","420.94036439382","0","0","457.140629090543","494.856719044406","649.054022087607","417.342654280293","0","0","459.043374532615","320.444402983652","735.093513875225"
"A0A0J9YUR3","3","1","24.2636","0.104306057321163","0.168123261625544","1.93114990966006","0.361729066066761","STZ_1_mes","STZ_3_meses","8097.0205","Transducin (beta)-like 1X-linked receptor 1 (Fragment) OS=Mus musculus OX=10090 GN=Tbl1xr1 PE=1 SV=1","191783.018820574","95379.9346823022","179926.216477731","50581.9530633094","107844.455124868","83444.5970839242","190143.879966767","62957.3509437465","124975.926187079","50792.4891095886","69834.6626561306","94506.127374471"
"A0A0J9YV20;A0A0R4J0B7;Q80UZ2;Q80UZ2-2;Q80UZ2-3;A0A0J9YU58","5","2","29.5897","0.104489146767251","0.168123261625544","1.92026171533145","0.361300653413672","STZ_3_meses","STZ_1_mes","79801.1831","Protein SDA1 OS=Mus musculus OX=10090 GN=Sdad1 PE=1 SV=1","1948.74672871481","2186.95457870668","5529.7741983257","7956.64035639261","5044.63750845319","5558.96470931445","1932.09110143921","1443.54121617172","3840.95584051088","7989.75808911841","3266.65435156022","6295.86869908768"
"A0A0U1RNJ1;P19096","11","10","57.9407","0.104886505718933","0.168123261625544","1.92268853447525","0.360374243741255","STZ_1_mes","STZ_3_meses","274965.8558","Fatty acid synthase OS=Mus musculus OX=10090 GN=Fasn PE=1 SV=1","1541.35030665526","1372.55504351813","3193.46927055658","908.567215958146","1000.4225010554","1267.48661351017","1528.17663157963","905.981219762925","2218.16913427499","912.348923421819","647.823458275285","1435.5063782183"
"Q9D541;D3YVX2;G3X9U4","12","6","71.4016","0.105535855716532","0.168123261625544","1.78456957401897","0.358870200960526","STZ_1_mes","STZ_3_meses","185281.7329","Coiled-coil domain-containing protein 7A OS=Mus musculus OX=10090 GN=Ccdc7a PE=2 SV=2","7475.51628710025","14043.3526373577","16734.4111838141","6937.44006225522","6432.12844098334","8066.00938915094","7411.62424246664","9269.5836221931","11623.6453910619","6966.31560211778","4165.12392145598","9135.2506618027"
"P24622-2;A0A494B9Q6","5","1","48.1854","0.105701223619271","0.168123261625544","2.4411181841775","0.35848911083627","STZ_1_mes","STZ_3_meses","19849.1983","Isoform 2 of Alpha-crystallin A chain OS=Mus musculus OX=10090 GN=Cryaa","4278.48332187489","2237.89913469792","4900.64981480691","2290.4823387073","614.598465388361","1771.88745798237","4241.91580775723","1477.16814515733","3403.96892411636","2300.01595823875","397.983154995556","2006.77129076305"
"A0A1C7CYU3;A0A1B0GR92;A0A1B0GS16","13","1","71.3231","0.10768205672101","0.169995715819321","1.49530379033291","0.353984389046337","STZ_1_mes","STZ_3_meses","52997.2591","Nucleobindin-1 OS=Mus musculus OX=10090 GN=Nucb1 PE=1 SV=1","60749.8365429388","94806.1562851735","97515.6484622529","66080.5137407829","58062.056012277","45101.728914853","60230.6173855164","62578.6175337029","67733.9229539794","66355.5590732884","37598.0766933628","51080.4759875475"
"E9PX29","9","6","40.1657","0.109440796760865","0.171492412793068","1.40787266961918","0.350075418685838","STZ_3_meses","STZ_1_mes","290078.7727","Spectrin beta chain OS=Mus musculus OX=10090 GN=Sptbn4 PE=1 SV=1","5784.90524068145","5393.68713577746","8742.58575040292","11050.7734347078","8422.39370511873","8573.31509159769","5735.46257884462","3560.20640000418","6072.56003497296","11096.7698031034","5453.91993007951","9709.80550428111"
"P97805;I7HJS7;I7HLV5;I7HPY1;Q9D8T0","2","2","12.0758","0.112089109415115","0.174350799479887","2.32623385362213","0.344343786109176","STZ_1_mes","STZ_3_meses","25216.242","Protein FAM3D OS=Mus musculus OX=10090 GN=Fam3d PE=2 SV=2","1263.58930453988","1275.71823412879","660.119783230667","702.937772250043","177.259100956826","495.171006044641","1252.78960841942","842.062230792086","458.51617912433","705.863593227429","114.784107386106","560.811554070232"
"O88312","8","7","68.3336","0.112959228662617","0.174421727688056","1.31444610760592","0.342499823755976","STZ_1_mes","STZ_3_meses","19977.0413","Anterior gradient protein 2 homolog OS=Mus musculus OX=10090 GN=Agr2 PE=1 SV=1","22357.7421043262","28184.0660489709","28491.4617036473","16581.7375531049","24469.3556046864","19075.5787533855","22166.6540507959","18603.4320863928","19790.0388533859","16650.7553203805","15845.1279862986","21604.2636480836"
"B1AVM1","3","2","22.516","0.114705838165568","0.175835220042009","1.42323459589105","0.338855032073599","STZ_1_mes","STZ_3_meses","13589.5858","Predicted gene 12887 OS=Mus musculus OX=10090 GN=Gm12887 PE=1 SV=1","41532.0999719585","71077.3783611591","58084.6164196762","43657.5665512988","39763.1106852004","36513.2361503703","41177.1317419094","46915.9836243342","40345.3086291552","43839.2813901935","25748.5970664339","41353.4808372372"
"A2AAN0;O35250;O35250-2;A2AAN3;A2AAN4","7","7","40.0101","0.117901973303505","0.179280200305053","1.563640174423","0.332374330414864","STZ_3_meses","STZ_1_mes","78733.7579","Exocyst complex component 7 OS=Mus musculus OX=10090 GN=Exoc7 PE=1 SV=1","16780.1412563354","22408.4956896778","20958.3876782553","32874.3598528937","40190.0761905641","20983.8680310581","16636.7240670828","14791.1563575252","14557.600124949","33011.1920099819","26025.0785229757","23765.518370923"
"REVERSE4129","3","2","22.5129","0.119183697983584","0.179280200305053","1.1777772035585","0.329841518400779","STZ_3_meses","STZ_1_mes","46020.8252","Reversed Sequence 4129","27293.7056271822","22429.1528436916","24808.3542463732","29646.4269876937","32050.9825251908","26083.7537790587","27060.4306811885","14804.7915072984","17231.7692763877","29769.8235974782","20754.6094961734","29541.4519716456"
"F6XVM5","1","1","14.7008","0.119600510047168","0.179280200305053","1.56955257505728","0.32902577472908","STZ_1_mes","STZ_3_meses","7839.2361","Oligomycin sensitivity conferral protein (Fragment) OS=Mus musculus OX=10090 GN=Atp5po PE=1 SV=1","52314.2249883061","100575.654288353","84982.3862085743","53607.4840641582","55561.2598987053","42385.4436861564","51867.1036565403","66386.8850877252","59028.3763751521","53830.6132053306","35978.6865006929","48004.1162616994"
"Q01853","6","4","42.7051","0.120343112631443","0.179280200305053","1.44562189312266","0.327581915841262","STZ_1_mes","STZ_3_meses","90006.2895","Transitional endoplasmic reticulum ATPase OS=Mus musculus OX=10090 GN=Vcp PE=1 SV=4","51269.7636508572","91322.2954140132","74484.7211620181","49696.1912074482","53827.6097947444","46637.7185898943","50831.5691634493","60279.0285034168","51736.7462965668","49903.0404684653","34856.0616051088","52820.0785615683"
"P02088","7","1","45.8808","0.121880908381837","0.180301391255062","2.10191748769704","0.324629989649598","STZ_1_mes","STZ_3_meses","15954.2598","Hemoglobin subunit beta-1 OS=Mus musculus OX=10090 GN=Hbb-b1 PE=1 SV=2","53.2291982860583","137.890005756642","57.1778098978159","51.6522754014332","34.0167517827971","32.4597839579054","52.7742568235439","91.0169367694789","39.715444970815","51.8672664246293","22.027543119008","36.7626974600685"
"P00329","9","6","53.4061","0.127526274368235","0.187342630101183","1.23366261554902","0.314213516796206","STZ_3_meses","STZ_1_mes","40626.8986","Alcohol dehydrogenase 1 OS=Mus musculus OX=10090 GN=Adh1 PE=1 SV=2","2052.79736213015","2335.80552763355","1850.12990011938","2347.83079706382","2333.57515309737","3015.08546111738","2035.25243069695","1541.79313321395","1285.09175794537","2357.60311670374","1511.10628182593","3414.76932708649"
"E9Q720","2","2","16.0814","0.131006322018084","0.191127722527579","3.0169455612174","0.308102106005762","STZ_3_meses","STZ_1_mes","42530.3138","Regulator of G-protein signaling 20 OS=Mus musculus OX=10090 GN=Rgs20 PE=1 SV=1","5551.00607050557","34.0567312159724","178.390913620654","4032.60270886386","6562.9450543151","6792.47834060464","5503.56250754657","22.4797971009585","123.90951185182","4049.38751409817","4249.83420212143","7692.89858994583"
"P11590;Q3KQQ2;Q5FW60;Q80YX8","62","51","439.7535","0.137617893502743","0.199398314558644","1.6219439565548","0.29708774512365","STZ_3_meses","STZ_1_mes","20826.8606","Major urinary protein 4 OS=Mus musculus OX=10090 GN=Mup4 PE=1 SV=1","328768.969154927","144074.473554975","160341.350790711","281270.685347487","433669.301168185","312050.262685044","325959.0332462","95099.1130770733","111372.368148677","282441.411553989","280822.49862855","353416.073696056"
"A0A1B0GSR9;A0A1B0GSX0;P06151;D3YZQ9;A0A1B0GQX5;A0A1B0GSL7;A0A1B0GT41;A0A1B0GRC1;A0A1B0GRE9;A0A1B0GRS2;A0A1B0GRW9;A0A1B0GS79;A0A1B0GSR2;D3YVR7;D3YZE4;P00342","10","8","63.0845","0.14226490133994","0.204729235757368","1.80424646165667","0.289778256474248","STZ_3_meses","STZ_1_mes","34941.5771","L-lactate dehydrogenase OS=Mus musculus OX=10090 GN=Ldha PE=1 SV=1","2763.54100507536","1922.19072769281","745.770335498663","3647.30086067757","3206.59548085808","2945.87204661568","2739.92146115868","1268.7787701602","518.008660585209","3662.48193329919","2076.43047963028","3336.38088738511"
"I7HJI3","4","3","27.0944","0.144283525851067","0.206231245285729","1.28231319155172","0.2867066689966","STZ_3_meses","STZ_1_mes","49593.0503","Serine (or cysteine) peptidase inhibitor_ clade B_ member 6e OS=Mus musculus OX=10090 GN=Serpinb6e PE=1 SV=1","18618.8135593305","12227.0596436651","15344.2150160457","19666.9398174839","22305.6184794535","17257.6011452771","18459.6815313514","8070.70467767034","10658.0214978363","19748.7990479173","14444.0002969591","19545.2924336498"
"P50446;A2AKJ2;E9Q0F0","42","14","242.2377","0.147059543833185","0.208209257962835","1.6453689316905","0.282580254039466","STZ_3_meses","STZ_1_mes","59677.3792","Keratin_ type II cytoskeletal 6A OS=Mus musculus OX=10090 GN=Krt6a PE=1 SV=3","8383.96964491101","5434.53619637654","2787.91258457491","10272.4538029508","9043.73304044691","8007.49810116907","8312.31319441491","3587.16960408295","1936.47131700224","10315.2105902689","5856.26813451327","9068.98303719787"
"Q52KB6;E9Q526;Q52KB6-2;Q52KB6-3;D3Z640;D3Z4D9;V9GXB2","6","4","31.902","0.148461184014223","0.208209257962835","1.44929619131644","0.280538406983361","STZ_3_meses","STZ_1_mes","257513.1082","C2 domain-containing protein 3 OS=Mus musculus OX=10090 GN=C2cd3 PE=1 SV=3","11025.0070399604","7490.46266444802","6680.6404099802","13957.4485769414","13628.7760803188","8930.40176751281","10930.7780643512","4944.2232086597","4640.3422419736","14015.5433293496","8825.31214871457","10114.2280799431"
"Q9EPV7","14","12","104.5101","0.148620100520345","0.208209257962835","1.16569735319903","0.280308629614727","STZ_1_mes","STZ_3_meses","15939.4918","AUMP OS=Mus musculus OX=10090 GN=9530002B09Rik PE=1 SV=1","46718.3895720716","41567.2083787336","49193.7046806703","39392.934543253","44119.7804262193","34424.6744002385","46319.0949525281","27437.2312621992","34169.7220415977","39556.8988069438","28569.7579811602","38988.0564756229"
"F6TZH1","8","7","51.0576","0.153267828364424","0.21038269044816","1.55407004851131","0.273739210936923","STZ_3_meses","STZ_1_mes","18544.9769","Predicted gene 1330 OS=Mus musculus OX=10090 GN=Gm1330 PE=4 SV=1","16974.1407774401","15805.137208958","22250.3131401696","40836.804016086","24043.9933184859","20639.042017051","16829.0655052424","10432.4832397172","15454.9656358133","41006.7780629454","15569.6846941139","23374.9817473354"
"Q922U2","47","24","372.0145","0.153683414757743","0.21038269044816","1.14902966506427","0.273165632265953","STZ_3_meses","STZ_1_mes","61994.8946","Keratin_ type II cytoskeletal 5 OS=Mus musculus OX=10090 GN=Krt5 PE=1 SV=1","111306.052038599","109274.708785713","108535.655648316","125589.95169264","142700.896096181","109873.677997874","110354.736975971","72128.8624616177","75388.3694911628","126112.691726989","92405.9463981319","124438.68351986"
"P13745;Q6P8Q0;P30115","5","3","28.1861","0.153701617962413","0.21038269044816","1.91032316918711","0.273140559465896","STZ_1_mes","STZ_3_meses","25722.1182","Glutathione S-transferase A1 OS=Mus musculus OX=10090 GN=Gsta1 PE=1 SV=2","5542.36870646508","14247.3174283452","5818.40441912006","4927.06548603916","3985.29183161423","4492.75181099067","5494.99896567802","9404.21448526866","4041.43707040336","4947.57329217094","2580.67519859754","5088.31715592487"
"Q8R1S0;D3YW66;D6RG57;F6ZE40","2","1","5.992","0.154149553078637","0.21038269044816","10.4831893085897","0.272524914789161","STZ_3_meses","STZ_1_mes","51677.8469","Ubiquinone biosynthesis monooxygenase COQ6_ mitochondrial OS=Mus musculus OX=10090 GN=Coq6 PE=1 SV=3","18.4892007675443","26.9033721678317","0","389.937264996253","28.6401787217835","57.281491567475","18.3311765194107","17.7580855845845","0","391.560291492807","18.5459439442783","64.8748046902415"
"A0A3B2WCZ8;Q8R0C3","1","1","4.9842","0.156332310828262","0.211994006185688","1.68914811435894","0.269561142602126","STZ_3_meses","STZ_1_mes","102531.383","Solute carrier family 26_ member 8 OS=Mus musculus OX=10090 GN=Slc26a8 PE=1 SV=1","2340.2458094389","5550.25826930219","2924.68418287069","6322.55644075351","7838.29047806384","4107.60793972112","2320.24410200254","3663.55417261285","2031.47224298024","6348.87266531183","5075.68396263449","4652.11808459267"
"A0A0A6YW67;E9Q5F6;E9Q9J0;P0CG49;P0CG50;P62983;P62984;Q5SX22;E9Q4P0;E9QNP0","2","2","23.767","0.163916601000694","0.220862874650328","1.33874916531125","0.259708527136881","STZ_3_meses","STZ_1_mes","8728.0311","Predicted pseudogene 8797 OS=Mus musculus OX=10090 GN=Gm8797 PE=3 SV=1","4658.19669726678","4129.29948310953","3021.08301824972","5152.40580377687","4279.09316189518","6377.2265800003","4618.38383353087","2725.62313631145","2098.43043267985","5173.85153849168","2770.92621117242","7222.60048615514"
"Q8VED5","17","7","136.8788","0.165846463833564","0.222048867220828","1.74123934823122","0.257306025480811","STZ_3_meses","STZ_1_mes","57837.5262","Keratin_ type II cytoskeletal 79 OS=Mus musculus OX=10090 GN=Krt79 PE=1 SV=2","92745.4633075872","36409.0849266954","25622.3710179739","69236.3081430511","111360.818954088","88906.5349028952","91952.7826346232","24032.5131790634","17797.1815990283","69524.4887626717","72111.6835887829","100692.107165493"
"REVERSE46924","1","1","4.5302","0.167567664655334","0.222942324875488","3.02839914954918","0.255197266418633","STZ_3_meses","STZ_1_mes","63124.8711","Reversed Sequence 46924","246.962102660151","80.8234433345523","8.14486286889078","376.355926673804","182.083586758326","458.891851078086","244.851356983201","53.3490602970562","5.6573844581029","377.922423892614","117.908202528938","519.723184539738"
"Q06890;E9PUU2;E9PXG5;E9Q8Y5;E9Q9B8;E9Q2G2","17","17","125.0581","0.170532513275579","0.225468898403674","1.73264557731521","0.251637753318599","STZ_3_meses","STZ_1_mes","52283.0131","Clusterin OS=Mus musculus OX=10090 GN=Clu PE=1 SV=1","147761.478617098","47865.4728798571","68939.5574705772","109525.902951826","204438.326216272","144435.762500221","146498.584841691","31594.5212609241","47885.1009845977","109981.779982588","132384.011109025","163582.365369279"
"P52480;P52480-2;A0A1L1SU37;A0A1L1SQV8;A0A1L1SSN6;A0A1L1STV8;A0A1L1SUV0;A0A1L1ST52;A0A1L1SVH2","13","11","80.0434","0.171872264811451","0.225828815582679","1.25680759378837","0.250058754000901","STZ_1_mes","STZ_3_meses","58415.2929","Pyruvate kinase PKM OS=Mus musculus OX=10090 GN=Pkm PE=1 SV=4","7487.53367241518","9490.40336279849","6345.60087245294","6217.69460203568","6810.02086522502","5530.04788724201","7423.53891710723","6264.32233466691","4407.62531315994","6243.57436268559","4409.828110806","6263.11862340219"
"P62696","18","14","105.0347","0.173196462437164","0.226163978681199","3.73568682745351","0.248515669131314","STZ_1_mes","STZ_3_meses","23495.0709","Beta-crystallin B2 OS=Mus musculus OX=10090 GN=Crybb2 PE=1 SV=2","3001.00855831365","514.597445574277","3423.61295454582","355.125997672982","422.042456954228","1080.37991035819","2975.35941711862","339.669890566477","2378.02588347875","356.604130069084","273.293537195189","1223.5965537522"
"O88531;B1B0P8;B1B0P9","9","8","56.7942","0.179339449345333","0.231408525709087","1.36188164573774","0.2415773616527","STZ_1_mes","STZ_3_meses","35060.538","Palmitoyl-protein thioesterase 1 OS=Mus musculus OX=10090 GN=Ppt1 PE=1 SV=2","14887.5499884698","11366.555327919","9186.07425007756","9508.80738852134","6670.4932502972","9843.65053126515","14760.3084747312","7502.71233865809","6380.60511636895","9548.38566874123","4319.47702220884","11148.5383529612"
"G3UZJ4;P99029;P99029-2;A0A494BAZ4;H3BJQ7","5","4","30.2826","0.17985797627995","0.231408525709087","1.48969702046862","0.241007717190679","STZ_1_mes","STZ_3_meses","17538.3371","thioredoxin-dependent peroxiredoxin OS=Mus musculus OX=10090 GN=Prdx5 PE=1 SV=1","2187.29028232527","1695.34986583712","3403.44069447582","1673.93997131823","1347.95205182912","1869.08966140096","2168.59586136787","1119.04811878369","2364.01432399127","1680.90737138736","872.866172925928","2116.85875164585"
"Q6DFZ2;Q6ZWQ0-3;D3YVK9;Q80Y61-2","13","2","73.2887","0.180494455962774","0.231408525709087","1.12664818692289","0.240311795715835","STZ_3_meses","STZ_1_mes","249555.7583","Spectrin repeat containing_ nuclear envelope 2 (Fragment) OS=Mus musculus OX=10090 GN=Syne2 PE=1 SV=1","17974.285356644","20226.3835835486","15554.3236439928","20024.0651075135","20699.5724710048","19839.3273545076","17820.6620083482","13350.811508037","10803.9619888421","20107.4107919495","13404.0054165512","22469.2558117718"
"Q6KCD5;Q6KCD5-3","5","4","20.9353","0.188761907158093","0.240550188475552","1.45378594182146","0.231590410110269","STZ_1_mes","STZ_3_meses","317503.8569","Nipped-B-like protein OS=Mus musculus OX=10090 GN=Nipbl PE=1 SV=1","7733.63628908602","5078.70657042926","9437.70084330092","3967.33937816244","6366.78739781796","4970.76995107075","7667.5381339907","3352.29745081965","6555.38379596889","3983.85253940555","4122.8123375941","5629.70203658144"
"S4R1X8;S4R2V3","6","5","24.1703","0.194958378748318","0.245922571768011","1.4151381129154","0.22541799563319","STZ_1_mes","STZ_3_meses","9066.3649","Secretoglobin_ family 2B_ member 17 OS=Mus musculus OX=10090 GN=Scgb2b17 PE=3 SV=1","45127.518057541","75278.6735323272","81150.8700924999","47271.7181378353","55627.1183123334","39530.4146899406","44741.8203629334","49689.1288921572","56367.0228232289","47468.4760729254","36021.3331077295","44770.6207041284"
"P10126;P62631;D3YZ68;D3Z3I8","15","8","93.6698","0.195302696994128","0.245922571768011","1.34843598592657","0.225083634368053","STZ_3_meses","STZ_1_mes","50456.0942","Elongation factor 1-alpha 1 OS=Mus musculus OX=10090 GN=Eef1a1 PE=1 SV=3","4271.78384648167","7896.82610737133","5847.25603663658","9783.29492790049","7595.6493417292","6914.29774957708","4235.27359171098","5212.45117476229","4061.47727183542","9824.01570100162","4918.56172688477","7830.86654692995"
"Q792Z1","7","6","43.8866","0.196721463970404","0.246243330262406","1.14821540370657","0.223715172032029","STZ_1_mes","STZ_3_meses","26905.2215","trypsin OS=Mus musculus OX=10090 GN=Try10 PE=1 SV=1","37257.6552468997","47770.417013419","37243.4292105917","34675.248765669","36822.8607365594","34990.1862271306","36939.2200137258","31531.7778174258","25869.1154134989","34819.5767193511","23844.6386009727","39628.5333262725"
"Q91YW3","4","3","20.9713","0.202619264979229","0.250098310751295","1.27927105290368","0.21818184925545","STZ_3_meses","STZ_1_mes","57920.3176","DnaJ homolog subfamily C member 3 OS=Mus musculus OX=10090 GN=Dnajc3 PE=1 SV=1","17223.4595771467","17156.5713515568","9973.44809914269","18591.8795545309","19365.0105765102","18783.2316848527","17076.2534169585","11324.5232046883","6927.51138699894","18669.2640874968","12539.8100382367","21273.1626509929"
"P28738","8","5","45.7161","0.202875093757664","0.250098310751295","1.39437107774662","0.217947335226806","STZ_1_mes","STZ_3_meses","109844.9859","Kinesin heavy chain isoform 5C OS=Mus musculus OX=10090 GN=Kif5c PE=1 SV=3","12988.9451956072","20776.8913590456","18634.4085264252","16878.3329210986","11487.3867641918","9214.12252268175","12877.930754021","13714.1846989988","12943.3748462478","16948.5852001385","7438.65578020658","10435.5592477335"
"Q8C3Y4;A0A0G2JFE7","14","10","84.3774","0.203347937721718","0.250098310751295","1.72001346698749","0.217515061468756","STZ_3_meses","STZ_1_mes","253267.0464","Kinetochore-associated protein 1 OS=Mus musculus OX=10090 GN=Kntc1 PE=1 SV=2","42214.0190350518","12208.6726168884","11798.7312792197","25577.7448845923","48329.9524535927","39994.0419064844","41853.2225516028","8058.567968818","8195.34472696167","25684.2065167479","31296.0543207863","45295.7069806777"
"Q6IME9","20","6","147.9183","0.205027238324798","0.250706094622985","1.73945147721074","0.215992053849745","STZ_1_mes","STZ_3_meses","57263.6054","Keratin_ type II cytoskeletal 72 OS=Mus musculus OX=10090 GN=Krt72 PE=3 SV=1","3966.82968752521","5168.59478665223","9768.37097711675","5139.06432296313","2338.90616010243","3389.70573496092","3932.92582728126","3411.62988791249","6785.06575696957","5160.45452675333","1514.55837470715","3839.0497784776"
"Q6NXH9","28","15","193.1777","0.206768032021001","0.251381653717879","1.52864500893897","0.214433095091334","STZ_3_meses","STZ_1_mes","59538.823","Keratin_ type II cytoskeletal 73 OS=Mus musculus OX=10090 GN=Krt73 PE=1 SV=1","10981.4066441481","27846.0322293993","16731.9212625663","37879.1529203884","23540.1197498857","23511.2659016389","10887.5503141635","18380.3063956434","11621.915903163","38036.8164072506","15243.4014313927","26627.9515712757"
"O35176","36","31","125.3503","0.210598564900682","0.253046187716956","1.30983422364397","0.211071826576637","STZ_1_mes","STZ_3_meses","10516.0204","ABPA2 OS=Mus musculus OX=10090 GN=Scgb1b2 PE=1 SV=1","168328.068861317","242550.119378838","227593.31033337","194327.605820847","174446.448950325","118670.453127921","166889.395721465","160099.847394994","158085.27133908","195136.450939208","112962.774951205","134401.571231916"
"A2AEN9","41","31","137.219","0.211426961747617","0.253046187716956","1.19952329283811","0.210357124833344","STZ_3_meses","STZ_1_mes","18793.3791","Predicted gene 5938 OS=Mus musculus OX=10090 GN=Gm5938 PE=1 SV=1","999511.703007924","775223.236666211","902380.184805578","1153672.7311296","1179417.59998138","878171.618311641","990969.036001688","511700.930946409","626789.144887634","1158474.63538205","763731.710916774","994583.25304556"
"Q3UV17","24","15","182.5517","0.211725726721361","0.253046187716956","1.25671368834031","0.210100410672632","STZ_3_meses","STZ_1_mes","63357.9783","Keratin_ type II cytoskeletal 2 oral OS=Mus musculus OX=10090 GN=Krt76 PE=1 SV=1","37089.5458611099","59306.3994869806","41736.7029309601","66243.1806337336","57501.0809640536","49848.9283011936","36772.5474320265","39146.3237854856","28990.1227675584","66518.903030734","37234.8173750619","56456.9706385588"
"Q8K2C7;Q8K2C7-2","14","9","75.6116","0.214602598496858","0.253985229051522","1.37677691010098","0.207656426838204","STZ_3_meses","STZ_1_mes","76564.113","Protein OS-9 OS=Mus musculus OX=10090 GN=Os9 PE=1 SV=2","28452.7640534","13477.5886562515","28848.0868854052","31562.2893265787","35121.0973519973","30762.734688875","28209.58282002","8896.1402807977","20037.7490718539","31693.6602840824","22742.661946319","34840.6850112764"
"Q9EPQ2;E7CHD7;E9QQ97;M0QW58;M0QWL3;M0QWM1;Q9EPQ2-3;Q9EPQ2-4;Q9EPQ2-5","3","3","10.122","0.214912689054666","0.253985229051522","1.44235394003565","0.207395983626071","STZ_1_mes","STZ_3_meses","153079.9543","X-linked retinitis pigmentosa GTPase regulator-interacting protein 1 OS=Mus musculus OX=10090 GN=Rpgrip1 PE=1 SV=1","108109.838671136","58626.6651746591","101857.422182373","48814.4307269508","77949.2833144181","59455.4368707366","107185.841134052","38697.6521461951","70749.6991014974","49017.6098575343","50476.0481032305","67336.9311659502"
"P10639","6","5","42.1496","0.219263926669134","0.257687952773693","1.32270304304262","0.203801080283929","STZ_3_meses","STZ_1_mes","12017.6294","Thioredoxin OS=Mus musculus OX=10090 GN=Txn PE=1 SV=3","6034.34531665287","12564.1282817876","7043.63666775118","11408.1762575898","10469.9246009952","12038.7964205411","5982.77073029668","8293.19328193593","4892.47778067086","11455.6602351563","6779.79829096487","13634.6757934574"
"A0A2I3BR96;A6H603;A6H603-2;A6H603-3;E0CX99","4","1","21.6347","0.222203010130507","0.258477559900333","1.35816420231153","0.201434230254258","STZ_3_meses","STZ_1_mes","175578.3999","NACHT domain- and WD repeat-containing protein 1 OS=Mus musculus OX=10090 GN=Nwd1 PE=1 SV=1","2344.45403091128","1207.53871647148","1997.9639797988","3094.9279138037","2158.33847743926","2284.48615999309","2324.41635647763","797.059035574726","1387.77663284373","3107.80985779815","1397.63179567459","2587.32078009059"
"REVERSE8141","4","2","20.8491","0.222636356501921","0.258477559900333","2.33722016548387","0.201089327492432","STZ_3_meses","STZ_1_mes","53223.605","Reversed Sequence 8141","1909.66387215949","522.27637340526","172.197795917456","3699.48810262585","1169.3150001065","1217.64084152352","1893.34227982134","344.738513814513","119.607800649891","3714.88639294905","757.189773703635","1379.05298229967"
"Q80Y61","5","3","25.4809","0.226005488777194","0.258477559900333","1.74747535421107","0.198442680551636","STZ_1_mes","STZ_3_meses","58516.1891","BAR/IMD domain-containing adapter protein 2-like 2 OS=Mus musculus OX=10090 GN=Baiap2l2 PE=1 SV=1","543.675274312384","1023.9977755135","1491.40528042495","806.363048143492","380.376753833736","563.830426597993","539.028568511944","675.909325513319","1035.92327949872","809.71935365841","246.312916648856","638.572561625298"
"Q8BVM7;A0A087WNN1","5","4","28.7866","0.226817564084355","0.258477559900333","1.29446813593982","0.197813842374345","STZ_3_meses","STZ_1_mes","45485.8919","Flagellum-associated coiled-coil domain-containing protein 1 OS=Mus musculus OX=10090 GN=Flacc1 PE=1 SV=1","3423.1568597607","4012.91566550399","5515.77082325675","6849.35643126645","4522.53215638339","5393.85992869529","3393.89968440693","2648.80177054337","3831.22916030136","6877.86534275096","2928.56509986398","6108.87740219598"
"A0A571BEG7;Q63ZW7;A2ADS6;A2ADS8","5","5","19.4663","0.22739036909562","0.258477559900333","3.95019315230374","0.197372375244576","STZ_3_meses","STZ_1_mes","201927.1796","InaD-like protein OS=Mus musculus OX=10090 GN=Patj PE=1 SV=1","2708.69411820564","3234.16626139644","198.617678821028","2572.3618148855","17883.4820315524","3804.18072496879","2685.54334187762","2134.77332530551","137.958930353309","2583.06869457888","11580.4464248477","4308.46814189568"
"P17879;Q61696","19","9","127.3413","0.228199591156586","0.258477559900333","2.90630300303414","0.196751637048468","STZ_3_meses","STZ_1_mes","70461.5006","Heat shock 70 kDa protein 1B OS=Mus musculus OX=10090 GN=Hspa1b PE=1 SV=3","7402.58234244878","2318.01110098421","1632.20076645336","2893.1539789097","19000.7923318677","11100.7135942439","7339.31365260005","1530.04758141485","1133.71917947274","2905.19608410944","12303.960562078","12572.2394204867"
"E9Q557;E9PZW0","63","42","359.8622","0.229391058366373","0.258477559900333","1.24037442330977","0.195843844373836","STZ_1_mes","STZ_3_meses","335364.922","Desmoplakin OS=Mus musculus OX=10090 GN=Dsp PE=1 SV=1","199792.046814961","206883.934072485","258360.829451297","144943.471570104","230262.619734796","160952.021794679","198084.456077106","136557.699325423","179456.249251671","145546.766294611","149106.528962269","182288.04265911"
"P68254;P68254-2","9","3","54.6376","0.229710719158988","0.258477559900333","1.3714079938968","0.195601533191237","STZ_3_meses","STZ_1_mes","28063.46","14-3-3 protein theta OS=Mus musculus OX=10090 GN=Ywhaq PE=1 SV=1","460.109204050315","463.138776541496","356.524782102035","545.675030091812","418.366265262722","791.049301775195","456.176724115486","305.703611430452","247.640481326761","547.946280141113","270.913019751447","895.911882681443"
"O09131;A0A494BAB1;A0A494B9X6;A0A494BAY2;A0A494BB82;Q8K2Q2","24","20","174.6448","0.233750930051062","0.26163206940273","1.41495284749426","0.192583400556557","STZ_1_mes","STZ_3_meses","27725.7866","Glutathione S-transferase omega-1 OS=Mus musculus OX=10090 GN=Gsto1 PE=1 SV=2","22618.7802858167","41635.8490923318","23944.4634046427","25927.3429146843","17124.9936683769","19281.2549136327","22425.4611806102","27482.5388786221","16631.7146529794","26035.2596703095","11089.2873855663","21837.2045223581"
"P07309","1","1","6.0779","0.241226949762284","0.268008601887193","1.50171999681538","0.187207502192689","STZ_3_meses","STZ_1_mes","15889.9971","Transthyretin OS=Mus musculus OX=10090 GN=Ttr PE=1 SV=1","560.254231878567","331.762026940108","292.715989062408","805.249087655505","383.128214636778","590.758805222778","555.465828373765","218.985874014785","203.319185825091","808.600756559485","248.094624728048","669.070603071197"
"REVERSE12630","4","3","21.5927","0.241981780234736","0.268008601887193","2.60780071103186","0.186679185416202","STZ_3_meses","STZ_1_mes","18754.2527","Reversed Sequence 12630","29864.5409143525","1975.0594321779","1382.96492792081","6588.29798474699","54033.1896068011","26016.3417534684","29609.2934494578","1303.67577017698","960.601107135169","6615.72029894038","34989.1847852229","29465.1037154415"
"Q9QWL7","36","11","329.1176","0.244511745855201","0.268845280742027","1.29745766979662","0.184927111791952","STZ_1_mes","STZ_3_meses","48447.0528","Keratin_ type I cytoskeletal 17 OS=Mus musculus OX=10090 GN=Krt17 PE=1 SV=3","30912.2455942885","54559.7427263801","37502.6686973958","30064.5423007154","30623.4853011008","34093.2202806992","30648.0435647052","36013.202165283","26049.1819741249","30189.6792218078","19830.2338574679","38612.6643431824"
"M0QW55","1","1","13.6948","0.245953330547954","0.268845280742027","1.61714489814561","0.183941451814199","STZ_1_mes","STZ_3_meses","4939.6321","RAB29_ member RAS oncogene family OS=Mus musculus OX=10090 GN=Rab29 PE=1 SV=1","94160.8994196284","251520.483976918","191727.24968523","120350.407233686","112697.536384686","99271.4630705549","93356.1212401145","166020.908192276","133172.869822884","120851.338838192","72977.2747842159","112431.024433616"
"Q9JJU9;D3YYW5","2","2","11.6475","0.247456291089635","0.268845280742027","1.61608315606054","0.182923456709612","STZ_1_mes","STZ_3_meses","24462.2624","Beta-crystallin B3 OS=Mus musculus OX=10090 GN=Crybb3 PE=2 SV=3","161.266842536515","85.7264333157215","140.623505919832","5.01702039177782","19.3602403127597","215.472267036934","159.888520571109","56.5853726508685","97.6764433780018","5.03790261504952","12.5367210545758","244.03556642233"
"Q9Z315","6","4","41.3431","0.247820709355693","0.268845280742027","1.50133803318694","0.182678091703819","STZ_3_meses","STZ_1_mes","91056.6243","U4/U6.U5 tri-snRNP-associated protein 1 OS=Mus musculus OX=10090 GN=Sart1 PE=1 SV=1","11272.170920644","9585.90517703135","4704.55845433282","17281.1453280298","11856.4256562566","9240.58449710199","11175.8294747933","6327.36013454012","3267.76476292028","17353.0742234598","7677.62686596619","10465.5290577935"
"Q60997;A0A140LI59;A0A1D5RM72;E9QPG8;Q60997-2;Q60997-3;Q60997-4;A0A140LHB2","14","11","80.1533","0.250489119207937","0.269016716032209","1.26571368242497","0.180898610918324","STZ_3_meses","STZ_1_mes","232233.1624","Scavenger receptor cysteine-rich domain-containing protein DMBT1 OS=Mus musculus OX=10090 GN=Dmbt1 PE=1 SV=2","4213.06230461342","3870.54071636702","5006.45023082393","6013.82870494149","6500.96686029761","4053.46393924113","4177.05393348928","2554.82446107812","3477.45740868271","6038.85991947276","4209.70023078061","4590.79668111367"
"Q149S1;A0A3Q4EH78;A0AAA9WUT0;A0AAA9WW41","4","4","20.3866","0.250522109521399","0.269016716032209","1.24599700838217","0.180876798006358","STZ_1_mes","STZ_3_meses","52672.8114","Tektin-4 OS=Mus musculus OX=10090 GN=Tekt4 PE=1 SV=2","2835.71679885275","3943.91632554372","2744.87485113634","3148.34124167449","2143.79313918943","2351.95136850689","2811.48037994571","2603.25743592797","1906.57750440076","3161.44550667845","1388.2129638142","2663.72926921946"
"REVERSE10617","2","1","9.5886","0.253700866929803","0.271054233005782","2.14954380794836","0.178796097012721","STZ_1_mes","STZ_3_meses","19069.561","Reversed Sequence 10617","816.841838731278","2346.88607501151","3651.06422051059","1187.74568057169","1005.34505403939","977.25271642925","809.860421901397","1549.10706053259","2536.01249144974","1192.68940584184","651.011056809176","1106.79867748685"
"P07724","19","15","130.0215","0.25690318770681","0.272268324518516","1.23822960496985","0.176741304248368","STZ_3_meses","STZ_1_mes","70745.5714","Albumin OS=Mus musculus OX=10090 GN=Alb PE=1 SV=3","172208.910493818","129663.561969932","127503.30024381","209362.226600764","184590.932152594","137712.634669946","170737.068419905","85586.9151383674","88563.2085852898","210233.649959478","119531.833707457","155968.010488473"
"Q9CQN1","14","10","76.9464","0.257411343616589","0.272268324518516","1.35166663273915","0.176418975365524","STZ_3_meses","STZ_1_mes","80551.2683","Heat shock protein 75 kDa_ mitochondrial OS=Mus musculus OX=10090 GN=Trap1 PE=1 SV=1","22400.7492475181","60094.6986507862","33129.8655039819","48418.0623609944","51749.3664682614","56119.4491966208","22209.2936187987","39666.6557323429","23011.8528965229","48619.5916970646","33510.2954138452","63558.7203881743"
"REVERSE27225","1","1","6.101","0.259443592835433","0.273052605802682","1.36289911483016","0.175139940160336","STZ_3_meses","STZ_1_mes","28887.3335","Reversed Sequence 27225","1581.53845575358","6.0878503310981","78.6414278508953","661.651994654261","852.757442482101","756.545382514494","1568.02129898153","4.01840209960915","54.6239757314988","664.405972832858","552.202969121496","856.834076537916"
"D3YY49","22","11","90.815","0.268269231280338","0.280144050405317","1.52220090142551","0.169765486815144","STZ_1_mes","STZ_3_meses","45144.026","Lipase OS=Mus musculus OX=10090 GN=Lipo2 PE=3 SV=1","11140.1996284621","5455.83382927452","5211.75641956051","3330.15365638192","5385.29519596228","5611.03713046834","11044.9861201834","3601.2275141989","3620.06214740054","3344.01467482537","3487.24719206249","6354.84391184252"
"Q9JI02;J3QK77;D3YYY1;A0A087WR49;J3QM75;S4R2L0;A0A087WQA9","22","14","71.3588","0.268830171107046","0.280144050405317","1.28710437471335","0.169433461031563","STZ_1_mes","STZ_3_meses","12760.6937","Secretoglobin family 2B member 20 OS=Mus musculus OX=10090 GN=Scgb2b20 PE=2 SV=1","180881.275863121","286854.301748839","293263.381461081","210449.318328735","220228.098902174","160571.415438565","179335.312466483","189343.670711026","203699.402079015","211325.266463193","142608.676323943","181856.982602168"
"A8R0V5","3","2","15.044","0.273313008128411","0.283419395658169","1.10993644649369","0.166819438002402","STZ_3_meses","STZ_1_mes","12275.209","Exocrine gland secreted peptide 23 OS=Mus musculus OX=10090 GN=Esp23 PE=2 SV=1","1283.10684824199","16.3726673351535","3.58477086834285","186.087789827159","646.766846457344","613.463907365632","1272.14033879045","10.8070923589732","2.48996543255305","186.862338557651","418.813785903238","694.785524709621"
"P97861;Q9ERE2;Q6IMF0;E9Q1Y9","7","3","41.4494","0.27483127677993","0.283603592156019","2.0448729398843","0.165949688098597","STZ_3_meses","STZ_1_mes","55133.2466","Keratin_ type II cuticular Hb6 OS=Mus musculus OX=10090 GN=Krt86 PE=2 SV=2","19308.9306034105","348.491882432001","245.567146128996","1940.49995241794","22781.8195166588","15976.7654521396","19143.9002551964","230.028735251266","170.569815390896","1948.5768486832","14752.3642156346","18094.6674034914"
"P60710;P63260;E9Q1F2;E9Q5F4;G3UZ07;B1ATY1;E9Q606;G3UYG0;F8WGM8;Q8BFZ3;E9Q2D1;F6WX90","27","18","219.9474","0.286611260201338","0.294323853717537","1.36988927351555","0.159456035187919","STZ_1_mes","STZ_3_meses","42079.017","Actin_ cytoplasmic 1 OS=Mus musculus OX=10090 GN=Actb PE=1 SV=1","60021.8502662915","60800.0094670585","112992.711967283","49838.1653455723","54939.1408303104","65904.0592607519","59508.8530913909","40132.2096324623","78484.2204040276","50045.6055421288","35575.8333802149","74640.3917886639"
"A2AL36;R4GML3;E9Q9E7","10","6","42.4822","0.289249447780682","0.294423264206582","1.34203543031081","0.158060843714271","STZ_1_mes","STZ_3_meses","269963.4156","Centriolin OS=Mus musculus OX=10090 GN=Cntrl PE=1 SV=2","28892.3324974747","18920.5393010532","20194.3177930044","10122.4059317247","20626.7149969986","19925.5394085094","28645.3943427571","12488.8640025708","14026.8806808889","10164.5381783984","13356.8265688922","22566.8962539507"
"P02816;A0A0N4SV85","59","51","196.1529","0.289578662695753","0.294423264206582","1.10131069466364","0.157888196214084","STZ_1_mes","STZ_3_meses","17108.5903","Prolactin-inducible protein homolog OS=Mus musculus OX=10090 GN=Pip PE=2 SV=3","440997.455203311","420030.465204594","438462.868379104","394209.980699278","448980.299132162","336759.02519542","437228.320335693","277249.145672328","304554.300907583","395850.791417605","290737.133335592","381400.263669706"
"P02762;A2AKN9;A2BIM8;A2BIN1;A2CEK7;A2CEL1;A9R9W0;P04938;P11588;P11589;Q4FZE8;A2AKN8;B8JI96;Q58EV3;A2CEL0;A9C496;A9C497;B5X0G2;E9PVW0;E9QA79;L7MUC7;A2CEK6;A2BIN0;L7N222","11","8","89.8253","0.2908834258736","0.294423264206582","1.42624303725436","0.157207090277357","STZ_1_mes","STZ_3_meses","20934.5736","Major urinary protein 6 OS=Mus musculus OX=10090 GN=Mup6 PE=1 SV=2","8464.77648355564","10835.4958871393","6206.78256693901","4752.03152197101","9808.27230286003","3323.78343896183","8392.4293899062","7152.17639316258","4311.2027537189","4771.8107884453","6351.34543279594","3764.38873246354"
"P05784;Q9R0N5","21","14","131.1086","0.297755151294139","0.299102005468408","1.21156047651182","0.15370081976747","STZ_1_mes","STZ_3_meses","47538.1754","Keratin_ type I cytoskeletal 18 OS=Mus musculus OX=10090 GN=Krt18 PE=1 SV=5","33960.2334236425","54505.8679014224","46158.3947395171","40460.0752393695","36380.9970276352","34275.5402954785","33669.9807285323","35977.6410561965","32061.409653406","40628.4812371053","23558.5098146853","38819.1529492969"
"P46737;P46737-2;A3KGA8","3","1","15.3678","0.298333722626436","0.299102005468408","2.43861828562918","0.153411664973235","STZ_1_mes","STZ_3_meses","33739.3227","Lys-63-specific deubiquitinase BRCC36 OS=Mus musculus OX=10090 GN=Brcc3 PE=1 SV=1","34.9393861255082","173.66838390632","145.664370591699","0","33.7851129829595","111.49065350795","34.6407647685253","114.633139872051","101.177804899869","0","21.8775454448022","126.270007522336"
"A5D6P2;B7ZNY3;E0CXL4;E0CY24;F6S7Z1;G3XA13;Q99NH2;E0CZ83;F6T4Y3","9","6","48.109","0.302008649650911","0.30135815861687","1.20551203717353","0.151596356779647","STZ_1_mes","STZ_3_meses","149770.5212","Partitioning defective 3 homolog OS=Mus musculus OX=10090 GN=Pard3 PE=1 SV=1","91359.8710594374","100489.655089716","134199.759302293","109851.490221712","80066.9851321616","80546.9164442111","90579.0328222815","66330.1196711055","93214.538388089","110308.722436534","51847.3656352924","91224.3262130149"
"Q8CH09;D3Z0I4;D3YVJ0","6","4","37.4267","0.308549047157107","0.306439001887708","1.32727718203077","0.148454177143153","STZ_1_mes","STZ_3_meses","118958.15","SURP and G-patch domain-containing protein 2 OS=Mus musculus OX=10090 GN=Sugp2 PE=1 SV=2","19239.6231310619","30878.8447411375","34345.6873241217","28392.4681112856","18473.3712612327","16771.3242432146","19075.1851427527","20382.1723256639","23856.3571662453","28510.645398208","11962.4291175278","18994.5539981898"
"A0A5F8MPN8;P14152","2","2","11.4787","0.312079783539335","0.308497249063707","1.46358857905858","0.146803400569533","STZ_3_meses","STZ_1_mes","39114.0452","Malate dehydrogenase OS=Mus musculus OX=10090 GN=Mdh1 PE=1 SV=1","591.101936391526","1239.85873321397","605.977530959484","1568.79855926412","713.873293377201","1284.00306557714","586.049882479463","818.39248105613","420.909218582907","1575.32833176346","462.26855673289","1454.21227383483"
"A0A571BE72","2","1","20.0534","0.314331435907159","0.309277829978261","3.51749972203692","0.14576678295814","STZ_3_meses","STZ_1_mes","11312.0878","Myosin VIIA (Fragment) OS=Mus musculus OX=10090 GN=Myo7a PE=1 SV=1","218.466153115832","354.15283964403","132.492788730449","1882.42448156432","171.79188322938","426.01413060342","216.59895777176","233.765358379206","92.0288844441199","1890.2596516945","111.243811269614","482.487148324762"
"Q91W20","1","1","5.8847","0.317605075639445","0.311052084487669","1.26760174862065","0.144281558336463","STZ_1_mes","STZ_3_meses","36322.9776","Leucine-rich repeat-containing protein 26 OS=Mus musculus OX=10090 GN=Lrrc26 PE=2 SV=1","1243.47917057316","979.631889033342","786.067274891461","570.811779621653","758.052613661567","1045.05023548124","1232.85135255819","646.624773218694","545.998730191007","573.187655758754","490.87686974132","1183.58352869485"
"P20152;A0A0A6YWC8","5","3","27.8255","0.322215708079138","0.31411335947318","1.22518929118521","0.142232645003398","STZ_3_meses","STZ_1_mes","53744.7779","Vimentin OS=Mus musculus OX=10090 GN=Vim PE=1 SV=3","27843.3750130225","56835.9619627498","39146.6056675977","50064.2097393567","45662.5259895386","55983.4831686756","27605.4021305138","37515.6642267885","27191.0530669881","50272.590795055","29568.7626666946","63404.7305169947"
"Q9JLC8;E9QNY8;Q9JLC8-3","18","10","96.3805","0.323733617054711","0.314145424753823","1.20682189265783","0.141568824413242","STZ_3_meses","STZ_1_mes","526274.0601","Sacsin OS=Mus musculus OX=10090 GN=Sacs PE=1 SV=2","12694.9346495443","20134.1708788385","17922.877245664","24308.9285980114","20037.3135268969","16902.3617826043","12586.433069172","13289.9447478401","12449.1484763223","24410.109066664","12975.1597248628","19142.9620536083"
"A0A0A0MQA3;A0A0R4J0X5;P07758;Q00896;P22599;Q00897","4","3","33.8221","0.326759292877966","0.314760340768152","1.40567285954807","0.140261106156175","STZ_1_mes","STZ_3_meses","49024.2217","Serine (or cysteine) peptidase inhibitor_ clade A_ member 1A OS=Mus musculus OX=10090 GN=Serpina1a PE=1 SV=1","620.493777202409","690.22152216698","972.857230171153","469.314365195059","225.546023417397","929.680139455166","615.190515917794","455.593922817569","675.742177924828","471.267781086029","146.052297640601","1052.91981443089"
"Q8K1H9","5","5","28.6418","0.328264202444905","0.314760340768152","1.39340864447615","0.139618241295857","STZ_1_mes","STZ_3_meses","20167.2155","Odorant-binding protein 2a OS=Mus musculus OX=10090 GN=Obp2a PE=1 SV=1","7615.63296302735","15970.9396450933","8978.04308016547","6451.81913488384","10393.818697385","6524.83271661227","7550.54336352684","10541.9243102512","6236.10761820274","6478.673386444","6730.51592314537","7389.77349477875"
"P02301;A0A1W2P768;A0A8I4SYN6;E0CZ27;F8WI35;P68433;P84228;P84244","2","1","6.1743","0.328831071433956","0.314760340768152","3.27178203833114","0.139377374426002","STZ_3_meses","STZ_1_mes","15371.9562","Histone H3.3C OS=Mus musculus OX=10090 GN=H3-5 PE=3 SV=3","97.44071292965","262.26131740905","21.6282125693795","976.067084935619","180.185077161199","91.3772773222868","96.6079027075153","173.110600820684","15.0228574275821","980.129745479951","116.678822890354","103.490374590305"
"Q80WJ6;D6RCU5;D6RGU5;Q80WJ6-2;Q80WJ6-3;Q80WJ6-4","3","2","19.9351","0.331226743652879","0.315072929986127","1.97589287542257","0.138367130707625","STZ_3_meses","STZ_1_mes","154429.2033","ATP-binding cassette sub-family C member 12 OS=Mus musculus OX=10090 GN=Abcc12 PE=1 SV=1","33540.0305570993","803.0575179296","598.519907481869","2524.3301112637","32309.5429517413","34207.0012054466","33253.3692688262","530.073480892087","415.729187459511","2534.8370697527","20922.0402661974","38741.5282234423"
"Q3U269","5","2","18.512","0.332136436447506","0.315072929986127","2.53987605889377","0.137986747270208","STZ_3_meses","STZ_1_mes","56868.7097","Thiosulfate sulfurtransferase/rhodanese-like domain-containing protein 2 OS=Mus musculus OX=10090 GN=Tstd2 PE=2 SV=3","2086.31274404498","274.367827552087","3545.6984878274","1120.29300417821","6303.42459724145","7577.75316636405","2068.48136199152","181.101734493798","2462.82593593691","1124.95597279626","4081.78176445907","8582.2705241472"
"P27773","5","4","29.0741","0.34222254045225","0.322024995854598","1.36904236994171","0.133884664860655","STZ_1_mes","STZ_3_meses","57134.6581","Protein disulfide-isomerase A3 OS=Mus musculus OX=10090 GN=Pdia3 PE=1 SV=2","5487.46434747924","2615.49433683931","3917.46060190582","2842.68572428094","2070.95181510553","3866.52847310604","5440.56386548584","1726.4070834631","2721.05019829151","2854.51776667865","1341.04457403528","4379.0807930784"
"Q9WU78","5","5","24.4868","0.342509536809335","0.322024995854598","1.17931027871286","0.133770956435769","STZ_3_meses","STZ_1_mes","96594.6173","Programmed cell death 6-interacting protein OS=Mus musculus OX=10090 GN=Pdcd6ip PE=1 SV=3","2079.82942977419","2484.91563353112","2986.74662837059","3650.12893140362","2675.48582992352","2579.93701028098","2062.05345957307","1640.21611177355","2074.58053347633","3665.32177523599","1732.51049539479","2921.93700050472"
"P02535;P02535-2;A2A513;P02535-3;A6BLY7;B1AQ75;B1ATJ5;Q62168;Q8VCW2;Q9Z320","50","29","249.7874","0.346137703085098","0.32399618855546","1.20931948667869","0.132347388180291","STZ_3_meses","STZ_1_mes","57941.0077","Keratin_ type I cytoskeletal 10 OS=Mus musculus OX=10090 GN=Krt10 PE=1 SV=3","72684.5959948022","150209.585974593","80690.0544876723","128397.799783808","121804.277543559","116928.255668638","72063.3723531002","99148.711422551","56046.9424139245","128932.226856712","78874.3438174843","132428.425686819"
"E9PYP8;Q9WVJ5","3","2","21.0864","0.348580341277372","0.324782628864881","1.19682235773054","0.13140329596298","STZ_3_meses","STZ_1_mes","26675.9075","Beta-crystallin B1 (Fragment) OS=Mus musculus OX=10090 GN=Crybb1 PE=1 SV=1","174.984733437651","99.6470755734462","131.035254734352","185.736820567622","135.702857065511","164.071734052322","173.489166848051","65.7739589389711","91.0164880036386","186.50990846721","87.8743671491531","185.821308254436"
"Q6P5H2;Q6P5H2-2","7","5","37.7579","0.350048488567669","0.324782628864881","1.16254105636876","0.130841296368746","STZ_3_meses","STZ_1_mes","207751.8418","Nestin OS=Mus musculus OX=10090 GN=Nes PE=1 SV=1","9174.69826266058","6369.91123731157","8634.33890190769","10855.0492308031","9375.32740113601","7878.64358506803","9096.28358086673","4204.58179787736","5997.37226960805","10900.2309410538","6070.99201893168","8923.04738963074"
"Q9CQV3;A0A087WST6","18","16","127.2771","0.353211511041324","0.326286270029516","1.30576388965145","0.129644179627092","STZ_3_meses","STZ_1_mes","43767.4408","Serpin B11 OS=Mus musculus OX=10090 GN=Serpinb11 PE=2 SV=1","4308.00584551062","3046.50140451397","3200.29877881462","2953.97902336978","5265.71345139837","5562.39209996554","4271.18600709516","2010.90154562867","2222.91287944265","2966.27429918868","3409.8120491821","6299.75042934648"
"O70570","8","8","45.9715","0.356567442654017","0.326939886139887","1.25504536657713","0.128394104064604","STZ_1_mes","STZ_3_meses","86310.5057","Polymeric immunoglobulin receptor OS=Mus musculus OX=10090 GN=Pigr PE=1 SV=1","2541.25775165896","4599.88236232003","4020.85645941026","3173.44160421027","2549.0050778076","3171.2529966091","2519.53802723342","3036.24037014849","2792.86848752411","3186.65034384933","1650.60790108633","3591.63864537313"
"A0A8D3UE05;Q09PK2","1","1","6.6871","0.357010059939405","0.326939886139887","1.33611729045127","0.128230747186819","STZ_3_meses","STZ_1_mes","28222.7707","Retroviral-like aspartic protease 1 OS=Mus musculus OX=10090 GN=Asprv1 PE=1 SV=1","1722.94780626135","0","76.9039920266256","171.538844935465","485.928934392287","1747.34532861463","1708.22204633906","0","53.4171607626774","172.25283694267","314.663217212669","1978.97582305008"
"REVERSE3914","6","2","42.3808","0.361844191592727","0.329938544108029","1.26706007872245","0.126469185002109","STZ_1_mes","STZ_3_meses","54354.5154","Reversed Sequence 3914","190381.121912802","173004.99140866","275991.404258933","113093.19028649","231322.743094799","160199.063426966","188753.964848127","114195.254960222","191702.365792823","113563.915351499","149793.011703862","181435.271096977"
"Q61286;Q61286-2;V9GWU2;V9GXC3;V9GXG5;V9GXR6","4","2","35.3417","0.363767008348283","0.33026824627838","1.58986969096231","0.125779822442888","STZ_3_meses","STZ_1_mes","76039.2818","Transcription factor 12 OS=Mus musculus OX=10090 GN=Tcf12 PE=1 SV=2","7070.04138670402","5435.75717970503","672.766437626766","4240.26523042946","6862.53902897944","9849.39681088423","7009.6148713314","3587.97553749194","467.300487366126","4257.91438438111","4443.83624080083","11155.0463672915"
"D3Z5N5;Q9Z1T6;Q9Z1T6-1;Q9Z1T6-3","6","3","31.175","0.368171977206833","0.332015765332013","1.29010658803467","0.124224245925937","STZ_3_meses","STZ_1_mes","234817.3342","1-phosphatidylinositol 3-phosphate 5-kinase OS=Mus musculus OX=10090 GN=Pikfyve PE=1 SV=2","3501.29881504988","1174.85574351358","1832.54734462769","3416.79451258302","2691.36389233185","2288.76079994581","3471.3737728755","775.486013898321","1272.87899540123","3431.01615417774","1742.79233260779","2592.16207218101"
"P05213;P68369;P68373;A0A2R8VHF3;P05214;A0A0A0MQA5;P68368;Q9JJZ2","7","5","38.4504","0.36942751117841","0.332015765332013","1.21120898737784","0.123786802968851","STZ_3_meses","STZ_1_mes","50836.0402","Tubulin alpha-1B chain OS=Mus musculus OX=10090 GN=Tuba1b PE=1 SV=2","70876.9673885013","76202.7810934486","143927.032523115","100590.094175385","125311.756540194","126568.17782565","70271.1932600047","50299.1037703019","99971.0578316994","101008.777904264","81145.6113779713","143346.229152684"
"P01756;P01757;P06330;A0A075B5V1;A0A075B5V6","2","2","11.5697","0.370400254236058","0.332015765332013","1.85907297870998","0.12344967267192","STZ_3_meses","STZ_1_mes","13097.4831","Ig heavy chain V region MOPC 104E OS=Mus musculus OX=10090 PE=1 SV=1","835.937729519758","79.5892057518109","490.270699355769","309.024404584837","1098.0031753079","1206.45281617736","828.79310315896","52.5343781639279","340.539783105802","310.310649429191","711.011810984665","1366.38185696162"
"P01878;A0A075B6A3;A0A0A6YXW6","6","5","37.3453","0.372125611110008","0.332154887923966","1.53125507237363","0.122855504552646","STZ_1_mes","STZ_3_meses","37617.2704","Ig alpha chain C region OS=Mus musculus OX=10090 PE=1 SV=1","8858.51535934966","16945.7981648537","25794.2229353533","11407.0730435249","15069.7646471337","7220.05408817013","8782.80304236846","11185.3983297448","17916.5491540292","11454.5524292101","9758.42410461756","8177.15436531997"
"B1AZS9;O08807","3","2","16.0775","0.375081340734535","0.333386443126959","1.35539423877584","0.121848787595823","STZ_1_mes","STZ_3_meses","26562.0169","thioredoxin-dependent peroxiredoxin (Fragment) OS=Mus musculus OX=10090 GN=Prdx4 PE=1 SV=1","355.690108384832","364.067020324638","208.914891016606","348.278309788575","112.399378923056","224.489765271966","352.650081795649","240.309403041301","145.111326799363","349.727940218145","72.7842029593616","254.248436597038"
"A0A0N4SVK8","5","1","24.4518","0.38540845496127","0.338683738199671","1.15395699197934","0.118438551764662","STZ_3_meses","STZ_1_mes","186002.0134","ADP-ribosylhydrolase like 1 OS=Mus musculus OX=10090 GN=Adprhl1 PE=1 SV=1","3851.05201076513","5194.5382925623","3263.8580938354","5515.24266462066","4176.80327283232","4512.52810786197","3818.13768384664","3428.75439540698","2267.06088865465","5538.19862647183","2704.68840703527","5110.71502584609"
"A0A5H1ZRK8;P01837","3","2","16.2488","0.385590522658024","0.338683738199671","1.35661699754375","0.11837988184476","STZ_3_meses","STZ_1_mes","11948.9751","Immunoglobulin kappa constant (Fragment) OS=Mus musculus OX=10090 GN=Igkc PE=1 SV=1","449.026752038899","205.769463413667","669.224312028444","824.868326746118","452.737719580872","518.582706350591","445.188992052682","135.822071642123","464.840143142881","828.301656336943","293.170250450321","587.326741493831"
"J3QJY4","4","2","49.7105","0.385844180367336","0.338683738199671","1.18258292857046","0.118298224628046","STZ_1_mes","STZ_3_meses","10289.6988","ABPA3 OS=Mus musculus OX=10090 GN=Scgb1b3 PE=3 SV=1","7230.20957492232","10226.9407155847","10908.4379825629","8904.2062750216","8730.8328048755","6351.09126899863","7168.41412760741","6750.48790771949","7576.95107924331","8941.26803857293","5653.64962834294","7193.00064246471"
"P21981","4","4","28.3486","0.391377077439742","0.342120779493162","4.17624605871328","0.116540552904969","STZ_3_meses","STZ_1_mes","78201.6821","Protein-glutamine gamma-glutamyltransferase 2 OS=Mus musculus OX=10090 GN=Tgm2 PE=1 SV=4","513.168895256515","604.184153603712","394.882032496204","690.280449345826","356.785985015957","5268.39936400096","508.78292260913","398.803311406936","274.283251834828","693.153587052611","231.036717420246","5966.78561289114"
"A2AJD1","19","5","136.4511","0.394398896102463","0.343343515892604","1.83877711560291","0.115599203807888","STZ_1_mes","STZ_3_meses","62688.3485","BPI fold containing family B_ member 9B OS=Mus musculus OX=10090 GN=Bpifb9b PE=1 SV=1","4150.10176372408","13873.3540997863","2818.71856588146","487.410974202434","8140.32005192772","2707.07092052013","4114.63150629458","9157.37283461548","1957.86901057495","489.439713173688","5271.26317325349","3065.92395633592"
"D3Z3L7;D3Z4D7;F8WJ99;Q9QZJ6","1","1","5.3319","0.410458657469461","0.35331332506027","1.26181110175851","0.11080625464732","STZ_1_mes","STZ_3_meses","14150.8742","Microfibrillar associated protein 5 (Fragment) OS=Mus musculus OX=10090 GN=Mfap5 PE=1 SV=1","12046.7249328524","5970.27524057918","9385.3954302963","6826.46539818237","8043.2055501717","6847.04684366638","11943.7634974762","3940.79441136007","6519.05269557219","6854.87903087061","5208.37669048257","7754.7007686513"
"P70694;A0A1Y7VP26","3","1","16.3057","0.410788302546538","0.35331332506027","1.31908662969244","0.110711434448391","STZ_1_mes","STZ_3_meses","37446.9161","Estradiol 17 beta-dehydrogenase 5 OS=Mus musculus OX=10090 GN=Akr1c6 PE=1 SV=1","1244.29651400395","1043.66236802313","767.444752420176","893.420076647606","287.648643447187","1135.23376199439","1233.66171028512","688.889316073367","533.06361134424","897.138737537753","186.266841029231","1285.72190723071"
"P48756","1","1","5.3779","0.410861730592994","0.35331332506027","1.4404486039342","0.110690332240792","STZ_3_meses","STZ_1_mes","16502.8957","Gastric inhibitory polypeptide OS=Mus musculus OX=10090 GN=Gip PE=2 SV=2","1094.86492231001","1085.95290330716","3091.2576336093","4020.52562456335","2018.56681038","1555.06130013517","1085.50728655652","716.803993099979","2147.17339921954","4037.26016164024","1307.12267115199","1761.20235990686"
"Q01320","16","7","85.8109","0.413083833217686","0.353786028575173","1.23105891982929","0.110054967627456","STZ_3_meses","STZ_1_mes","173588.9291","DNA topoisomerase 2-alpha OS=Mus musculus OX=10090 GN=Top2a PE=1 SV=2","129783.502351407","35067.4512207833","40032.0368099109","76133.0672365631","98526.9200568156","77563.0455378056","128674.263469906","23146.9421798547","27806.0694845604","76449.9540706288","63801.0940548452","87844.9092848449"
"P16858;A0A0A0MQF6;S4R1W1;S4R257;A0A1D5RLD8","8","4","41.8162","0.419436525102006","0.357778302226782","1.2242609903318","0.108272542319548","STZ_3_meses","STZ_1_mes","36095.2251","Glyceraldehyde-3-phosphate dehydrogenase OS=Mus musculus OX=10090 GN=Gapdh PE=1 SV=2","670.689128928935","2490.34529909285","827.764787741943","1888.78345352357","1447.66124296603","1546.886581636","664.956855984156","1643.80006642204","574.961631708094","1896.64509144974","937.43284646236","1751.94398950625"
"P10078;P10078-2;A0A140LIA3;A0A140LJ19","6","5","31.1472","0.425266115334797","0.361294097014231","1.17883896638634","0.106680004318371","STZ_1_mes","STZ_3_meses","95761.5109","Zinc finger protein 28 OS=Mus musculus OX=10090 GN=Zfp28 PE=2 SV=3","12079.3358960609","16813.7244430957","17617.4571444116","10238.7309062373","11680.7862390994","17534.9959898572","11976.0957399867","11098.2205425209","12237.0050723348","10281.3473295537","7563.89158461032","19859.4591194634"
"A3RLD5;Q61597","2","2","11.8957","0.428780126203371","0.362822383529818","2.36630156435368","0.105739390137774","STZ_3_meses","STZ_1_mes","21558.0432","Gamma-crystallin C OS=Mus musculus OX=10090 GN=Crygc PE=1 SV=1","137.608927073377","74.0753615461697","18.1433294910359","219.358134395376","32.2786150041213","292.204702867254","136.432805535694","48.894859790803","12.6022735966339","220.27116348061","20.9020128778056","330.939759237118"
"O08759;A0A0J9YUF2;A0A0J9YUK0;A0A140LHS2;A0A140LI50","3","1","14.2444","0.437663183150187","0.368863536840486","1.40896922471847","0.103424339559984","STZ_1_mes","STZ_3_meses","100789.1487","Ubiquitin-protein ligase E3A OS=Mus musculus OX=10090 GN=Ube3a PE=1 SV=2","45.4366038984767","31.8969148770142","95.7026283147058","82.9065738806155","2.88606010940322","37.0178178314337","45.0482644965159","21.054168999212","66.4746074602665","83.2516539184212","1.8688678422282","41.9249505583198"
"Q9ES28","3","2","12.1617","0.446178920619358","0.37346251556165","1.1663520890282","0.101286241319553","STZ_1_mes","STZ_3_meses","97797.3375","Rho guanine nucleotide exchange factor 7 OS=Mus musculus OX=10090 GN=Arhgef7 PE=1 SV=2","710.327055894565","805.114377108259","642.281600029808","939.603320383212","470.101515337231","440.270873441655","704.256003914117","531.431150150134","446.125858743764","943.514208677633","304.414174096384","498.633784556468"
"REVERSE15920","2","1","14.797","0.44665078993422","0.37346251556165","1.24141529281788","0.101170016779384","STZ_3_meses","STZ_1_mes","44399.3448","Reversed Sequence 15920","26462.1744074028","62400.8343055248","41990.4833947043","71205.3585591905","40888.7178313806","50349.449830467","26236.0064260344","41188.8646982315","29166.3975157607","71501.7349099845","26477.4838251069","57023.8419885589"
"P08071;A0A0G2JDN0;A0A0G2JFM6;A0A0G2JGN1","25","15","144.8557","0.450499953345018","0.375197958518098","1.24515577951312","0.100230568053982","STZ_3_meses","STZ_1_mes","79719.739","Lactotransferrin OS=Mus musculus OX=10090 GN=Ltf PE=1 SV=4","7930.98863147171","7124.23468481772","13339.590343879","8524.66925492643","16061.0124896702","10770.2845925604","7863.20373740292","4702.48742307961","9265.61837856926","8560.15128067034","10400.3065139821","12198.0082969315"
"Q14C51;A0A0U1RP36;A0A0U1RQ61","5","5","17.9806","0.457282174011783","0.379353001282051","1.23133418704994","0.098611930884173","STZ_3_meses","STZ_1_mes","78366.5906","Small ribosomal subunit protein mS39 OS=Mus musculus OX=10090 GN=Ptcd3 PE=1 SV=2","10566.5850700478","16048.2340091475","13812.3481825858","18349.6225076278","20481.1904786361","10948.5401487533","10476.2741538526","10592.9439342418","9593.99380884957","18425.9986999159","13262.5921862689","12399.8936542522"
"A2A5R2;G3X9K3","9","5","54.0655","0.464324958042747","0.383665677441676","1.30681603044518","0.0969791228908956","STZ_3_meses","STZ_1_mes","204692.1831","Brefeldin A-inhibited guanine nucleotide-exchange protein 2 OS=Mus musculus OX=10090 GN=Arfgef2 PE=1 SV=1","4581.69109583584","2806.65049083973","4398.03473036493","7782.99442345592","3856.0302741078","3763.60081440419","4542.53211326528","1852.58336060721","3054.85478764749","7815.38939389282","2496.97189412615","4262.50890270364"
"E9Q9C6;E9Q0B5","20","20","122.4316","0.466987496373874","0.383665677441676","1.13141889069885","0.0963742218030126","STZ_3_meses","STZ_1_mes","287673.2067","Mucin-2 OS=Mus musculus OX=10090 GN=Fcgbp PE=1 SV=1","67437.6631891992","93819.8387254875","60554.2481633852","91656.3309092302","91222.3140895598","68083.3592185136","66861.2842447904","61927.5797556423","42060.7035313163","92037.8298502048","59070.9974266168","77108.5827392208"
"Q3UW77","5","4","33.8943","0.469402746060277","0.383665677441676","1.78083697474909","0.0958312597441849","STZ_1_mes","STZ_3_meses","13717.6329","Predicted gene 12888 OS=Mus musculus OX=10090 GN=Gm12888 PE=2 SV=1","15739.3392614346","6487.11264065973","32821.5899639903","9624.04717359596","11892.8675729987","9394.41663669535","15604.8176407232","4281.94282675903","22797.7261178607","9664.10511360071","7701.22482433389","10639.753396897"
"O54827","8","2","38.4857","0.471136372501141","0.383665677441676","1.29343469010827","0.095444868552931","STZ_3_meses","STZ_1_mes","170955.0129","Phospholipid-transporting ATPase VA OS=Mus musculus OX=10090 GN=Atp10a PE=1 SV=4","1606.33483384263","1349.95072049305","1478.39757332258","2822.0922842197","1213.7882420206","1700.09247071075","1592.60574638448","891.060803825589","1026.8881857002","2833.8386110373","785.988415624532","1925.45906146299"
"A2RTS9;J3QMJ1;Q6XQH0;Q3ULK5;A0A087WRM6","4","3","22.9852","0.471549039043829","0.383665677441676","1.22201111724455","0.0953533012100929","STZ_3_meses","STZ_1_mes","47340.332","Galactose-3-O-sulfotransferase 2 OS=Mus musculus OX=10090 GN=Gal3st2 PE=2 SV=1","2247.88501595466","284.52510216617","436.726415831425","663.310217488795","1663.81583950592","1301.19179611191","2228.67270147969","187.806237958188","303.348168918179","666.071097648401","1077.40372687023","1473.67956607533"
"P24472;A0A1L1SS61","13","10","78.6095","0.478031110094507","0.38624033613144","1.10988597343224","0.0939352709096046","STZ_3_meses","STZ_1_mes","25563.9437","Glutathione S-transferase A4 OS=Mus musculus OX=10090 GN=Gsta4 PE=1 SV=3","17648.6610396968","20695.1895636233","15063.4413439076","16402.6378890344","20090.526747291","22782.8395749036","17497.8207504693","13660.2558655993","10462.9973906698","16470.9101940872","13009.6179386928","25802.9640511354"
"P33173;A0A087WQE8;E9Q9G6;E9QAN4;G3UW47;Q6TA13;A0A5F8MPF0;Q60575;Q60575-2","5","3","31.6995","0.478365097065265","0.38624033613144","1.19144699200775","0.0938632283624041","STZ_1_mes","STZ_3_meses","193264.9301","Kinesin-like protein KIF1A OS=Mus musculus OX=10090 GN=Kif1a PE=1 SV=2","3681.87561622971","2264.96307241292","2399.45078974859","1644.71988398744","2895.92945407217","2464.52129427093","3650.40721295522","1495.03221510368","1666.64753285835","1651.56566199008","1875.25873506359","2791.22161880911"
"O08899;Q5D078","2","2","11.2465","0.482520008617637","0.388113734172293","1.91340468197404","0.092975209919902","STZ_1_mes","STZ_3_meses","23915.9606","Regulator of G-protein signaling 4 OS=Mus musculus OX=10090 GN=Rgs4 PE=2 SV=1","2444.79255154936","579.912135804186","485.663909810378","240.074352484318","807.971789925832","786.572864345032","2423.89729979357","382.782101623059","337.339928179405","241.07360818569","523.202025730568","890.842042563055"
"REVERSE11897","12","8","77.5023","0.486396791105565","0.389750074797946","1.20042126144005","0.0921601643610412","STZ_3_meses","STZ_1_mes","195527.5509","Reversed Sequence 11897","105812.469517842","104118.738576326","131726.587475049","183684.603845999","129996.322009858","96452.35608217","104908.107228258","68725.5656674952","91496.6845601128","184449.149853301","84179.1011284246","109238.212754526"
"P01592","3","3","17.0145","0.491327037774102","0.392215021797375","1.4889566855603","0.0911421147387173","STZ_1_mes","STZ_3_meses","18469.784","Immunoglobulin J chain OS=Mus musculus OX=10090 GN=Jchain PE=1 SV=4","1822.39214985313","3000.50999959694","6224.54701147289","2935.66471766931","2419.44771319154","2064.47825841816","1806.81645499721","1980.54403878614","4323.54185555899","2947.88376429421","1566.71304676022","2338.14832919219"
"A0A140LIJ4;A0A571BGC3","11","9","49.114","0.494555032018272","0.393307675111333","1.11256994148041","0.0904865539232885","STZ_1_mes","STZ_3_meses","521619.9729","Dynein_ axonemal_ heavy chain 14 OS=Mus musculus OX=10090 GN=Dnah14 PE=1 SV=1","15444.7185657983","15401.1752884784","20613.603029855","18656.8878628717","14700.8935883346","12895.0382282994","15312.7150211518","10165.8404444557","14318.1142867402","18734.5429783554","9519.56169926705","14604.422190171"
"A0A3Q4EBW1;A0A3Q4EC06;Q78JT3","1","1","4.9083","0.508699235458684","0.403041026742345","1.18357823550272","0.0877130597996888","STZ_3_meses","STZ_1_mes","7713.8069","3-hydroxyanthranilate 3_4-dioxygenase OS=Mus musculus OX=10090 GN=Haao PE=1 SV=1","17618.5362141051","19365.0098298218","15507.4633480373","28659.5362408909","16290.4929464765","17177.1870885302","17467.953396954","12782.2452798493","10771.4130418177","28778.8251390637","10548.9065534434","19454.2185791978"
"P07759;A0A0R4J0I1;E9Q499;F2Z405;P29621;Q03734","11","8","74.5989","0.514081783259911","0.405785807757007","1.1738810400763","0.0866984864013549","STZ_1_mes","STZ_3_meses","47051.0918","Serine protease inhibitor A3K OS=Mus musculus OX=10090 GN=Serpina3k PE=1 SV=2","1535.19724540878","1127.79127230337","1807.05383781996","1701.52504035125","781.867657301981","1324.52497281323","1522.07615956561","744.42020911629","1255.17132229263","1708.60725708954","506.298298101672","1500.10582069753"
"A0A494BBD8;P10107","3","2","16.1675","0.53569714757387","0.421275775615915","1.31224900293921","0.0828374124056519","STZ_1_mes","STZ_3_meses","34115.8849","Annexin OS=Mus musculus OX=10090 GN=Anxa1 PE=1 SV=1","594.186034750519","1514.15457274312","774.25010612832","752.105865169892","574.135486532306","870.438323546525","589.107621541996","999.446698477928","537.790578872129","755.236337317499","371.781358387627","985.824822114899"
"P19001","21","11","186.1946","0.542223378258556","0.424828757476753","1.23466043743003","0.0817355468579311","STZ_3_meses","STZ_1_mes","44541.8626","Keratin_ type I cytoskeletal 19 OS=Mus musculus OX=10090 GN=Krt19 PE=1 SV=1","40180.955726943","16994.0371163038","13773.8555018081","17748.6412152235","40321.0044386363","29528.0904790025","39837.535511117","11217.2393726824","9567.25696901715","17822.5159575373","26109.8610927026","33442.3746707878"
"REVERSE325","5","5","27.2024","0.544901497172109","0.425351670987719","1.09844718005408","0.0812915837674086","STZ_3_meses","STZ_1_mes","129417.1736","Reversed Sequence 325","30101.7573324071","45234.5036394582","30171.4743780414","44870.8246856196","37529.1718289881","33494.6778543891","29844.4824166463","29857.8996712604","20956.9679652111","45057.5894396569","24302.0102554813","37934.778311532"
"Q6IFZ6","26","12","196.6626","0.54693384391874","0.425368501219357","1.12131503907805","0.0809578078782439","STZ_3_meses","STZ_1_mes","61415.8812","Keratin_ type II cytoskeletal 1b OS=Mus musculus OX=10090 GN=Krt77 PE=1 SV=1","28783.4264081749","13947.2350488636","12768.575362145","21348.8239774689","23326.1427649885","17557.162160247","28537.4190564214","9206.13936873615","8868.99398660499","21437.6836738768","15104.8406631161","19884.563667816"
"D2XZ31;E9PWZ2;A0A087WQJ0;A0A494BAG6;O88286;O88286-4","27","13","92.4211","0.57046463185002","0.442044009794284","1.0770813739212","0.0772827979934181","STZ_1_mes","STZ_3_meses","10331.8229","ABPA7 (Fragment) OS=Mus musculus OX=10090 GN=Scgb1b29 PE=2 SV=1","102290.441660648","128647.304126217","128111.975945573","135511.506651775","97218.0223218045","100624.784289948","101416.181581053","84916.1147029386","88985.9919409595","136075.542935627","62953.5174996108","113963.743770854"
"Q64191;B7ZNK6","5","5","29.4726","0.575160790952905","0.444056408866195","1.1690694531595","0.0765894434563378","STZ_3_meses","STZ_1_mes","37535.3228","N(4)-(beta-N-acetylglucosaminyl)-L-asparaginase OS=Mus musculus OX=10090 GN=Aga PE=1 SV=1","326.21284923408","299.272989246181","175.71545356787","382.42395454939","212.859697144128","341.376304671874","323.424760074367","197.540863020238","122.051149548544","384.015708574634","137.837268739823","386.629616049302"
"Q7M747","1","1","6.9312","0.597003502754152","0.45240159735051","1.02318168270836","0.0735286879657991","STZ_1_mes","STZ_3_meses","12705.6421","Secretoglobin family 2B member 24 OS=Mus musculus OX=10090 GN=Scgb2b24 PE=2 SV=1","1868.092458904","6195.36948674095","343.042992652975","2150.15509704648","4026.21573113156","2039.67240282066","1852.12617080026","4089.37217562702","238.27609210078","2159.10463587612","2607.17546431873","2310.05417533855"
"O88968","17","12","114.16","0.597143023140483","0.45240159735051","1.05335915978251","0.0735099770134705","STZ_1_mes","STZ_3_meses","48042.063","Transcobalamin-2 OS=Mus musculus OX=10090 GN=Tcn2 PE=1 SV=1","31127.05793464","27380.2273720631","34870.0964459158","26659.0848345595","31610.1690770694","30377.9856224143","30861.0199382672","18072.84298657","24220.6093412767","26770.0473019728","20469.1608061299","34404.9330806203"
"Q9D312","3","1","26.6066","0.598125472759347","0.45240159735051","1.15612053500561","0.0733785148024705","STZ_3_meses","STZ_1_mes","49091.2627","Keratin_ type I cytoskeletal 20 OS=Mus musculus OX=10090 GN=Krt20 PE=1 SV=1","4012.42121530156","4318.31790694492","3311.17436967849","6262.13008731331","3684.00381036501","3513.321357095","3978.12769154598","2850.38836375552","2299.92655722132","6288.19480071452","2385.57618027609","3979.0520571048"
"P21460;A2APX3","2","1","12.9592","0.598237213927489","0.45240159735051","1.3446316993626","0.0733635951185246","STZ_1_mes","STZ_3_meses","15758.966","Cystatin-C OS=Mus musculus OX=10090 GN=Cst3 PE=1 SV=2","40.6536430603678","0","181.202499140106","0","0","164.993984825467","40.3061828613427","0","125.862426281003","0","0","186.865813855564"
"A0A3B2W725;A0A3Q4EGS4;G5E8Z2","2","1","19.468","0.598685508152991","0.45240159735051","1.41395842206573","0.0733038054145077","STZ_1_mes","STZ_3_meses","90825.671","TATA-box binding protein associated factor 4b OS=Mus musculus OX=10090 GN=Taf4b PE=1 SV=1","7640.91641468153","1900.57334332991","4222.01703956079","1698.76052436517","5081.27831285125","2953.98628175729","7575.61072155491","1254.50980197151","2932.59370549841","1705.83123442509","3290.38109960326","3345.57075667128"
"Q497I4","9","4","62.384","0.59880129107164","0.45240159735051","1.09476579263527","0.0732883805637414","STZ_1_mes","STZ_3_meses","51841.451","Keratin_ type I cuticular Ha5 OS=Mus musculus OX=10090 GN=Krt35 PE=1 SV=1","4763.48291259551","3883.42294964062","5342.46773510505","5549.99168379419","3079.90607625008","4148.5190405635","4722.77018438058","2563.32762564671","3710.85362872606","5573.09228065184","1994.39277242816","4698.45241710017"
"P62737;P63268;P68033;P68134;A0A494B9T3;D3YZY0;D3Z2K3;A0A0U1RQ96;A0A1D5RM20","12","2","108.2916","0.603966577840054","0.454680176029341","5.97752264244074","0.0726074249316345","STZ_1_mes","STZ_3_meses","42408.2561","Actin_ aortic smooth muscle OS=Mus musculus OX=10090 GN=Acta2 PE=1 SV=1","113.872909020939","2631.25666012456","72.4937861896812","218.254747829993","79.888779317821","173.226223144706","112.899655441346","1736.81130655324","50.3538519801243","219.163184315873","51.7319684837798","196.189328982524"
"E9Q0P8;P04627","3","3","14.1235","0.612290145475946","0.45931179103025","1.22679964062505","0.0715391548985727","STZ_1_mes","STZ_3_meses","46768.0905","non-specific serine/threonine protein kinase OS=Mus musculus OX=10090 GN=Araf PE=1 SV=1","16288.1730098586","8640.82189432518","20681.1292041464","7734.37567641572","16217.2951316976","13226.4653748186","16148.9605946918","5703.53983000136","14365.0176582395","7766.56828221154","10501.5073181621","14979.7837740108"
"Q6IFZ9","14","5","102.2158","0.615989564833917","0.460454108602159","1.07755427007927","0.0710756357370471","STZ_3_meses","STZ_1_mes","55374.0486","Keratin_ type II cytoskeletal 74 OS=Mus musculus OX=10090 GN=Krt74 PE=3 SV=1","29353.1701495145","35809.127692565","22802.7176728986","27000.9340250629","31623.1731840256","36162.9708766652","29102.2932889334","23636.4999267352","15838.6632951051","27113.3193631372","20477.5816138699","40956.7839182223"
"P68510","8","2","54.6611","0.619127042054053","0.461169807256274","1.0802523017807","0.0706878661951891","STZ_3_meses","STZ_1_mes","28382.8718","14-3-3 protein eta OS=Mus musculus OX=10090 GN=Ywhah PE=1 SV=2","42806.4100141964","120810.736733364","72821.8225751829","82931.9418183985","80128.5211827857","92353.2778403654","42440.5504595927","79743.4384457203","50581.7045516044","83277.1274445613","51887.2132967373","104595.75507631"
"Q9D3H2","69","58","212.2351","0.622454438359668","0.462021452322278","1.13364415870537","0.070281917096769","STZ_3_meses","STZ_1_mes","18754.2527","Odorant-binding protein 1a OS=Mus musculus OX=10090 GN=Obp1a PE=1 SV=2","379851.847924316","429580.294599875","499124.099504758","650377.313269722","476703.442183033","356356.384660815","376605.314803437","283552.693296828","346689.314314678","653084.363113252","308689.250952428","403595.47599696"
"P32067;F6SXM5","8","6","45.0435","0.633071335838087","0.468258909991507","1.09005101016083","0.0690223560842206","STZ_3_meses","STZ_1_mes","47927.611","Lupus La protein homolog OS=Mus musculus OX=10090 GN=Ssb PE=1 SV=1","75201.3457841895","42985.292023608","51369.5214865684","53382.6852327586","75514.2327484362","55927.9447366185","74558.611883704","28373.2645064587","35681.0344331645","53604.8786991635","48899.231431209","63341.8298341753"
"Q64511;F6XX57","13","6","86.0848","0.641289241630951","0.471466853939898","1.06651842573127","0.0680838313548058","STZ_1_mes","STZ_3_meses","182821.5668","DNA topoisomerase 2-beta OS=Mus musculus OX=10090 GN=Top2b PE=1 SV=2","7601.92955459296","6197.85598415111","6356.2890123792","8463.45764240116","5138.58133818122","5296.90740874331","7536.95707593732","4091.01343582072","4415.04924621789","8498.68488852295","3327.48766607866","5999.07272316274"
"Q9QXC6","6","3","39.9103","0.641865776503672","0.471466853939898","1.31552794077627","0.0680191559701111","STZ_1_mes","STZ_3_meses","25662.503","Beta-A3/A1 crystallin protein OS=Mus musculus OX=10090 GN=Cryba1 PE=1 SV=1","505.289220403039","162.038959383513","465.847138347999","434.115909988745","196.397407902202","230.871136981129","500.970594079052","106.956915691412","323.575289451202","435.922820196453","127.177115517978","261.475731696366"
"Q9JHU4","9","4","49.667","0.64979762664512","0.475398239736932","1.08441730625982","0.0671446273709815","STZ_3_meses","STZ_1_mes","534783.7004","Cytoplasmic dynein 1 heavy chain 1 OS=Mus musculus OX=10090 GN=Dync1h1 PE=1 SV=2","4600.30768134069","6573.67128186155","5354.82453676252","7374.4186597019","5636.03082248113","4913.67108494669","4560.98958578497","4339.07751414908","3719.43660658267","7405.1130250673","3649.61101386069","5565.03406641398"
"Q9CWY3;A0A1D5RLQ7;A0A1D5RMH9","6","2","20.9572","0.651712625025604","0.475398239736932","1.49550696548818","0.0669377050693517","STZ_3_meses","STZ_1_mes","53359.5502","N-lysine methyltransferase SETD6 OS=Mus musculus OX=10090 GN=Setd6 PE=1 SV=1","813.163747630863","1983.32990863767","1402.76388397604","3998.68886211771","1431.86929242733","849.460746769477","806.213766858604","1309.1348564165","974.353371363127","4015.33250856365","927.20677097915","962.06642897525"
"Q07797","2","2","11.8325","0.654675438639839","0.475521600431965","1.35087663349","0.0666207505002024","STZ_3_meses","STZ_1_mes","65403.6665","Galectin-3-binding protein OS=Mus musculus OX=10090 GN=Lgals3bp PE=1 SV=1","573.705511707485","194.456405155182","246.362994171672","477.770659981834","173.553836498501","719.173499929475","568.802142260774","128.35467106779","171.12260779761","479.759273305144","112.384763876054","814.508125916435"
"A1L317","12","6","84.1633","0.659341299894916","0.475521600431965","1.05756019183292","0.0661293810637233","STZ_1_mes","STZ_3_meses","55067.5256","Keratin_ type I cytoskeletal 24 OS=Mus musculus OX=10090 GN=Krt24 PE=2 SV=2","4895.8419360059","5255.16865011153","5742.14207540407","7837.84239737456","3264.65532102884","3925.63286390991","4853.99795634203","3468.77462304486","3988.46559561951","7870.46566021371","2114.02712145576","4446.02014302916"
"P20060","32","29","210.3245","0.660033432521478","0.475521600431965","1.04742664301052","0.0660572942779073","STZ_3_meses","STZ_1_mes","61514.9503","Beta-hexosaminidase subunit beta OS=Mus musculus OX=10090 GN=Hexb PE=1 SV=2","17301.8363076056","11156.9858467407","12696.0296099177","13758.0516167708","14285.3378171712","15063.2987930966","17153.9602740109","7364.38199257861","8818.6040392531","13815.316424009","9250.46861459801","17060.1103506839"
"Q61900","2","2","13.1405","0.660873209634198","0.475521600431965","3.63191728597354","0.0659701067824167","STZ_1_mes","STZ_3_meses","15829.2751","Submaxillary gland androgen-regulated protein 3A OS=Mus musculus OX=10090 GN=Smr3a PE=2 SV=1","83.8202671012646","3447.79862751442","9.86011285425571","291.389933385726","412.89573584732","270.813356603013","83.1038686558387","2275.7854563311","6.84878924479715","292.602778694877","267.370579151856","306.712746759287"
"Q921I1;E9Q2Q7;D3YYR8;F7BAE9;F7CJN9","6","5","36.7677","0.670261019059862","0.480641625204826","1.15489358696208","0.0650158666850704","STZ_1_mes","STZ_3_meses","78890.94","Serotransferrin OS=Mus musculus OX=10090 GN=Tf PE=1 SV=1","488.113228465409","322.663623884612","935.460412751303","515.679705359837","144.3534656925","851.99987235105","483.94140260327","212.980298983722","649.766519763454","517.826106590666","93.4760676217137","964.942144528056"
"P17742","2","1","10.1609","0.673170796070809","0.481097376657438","1.08178031538976","0.0647276078076328","STZ_1_mes","STZ_3_meses","18142.461","Peptidyl-prolyl cis-trans isomerase A OS=Mus musculus OX=10090 GN=Ppia PE=1 SV=2","3066.13380113638","4693.08759995157","3664.35283854439","4029.52224961124","2815.14001004513","3715.31380675642","3039.92804488476","3097.76227069193","2545.2427046951","4046.29423312411","1822.94354126644","4207.82090306357"
"P05064;A6ZI44;A0A0U1RPN8;A0A0U1RPT5;A6ZI47;D3YV98;D3YWI1;D3Z510","6","6","31.8022","0.68019191585493","0.484478433939303","1.20780658242979","0.0640464104109265","STZ_1_mes","STZ_3_meses","39812.1919","Fructose-bisphosphate aldolase A OS=Mus musculus OX=10090 GN=Aldoa PE=1 SV=2","2953.35857897519","8365.42500833895","4810.14598588856","2972.96469494637","7131.3875012509","3249.54884047003","2928.11669454876","5521.75884579749","3341.1053789145","2985.33899436928","4617.92903347112","3680.31349373235"
"Q9Z0J0","6","5","30.0466","0.682694287691777","0.484629043855099","2.1822076883902","0.0638084737007345","STZ_1_mes","STZ_3_meses","16784.2445","NPC intracellular cholesterol transporter 2 OS=Mus musculus OX=10090 GN=Npc2 PE=1 SV=1","1780.62568021059","10717.1223664765","1134.31457347397","2517.5925449881","1639.79889341277","2089.52203948963","1765.40695670489","7074.04168581937","787.88970936293","2528.07145986709","1061.85155660331","2366.5119482471"
"P17182;Q6PHC1;B0QZL1;B1ARR7;A0A0N4SUI6;A0A0N4SUX5;B1ARR6;D3YVD3;D3Z2S4;D3Z6E4;P17183;A0A0N4SUW8;P21550;Q5SX59;Q5SX60;Q5SX61","11","10","78.9833","0.705577772819483","0.497976209194125","1.11661552741632","0.0617471483249383","STZ_1_mes","STZ_3_meses","47483.0601","Alpha-enolase OS=Mus musculus OX=10090 GN=Eno1 PE=1 SV=3","4880.81208284843","4474.16036801678","8073.09147257317","5115.57617219151","5727.26604177157","4765.09399642115","4839.09656094077","2953.25516216883","5607.53237482051","5136.86861181686","3708.69036804842","5396.76139515882"
"Q6UGQ3;G5E8B4;A0A0U1RPN9;Q9EST1","27","20","112.8885","0.707205157181893","0.497976209194125","1.10958346292827","0.0616082240057496","STZ_3_meses","STZ_1_mes","13028.1121","Secretoglobin family 2B member 2 OS=Mus musculus OX=10090 GN=Scgb2b2 PE=2 SV=1","129711.832806123","57773.9295675808","74649.8741934504","64942.6730412392","97873.7928290183","128044.901508832","128603.206472787","38134.7876919901","51851.4608360592","65212.9823667765","63378.1616048463","145018.709353641"
"P45700;A0A1W2P788;A0A1W2P6N0","5","3","25.0177","0.710787543396974","0.497976209194125","1.05419792023001","0.0613059051209787","STZ_1_mes","STZ_3_meses","73504.0174","Mannosyl-oligosaccharide 1_2-alpha-mannosidase IA OS=Mus musculus OX=10090 GN=Man1a1 PE=1 SV=1","52630.1245728868","48922.5126072831","64862.0844034686","71016.0481821015","41347.5749158053","45495.4642614479","52180.3032977883","32292.2405590417","45052.9068605811","71311.6365708676","26774.6166694527","51526.4054319632"
"Q80XI7;Q80XI7-2","17","2","123.6215","0.710912425233097","0.497976209194125","1.03447393081664","0.0612954526433979","STZ_3_meses","STZ_1_mes","62790.549","Vomeromodulin OS=Mus musculus OX=10090 GN=Bpifb9a PE=1 SV=1","8979.08688326689","24257.8875150968","8524.59467926789","11426.0761809457","17387.0439099279","14388.1344299347","8902.34406071366","16011.8828192619","5921.14443501793","11473.6346629325","11258.9779848324","16295.4452730934"
"P08074;F6YNX9","9","8","59.2626","0.714946890603834","0.499149437641891","1.23470325686132","0.0609608805512009","STZ_1_mes","STZ_3_meses","26072.2937","Carbonyl reductase [NADPH] 2 OS=Mus musculus OX=10090 GN=Cbr2 PE=1 SV=1","2263.74443761625","2700.38084608663","932.065231772834","1441.47418684096","1190.92934009977","2142.98722602784","2244.39657519545","1782.43804816101","647.408242600385","1447.47400016828","771.18613670827","2427.06455327673"
"REVERSE26875","1","1","4.285","0.720965884469497","0.501695914124691","1.70202157404999","0.0604728446246532","STZ_1_mes","STZ_3_meses","23851.1047","Reversed Sequence 26875","276.163820711284","0","0","140.92012085043","0","21.336236484775","273.803492610666","0","0","141.506669279035","0","24.164597270378"
"Q9R0H5","17","5","117.2799","0.743275558892307","0.515524661510862","1.1575205597101","0.0587768276542958","STZ_1_mes","STZ_3_meses","57895.84","Keratin_ type II cytoskeletal 71 OS=Mus musculus OX=10090 GN=Krt71 PE=1 SV=1","6419.23464845602","13579.6835445417","13870.2963362266","10634.1309529578","9128.16592777516","9497.84389612454","6364.3704744082","8963.52996535829","9634.24433105727","10678.3931403757","5910.94263953834","10756.891115757"
"A0A087WPA9","3","1","41.0248","0.752968741274378","0.518112467327932","1.03712351704405","0.0580936646036129","STZ_3_meses","STZ_1_mes","12795.5744","ABPBG18 OS=Mus musculus OX=10090 GN=Scgb2b18 PE=3 SV=1","4594.67711542107","5832.03744049096","6027.00764296014","5730.45237068527","6386.68763871627","4947.40222595856","4555.40714341364","3849.54790628712","4186.33191460885","5754.30409471824","4135.69873595645","5603.23665376363"
"P63101;A0A2I3BQ03;D3YXN6;D3YXF4","7","2","46.5998","0.754998849429385","0.518112467327932","1.13548665368772","0.0579545979615635","STZ_1_mes","STZ_3_meses","27942.2773","14-3-3 protein zeta/delta OS=Mus musculus OX=10090 GN=Ywhaz PE=1 SV=1","2692.96763660393","6464.4128839052","4850.74326656553","5752.86062054747","2649.85457488304","3933.9544973223","2669.95127200425","4266.95941796249","3369.3040642012","5776.80561389973","1715.91297958247","4455.44490358549"
"P07743;B7ZCG3","12","12","67.4403","0.755966244973511","0.518112467327932","1.1649028456944","0.0578888135691459","STZ_3_meses","STZ_1_mes","24923.9731","BPI fold-containing family A member 2 OS=Mus musculus OX=10090 GN=Bpifa2 PE=1 SV=1","2191.48554144135","14488.3802144114","1363.12769780443","3023.16396368883","15667.0873375788","2328.08311774313","2172.75526427383","9563.33258985112","946.822257919563","3035.74720632029","10145.2203338329","2636.69701038289"
"Q99M73","7","1","57.7342","0.761227210274714","0.518112467327932","1.10670997803019","0.0575364987612015","STZ_1_mes","STZ_3_meses","65838.4797","Keratin_ type II cuticular Hb4 OS=Mus musculus OX=10090 GN=Krt84 PE=2 SV=2","4.3723151585575","8.35497642819177","0","1.78390521785139","5.56343268210572","4.15277670947505","4.33494567870702","5.51486206054197","0","1.79133032362049","3.60260009766004","4.70327448844491"
"E9Q704;F8VQA4;P97467;F6T0D3;F6TGI4;F7D4K4","15","13","88.2678","0.76557612857872","0.518112467327932","1.15728588793522","0.0572521427051746","STZ_1_mes","STZ_3_meses","98032.1423","Peptidylglycine alpha-amidating monooxygenase OS=Mus musculus OX=10090 GN=Pam PE=1 SV=1","11867.4170739917","21425.7762323745","28915.9772625993","15946.937892066","20014.0492475456","17793.3800547873","11765.9881542681","14142.4935757906","20084.905417022","16013.3134479852","12960.0949438451","20152.0949305903"
"A2BHD2","22","3","194.6088","0.767390272420749","0.518112467327932","1.06953627670192","0.0571353499302112","STZ_1_mes","STZ_3_meses","19594.2308","Predicted gene 14743 OS=Mus musculus OX=10090 GN=Gm14743 PE=1 SV=1","37365.092178819","57457.1153942545","62015.1632831721","37735.4316558483","65895.8548576392","43009.247587775","37045.7386993346","37925.6684347743","43075.4484848327","37892.4969351489","42670.8520998353","48710.6124644886"
"P61982","8","2","62.4061","0.767909371959271","0.518112467327932","1.03306649600919","0.0571021276628797","STZ_3_meses","STZ_1_mes","28473.7251","14-3-3 protein gamma OS=Mus musculus OX=10090 GN=Ywhag PE=1 SV=2","1933.5619300164","861.806573134307","1254.2652277577","1613.90749447145","1185.82922368816","1383.80421035055","1917.03608479182","568.8519189195","871.206884643557","1620.62502280653","767.883557000308","1567.24319530465"
"P35918","5","2","27.7568","0.768917641502477","0.518112467327932","1.04397936868364","0.0570378482993883","STZ_1_mes","STZ_3_meses","152343.8222","Vascular endothelial growth factor receptor 2 OS=Mus musculus OX=10090 GN=Kdr PE=1 SV=2","19943.558693035","17030.3797997705","24269.6453498508","18781.9881745858","20387.7884813447","19493.8192730566","19773.1042798238","11241.2280563072","16857.5845433005","18860.1639920871","13202.1097352731","22077.9467049441"
"P62806","7","7","54.1385","0.769049435899403","0.518112467327932","1.06983985105406","0.0570294704542772","STZ_1_mes","STZ_3_meses","11367.3627","Histone H4 OS=Mus musculus OX=10090 GN=H4c1 PE=1 SV=2","6800.58888711494","11907.708768658","11934.3642217842","14407.8869233652","7702.01399496915","6532.38778250869","6742.46533925242","7859.91102197128","8289.55474788199","14467.8565244655","4987.43814402598","7398.33007057732"
"Q99KW3;Q99KW3-2;Q99KW3-4;Q99KW3-5;A0A2R8VI64","58","38","338.328","0.774696966970691","0.520260357255353","1.08173736544349","0.0566757312362284","STZ_3_meses","STZ_1_mes","225306.726","TRIO and F-actin-binding protein OS=Mus musculus OX=10090 GN=Triobp PE=1 SV=3","70603.840391272","65140.1255751689","71889.8329100501","96942.6294177324","73263.8174742349","54398.7916817112","70000.4006356303","42996.9863159969","49934.3487972462","97346.1313918054","47441.9753179662","61609.9701520345"
"REVERSE7807","4","4","19.0612","0.791626020994115","0.529946967698625","1.03490062322364","0.0556760085229245","STZ_1_mes","STZ_3_meses","62646.7246","Reversed Sequence 7807","52525.4947575996","40003.6275211661","41453.4759979121","39123.5424756211","53520.5001523653","36820.1738098503","52076.5677368338","26405.1597986708","28793.394636596","39286.3854551902","34657.1927967945","41701.1065740319"
"A2AEP0","35","12","204.4839","0.794897063636052","0.530458073184584","1.05000427526804","0.0554931464428083","STZ_3_meses","STZ_1_mes","19622.2442","Odorant-binding protein 1b OS=Mus musculus OX=10090 GN=Obp1b PE=1 SV=1","99542.7219874814","143237.933478187","155465.207393504","127343.264011769","174535.502415809","116281.092182363","98691.9462294044","94546.938792531","107985.421270025","127873.301815801","113020.441511004","131695.473320778"
"Q8C0V1;Q8C0V1-2;Q8C0V1-3;Q8C0V1-4","5","4","26.8481","0.813842332422715","0.541392941310036","1.04518422551819","0.0544980733413014","STZ_1_mes","STZ_3_meses","88774.0037","Telomere repeats-binding bouquet formation protein 1 OS=Mus musculus OX=10090 GN=Terb1 PE=1 SV=2","55932.7185620022","79922.0828929776","81370.3528992403","76819.4871714346","75175.0053700422","55839.8289596184","55454.6705431638","52754.1000904252","56519.4745759056","77139.2310746805","48679.5647871851","63242.0333088652"
"B8JJX8","4","2","18.4382","0.818481375156436","0.542479358692827","1.01770537921978","0.0542707913811078","STZ_3_meses","STZ_1_mes","94541.0191","Zinc finger protein 738 OS=Mus musculus OX=10090 GN=Zfp738 PE=3 SV=1","27690.8875842827","18536.4101703186","12539.8687060329","16664.8577272777","20113.4269507377","23029.3767504763","27454.2179874908","12235.3122196729","8710.13539038538","16734.2214636545","13024.4469624067","26082.1825329957"
"E9PY58;Q60649;Q8CCN6","1","1","4.4527","0.820604252675096","0.542479358692827","1.00322772938656","0.0541689014427984","STZ_1_mes","STZ_3_meses","79966.0221","Mitochondrial disaggregase OS=Mus musculus OX=10090 GN=Clpb PE=1 SV=1","1369.12918186385","1078.6692529261","875.536120193295","1738.00561012136","595.857167326012","978.779464823343","1357.42745325579","711.996280296241","608.14338051143","1745.23966905752","385.847229913392","1108.52781374304"
"A0AAA9WUV6;A0AAA9WW37;E0CYZ3;E9Q6P9;F6USE5;O88427;O88427-2","3","2","17.6919","0.826140932059702","0.543080616987729","1.10077933934409","0.0539093732336133","STZ_1_mes","STZ_3_meses","267188.8502","Calcium channel_ voltage-dependent_ T type_ alpha 1H subunit OS=Mus musculus OX=10090 GN=Cacna1h PE=1 SV=1","154.155809602139","533.05396859681","310.235015240499","491.362804416134","119.603935090775","295.159273026885","152.838264500321","351.852471745645","215.487821198878","493.407991995208","77.4495123531296","334.285991271315"
"P07356;B0V2N7;B0V2N8;B0V2N5","15","13","90.0874","0.827484278093542","0.543080616987729","1.00619600576279","0.053847751724596","STZ_3_meses","STZ_1_mes","38961.4131","Annexin A2 OS=Mus musculus OX=10090 GN=Anxa2 PE=1 SV=2","5688.5052556687","11885.1960155728","6222.94552080069","9175.47600428082","7744.68283515137","7023.93211326849","5639.8865091186","7845.05104852492","4322.42946747038","9213.66686729974","5015.068345844","7955.03419231049"
"B1ATI0;B1AV77;P47740","7","4","41.2395","0.829943255208736","0.543080616987729","1.00504105651829","0.0537363101667288","STZ_1_mes","STZ_3_meses","59847.0305","Aldehyde dehydrogenase OS=Mus musculus OX=10090 GN=Aldh3a2 PE=1 SV=1","7260.53148908266","8848.19135301502","2938.92296990899","5132.85613337593","7716.86128538241","6102.38974987057","7198.47688520672","5840.41800914079","2041.36243926585","5154.22049696798","4997.05250496988","6911.33090869751"
"P24622","5","1","39.4478","0.83400519448741","0.543080616987729","1.14221752773413","0.0535560468938789","STZ_1_mes","STZ_3_meses","22546.4092","Alpha-crystallin A chain OS=Mus musculus OX=10090 GN=Cryaa PE=2 SV=1","138.170269031112","24.4212095108842","66.4464853018011","72.515574375694","16.6174446621843","111.387423244382","136.989349793305","16.1196866276821","46.1534244705051","72.8174042062584","10.7606240937181","126.153092913378"
"P62331","4","2","30.506","0.838446646457039","0.543080616987729","1.51690121350549","0.0533643643443126","STZ_1_mes","STZ_3_meses","20196.2516","ADP-ribosylation factor 6 OS=Mus musculus OX=10090 GN=Arf6 PE=1 SV=2","3855.27159196697","272.504280841269","1896.57206933884","319.777517884017","1594.73372120121","2056.97213010865","3822.32120096138","179.871664829106","1317.35027605331","321.108520153147","1032.66961029656","2329.64717821421"
"B1AVU4;Q9D3N5","8","7","46.4576","0.842747289201544","0.543080616987729","1.85858931130047","0.0531841223035672","STZ_3_meses","STZ_1_mes","19741.1679","Predicted gene 14744 OS=Mus musculus OX=10090 GN=Gm14744 PE=3 SV=1","2219.11487019355","12956.866289571","1169.80185635213","1527.8295570394","27132.3679735892","1719.90006796262","2200.14844956276","8552.42751885715","812.5390135743","1534.18880524646","17569.5612936587","1947.89238098617"
"P70227","5","3","23.834","0.845238268416432","0.543080616987729","1.20121643024969","0.0530821242309301","STZ_1_mes","STZ_3_meses","307126.8071","Inositol 1_4_5-trisphosphate-gated calcium channel ITPR3 OS=Mus musculus OX=10090 GN=Itpr3 PE=1 SV=3","40.9079189522762","15.1411402313247","0.331896514963607","21.9858434270942","1.99744755242815","22.9532595693614","40.5582854977846","9.99419932931514","0.230533799731037","22.0773545742312","1.29344689845781","25.9959751539057"
"Q8C9J3;Q8C9J3-4;A0A140LIV1;E0CX63;E0CY95;Q8C9J3-2;Q8C9J3-3","8","6","38.2781","0.8465296747735","0.543080616987729","1.08214769448124","0.053029935290239","STZ_1_mes","STZ_3_meses","198428.9451","Sperm flagellar protein 2 OS=Mus musculus OX=10090 GN=Spef2 PE=1 SV=3","1137.9427082952","2229.82070727769","1199.91194080253","975.233716833473","1629.11049709884","1616.59104256709","1128.21689357998","1471.83582456115","833.45334037684","979.292908669803","1054.93028698352","1830.88856942551"
"REVERSE12943","3","2","26.3849","0.846760212583002","0.543080616987729","1.02092295626181","0.0530206681703421","STZ_1_mes","STZ_3_meses","93514.5176","Reversed Sequence 12943","12389.1156371554","8800.70383425662","13056.007048406","15957.5074270791","8268.62631905293","9317.85339782619","12283.2278430741","5809.07296372973","9068.64271989801","16023.9269763195","5354.34787956484","10553.0408300247"
"E9Q7N9","7","4","39.7856","0.847186076716611","0.543080616987729","1.02173171266475","0.0530035887449289","STZ_3_meses","STZ_1_mes","520367.9891","Dynein axonemal heavy chain 11 OS=Mus musculus OX=10090 GN=Dnah11 PE=1 SV=2","2738.58182447347","1973.66552179557","3083.45797393629","2392.50120527472","2478.25511605438","3094.36302691401","2715.17560268997","1302.75569295721","2141.7557913208","2402.45945548","1604.79377270811","3504.5560357883"
"A0A1B0GRR9;D3YTP8;Q9CY46","1","1","5.34","0.857074730771395","0.547759767004734","1.04030139167565","0.0526213025613477","STZ_3_meses","STZ_1_mes","11457.203","LSM4 homolog_ U6 small nuclear RNA and mRNA degradation associated OS=Mus musculus OX=10090 GN=Lsm4 PE=1 SV=1","3869.99460726232","5324.8276996673","2421.39451828762","4257.81233688743","2721.65300394302","5104.90118844912","3836.91838099476","3514.75441160205","1681.88954623389","4275.53452673812","1762.40604282655","5781.61389483904"
"Q9Z2K1","28","13","195.0758","0.861024483277051","0.547937304471663","1.01730094460316","0.0524762231037311","STZ_3_meses","STZ_1_mes","52005.6665","Keratin_ type I cytoskeletal 16 OS=Mus musculus OX=10090 GN=Krt16 PE=1 SV=3","45495.7851668955","59684.7126164604","55144.4187672987","61133.6766911426","52950.4409889724","49014.5713702881","45106.9399520787","39396.0366054683","38303.0608012827","61388.1319228128","34288.0510609168","55512.0102080036"
"Q66VB7","15","15","85.6238","0.865068274041403","0.547937304471663","1.02435283357606","0.0523321570055894","STZ_3_meses","STZ_1_mes","10573.4122","Lacrein OS=Mus musculus OX=10090 GN=Gm1553 PE=1 SV=1","183094.526097414","116453.813047111","135441.791618637","79113.2720722259","241519.997058833","124950.103893806","181529.646404252","76867.5675986265","94077.2483484724","79442.5633411779","156396.242159918","141513.661120145"
"Q61493;F6T1D2","9","5","61.3524","0.865123088697836","0.547937304471663","1.0041840960558","0.0523302350950811","STZ_3_meses","STZ_1_mes","354247.2904","DNA polymerase zeta catalytic subunit OS=Mus musculus OX=10090 GN=Rev3l PE=1 SV=3","1990.11019636129","2437.76352937966","3285.93744671154","1297.06286774488","3669.33635064333","2779.68728096617","1973.10104212921","1609.09246319183","2282.39710607379","1302.46160131313","2376.07826867276","3148.16644116549"
"A0A0H2UH22;D3YUJ4;Q812E0","2","1","19.0882","0.868759543880358","0.548597993143618","1.09043505265671","0.0522045775035913","STZ_1_mes","STZ_3_meses","108362.9959","Cytoplasmic polyadenylation element binding protein 2 OS=Mus musculus OX=10090 GN=Cpeb2 PE=1 SV=2","2002.61942755216","2393.47961200567","4400.38709101561","3319.58044449277","1968.46673532931","2778.90381294171","1985.50335891753","1579.86201617418","3056.48872658536","3333.39745431076","1274.68037417751","3147.27911554465"
"Q8CCX5;Q8CCX5-2","7","3","44.6141","0.87839155869448","0.552759125263338","1.02675821933931","0.0518891915786411","STZ_3_meses","STZ_1_mes","34425.9595","Keratin-like protein KRT222 OS=Mus musculus OX=10090 GN=Krt222 PE=2 SV=1","21869.0471063187","21620.9696433957","23776.122231001","26837.9805496486","23288.0440391328","18940.0364928883","21682.1358509419","14271.3347216825","16514.785644505","26949.6876303927","15080.169838226","21450.7537195464"
"P47739","31","21","183.3823","0.88057507574063","0.552759125263338","1.04097944946148","0.0518211970047248","STZ_1_mes","STZ_3_meses","50880.1354","Aldehyde dehydrogenase_ dimeric NADP-preferring OS=Mus musculus OX=10090 GN=Aldh3a1 PE=1 SV=2","29773.7335916791","48367.0364544642","42121.047195387","39102.2547234439","33006.2014864929","43419.105168671","29519.2622424786","31925.5878955608","29257.0865339386","39265.0090975142","21373.1614082585","49174.8013287071"
"P00687;D3YYQ5","2","2","10.9917","0.889964159925454","0.557000070381741","2.20516955553771","0.0515434511053917","STZ_1_mes","STZ_3_meses","58328.1357","Alpha-amylase 1 OS=Mus musculus OX=10090 GN=Amy1 PE=1 SV=2","404.830272516733","4661.8980744124","127.635592093606","897.632008733899","419.957068248567","1037.95039887255","401.370252787352","3077.17502756077","88.6550978984702","901.368200847633","271.943144014583","1175.54252800305"
"J3QMV8","1","1","5.6006","0.906755204510816","0.565006371888466","14.2767321022286","0.0511053511611309","STZ_1_mes","STZ_3_meses","3483.0214","Heterogeneous nuclear ribonucleoprotein F (Fragment) OS=Mus musculus OX=10090 GN=Hnrnpf PE=1 SV=1","711.820860052016","0","4387.14300537219","89.3036164473089","24.7338320249403","243.114582462636","705.737040765841","0","3047.28944533447","89.6753227414829","16.016389657263","275.342185111127"
"B2RQ06;Q9JKD9;Q9JKD9-2","2","2","11.0093","0.908098231091697","0.565006371888466","1.66987988054165","0.0510735281818216","STZ_1_mes","STZ_3_meses","51597.8792","Zinc finger and BTB domain-containing protein 32 OS=Mus musculus OX=10090 GN=Zbtb32 PE=1 SV=1","1793.08607474518","5664.79768194854","240.962650914964","1948.22770710351","1356.99440856909","1305.19717095984","1777.76085423604","3739.15810359567","167.371554096557","1956.33676841618","878.721549837249","1478.21589890921"
"P11591;A2CEK9","12","7","109.379","0.914241098999308","0.567081220728632","1.05631445344905","0.0509340059811007","STZ_3_meses","STZ_1_mes","21160.9518","Major urinary protein 5 OS=Mus musculus OX=10090 GN=Mup5 PE=2 SV=2","28728.5862624467","33680.5763299511","10713.8892989309","15069.4031555512","43500.4006105625","18671.1328270014","28483.0476206665","22231.5088708676","7441.81845431868","15132.1261697493","28168.6786634305","21146.2038147249"
"REVERSE289","2","2","11.3264","0.920873661878134","0.567081220728632","1.35900764977059","0.0507944350786059","STZ_3_meses","STZ_1_mes","10524.0816","Reversed Sequence 289","644.356447247742","1321.94816029241","610.308413261636","2222.35400749474","289.869511539944","989.413286733444","638.849235530667","872.577178147429","423.91742960137","2231.6040581123","187.704963869036","1120.57126967708"
"E9Q1Z0;Q9DCV7","20","4","148.9558","0.923610940540147","0.567081220728632","1.05141643674996","0.0507401720997174","STZ_1_mes","STZ_3_meses","58623.5718","Keratin 90 OS=Mus musculus OX=10090 GN=Krt90 PE=1 SV=1","7938.25992469192","25792.0660760627","13557.4703419274","11067.7598251052","14519.5275361118","19388.038009246","7870.41288404046","17024.5467343173","9416.95682766683","11113.8268955448","9402.11813613168","21958.1429316516"
"Q3UU35","52","41","332.4498","0.923693932254325","0.567081220728632","1.01527666344112","0.0507385572909576","STZ_3_meses","STZ_1_mes","163709.1402","Alpha-2-macroglobulin-like protein 1 OS=Mus musculus OX=10090 GN=A2ml1 PE=1 SV=2","124744.765292187","126844.623665372","149657.556895621","116161.374376301","157674.057608592","133541.228416865","123678.591692163","83726.2209711921","103951.453824077","116644.87007013","102101.815155634","151243.636898559"
"O88990","29","12","186.0878","0.924836428050227","0.567081220728632","1.03688574409903","0.0507165088571045","STZ_1_mes","STZ_3_meses","103670.2402","Alpha-actinin-3 OS=Mus musculus OX=10090 GN=Actn3 PE=1 SV=1","35246.6740955946","62239.604894728","52327.3327429796","57430.5627700397","40169.9094395817","46883.7321358415","34945.4263973737","41082.4421405751","36346.3257466025","57669.6046197298","26012.0195460437","53098.7040007413"
"Q8BFR4;A0A1W2P8D3","5","5","32.4194","0.931750101072334","0.568326056358177","1.03005784629971","0.0505902976722885","STZ_3_meses","STZ_1_mes","61916.357","N-acetylglucosamine-6-sulfatase OS=Mus musculus OX=10090 GN=Gns PE=1 SV=1","1138.49107317571","587.323826841791","1604.67844432205","1499.86445876777","406.101268072478","1524.63507454565","1128.76057167338","387.674330112158","1114.60230052917","1506.10730851911","262.970822442671","1726.74279210291"
"A0A1L1SRG5;P23927","4","4","28.6305","0.932239734299787","0.568326056358177","1.02505953155917","0.0505818277521879","STZ_3_meses","STZ_1_mes","15385.4598","Alpha-crystallin B chain (Fragment) OS=Mus musculus OX=10090 GN=Cryab PE=1 SV=1","320.287799579662","184.958051421951","133.67154455438","211.133175658682","132.763166959344","311.032023575605","317.550350873724","122.085100938992","92.8476428425792","212.011970196052","85.9707712096118","352.262855413062"
"Q9QWR8","4","4","18.075","0.939375252461348","0.569379760568284","1.11963380125675","0.0504654041567995","STZ_3_meses","STZ_1_mes","47748.0514","Alpha-N-acetylgalactosaminidase OS=Mus musculus OX=10090 GN=Naga PE=1 SV=2","566.896912963922","396.599219335385","402.966239072622","624.328989710177","178.478934904652","727.129534518633","562.051735524038","261.78290348889","279.898504709889","626.927619243254","115.574010697725","823.518823367852"
"G3X8T9;Q91WP6","3","2","29.7261","0.940952730085724","0.569379760568284","1.06680264576665","0.050441433531037","STZ_1_mes","STZ_3_meses","46937.3187","Serine (or cysteine) peptidase inhibitor_ clade A_ member 3N OS=Mus musculus OX=10090 GN=Serpina3n PE=1 SV=1","230.620165679767","273.866267731654","55.3824363076489","161.057067746136","92.0087820631327","271.744312539667","228.649091930058","180.770670337175","38.4683866950649","161.727431704328","59.5802746589115","307.767111492344"
"P01887","1","1","5.7536","0.942042804819592","0.569379760568284","1.01932440782529","0.0504252425112459","STZ_3_meses","STZ_1_mes","13893.0765","Beta-2-microglobulin OS=Mus musculus OX=10090 GN=B2m PE=1 SV=2","2008.1176718811","2421.59817594007","1480.62755347283","2441.97736496727","1456.03696715384","2126.542955447","1990.9546106297","1598.42221233649","1028.43711970277","2452.1415486017","942.856545552679","2408.44040762318"
"Q91XA9;D3Z1S6","9","7","62.6481","0.947297543766235","0.570924562452602","1.04708184463569","0.0503514667309943","STZ_1_mes","STZ_3_meses","52687.6861","Acidic mammalian chitinase OS=Mus musculus OX=10090 GN=Chia PE=1 SV=2","3575.96242009019","5941.05973430924","3189.3504358281","4193.7581879846","4523.04708768208","3418.22758286638","3545.39923999964","3921.51015741963","2215.30821053036","4211.2137667924","2928.89854355836","3871.35252167855"
"REVERSE6695","4","4","27.959","0.954261495507906","0.572059392710919","1.02685287537536","0.0502645767436199","STZ_1_mes","STZ_3_meses","50066.409","Reversed Sequence 6695","30024.0088278156","14474.0042395001","20977.2590796339","20574.2529769095","23844.0671930431","19344.7307179516","29767.3984161152","9553.84345253245","14570.7081139453","20659.8886950773","15440.2225580191","21909.0947663978"
"A2BHR2","51","48","136.3951","0.954588928767514","0.572059392710919","1.01328752332734","0.050260796003703","STZ_3_meses","STZ_1_mes","20590.2234","Lipocalin 11 OS=Mus musculus OX=10090 GN=Lcn11 PE=1 SV=1","209445.131103929","279453.068672669","223551.901810274","269181.69259131","263156.857777067","189578.248562898","207655.036995262","184458.345199482","155278.127482216","270302.101074113","170407.188457027","214709.001328092"
"Q9JKR6;F6TRP3;A0A1L1SQ34;E0CYZ2","18","15","91.2976","0.960503807882167","0.573978020139392","1.00646637424803","0.0501972031923846","STZ_1_mes","STZ_3_meses","111409.387","Hypoxia up-regulated protein 1 OS=Mus musculus OX=10090 GN=Hyou1 PE=1 SV=1","53794.7796765375","78226.3169343994","94122.9618905213","76629.4274634563","86383.7282561505","61677.9658992535","53335.0042801439","51634.777321666","65377.3783944093","76948.3802857524","55937.7718099857","69854.0816921998"
"Q924W7;Q924W7-2","4","3","20.3652","0.963357874261819","0.574061909773083","1.08385613026645","0.0501697028215735","STZ_3_meses","STZ_1_mes","128058.9696","DENN domain-containing protein 2B OS=Mus musculus OX=10090 GN=Dennd2b PE=1 SV=1","2547.30848406925","2891.33182396343","2762.77949267912","4600.93360943733","2208.31690170581","2079.908616747","2525.53704499947","1908.47889487876","1919.01398644135","4620.08396470557","1429.99531769988","2355.62415699435"
"G3UVV3;S4R2G4","7","6","32.3909","0.968069820319253","0.575249322895","1.10146115131575","0.0501288299070712","STZ_1_mes","STZ_3_meses","250867.7329","Zinc finger protein 407 OS=Mus musculus OX=10090 GN=Zfp407 PE=1 SV=1","1865.67103383703","2135.91634235816","5734.27554106983","3717.70998969943","2880.69771075478","2240.63569715908","1849.72544126689","1409.85245167375","3983.00153688727","3733.18412454479","1865.39542169246","2537.65743973252"
"P40142;A0A286YE28","34","29","255.5312","0.979908611511928","0.580653156355674","1.00407163570211","0.0500509802238823","STZ_1_mes","STZ_3_meses","68314.9178","Transketolase OS=Mus musculus OX=10090 GN=Tkt PE=1 SV=1","18337.7635716721","24026.9195437082","23782.3675723539","18895.1427378954","21860.2948204058","25123.3785895925","18181.0336330827","15859.4279902676","16519.123630015","18973.7895359132","14155.6310204267","28453.768129255"
"A0A1B0GT69","3","2","10.4617","0.986337444053088","0.582830038449228","1.09560236607866","0.0500235683524877","STZ_1_mes","STZ_3_meses","13981.7834","Collagen_ type IV_ alpha 1 (Fragment) OS=Mus musculus OX=10090 GN=Col4a1 PE=4 SV=1","43236.1471538051","17999.8886684065","15453.1863789465","20366.3359117913","21035.8557546183","28595.1217527295","42866.6147044541","11881.1709362127","10733.7125075901","20451.1062217612","13621.7656123893","32385.7303299579"
"REVERSE2193","3","1","25.1764","0.989248171947816","0.582921724159243","1.0740535751599","0.0500145934181577","STZ_1_mes","STZ_3_meses","40797.2997","Reversed Sequence 2193","21812.9356053177","63646.2169360521","37664.3497104159","33963.7209878942","32269.4120029557","48401.2810638267","21626.5039259847","42010.9033334068","26161.4848655246","34105.0873666256","20896.0534756177","54817.4212969724"
"Q9JJV1","1","1","5.6629","1","0.587620491633674","1","1","---","---","22635.8692","Beta-crystallin A2 OS=Mus musculus OX=10090 GN=Cryba2 PE=2 SV=3","0","0","0","0","0","0","0","0","0","0","0","0"
"A0A0B4J1I0;A0A0G2JDE5;A0A140T8M0;A0A140T8M9;A0A140T8N1;F6XWB2;P01631","1","0","6.874",,,,,"---","---","13193.0706","Immunoglobulin kappa variable 1-110 (Fragment) OS=Mus musculus OX=10090 GN=Igkv1-110 PE=1 SV=5",,,,,,,"0","0","0","0","0","0"
"A0A1N9M8B2;Q8K1K9","1","0","5.6529",,,,,"---","---","49630.958","Histone H4 transcription factor (Fragment) OS=Mus musculus OX=10090 GN=Hinfp PE=1 SV=1",,,,,,,"0","0","0","0","0","0"
"A0A9L6KDW7","3","0","13.6442",,,,,"---","---","55178.6398","Zinc finger protein 33B OS=Mus musculus OX=10090 GN=Zfp33b PE=4 SV=1",,,,,,,"0","0","0","0","0","0"
"A0A140LHZ2;A0A140LIW0;A0A286YDU8","1","0","5.9726",,,,,"---","---","13550.9817","Coiled-coil and C2 domain containing 2B (Fragment) OS=Mus musculus OX=10090 GN=Cc2d2b PE=4 SV=1",,,,,,,"0","0","0","0","0","0"
"A0A338P675;P47941","1","0","5.8145",,,,,"---","---","16872.7876","V-crk avian sarcoma virus CT10 oncogene homolog-like (Fragment) OS=Mus musculus OX=10090 GN=Crkl PE=1 SV=1",,,,,,,"0","0","0","0","0","0"
"A2ALV1;A2ALV3;Q62420;Q8BXU5","1","0","5.4154",,,,,"---","---","20289.2667","SH3-domain GRB2-like 2 OS=Mus musculus OX=10090 GN=Sh3gl2 PE=1 SV=1",,,,,,,"0","0","0","0","0","0"
"B1ARJ2;G5E8M9;P35330","1","0","5.7733",,,,,"---","---","16077.3512","Intercellular adhesion molecule 2 (Fragment) OS=Mus musculus OX=10090 GN=Icam2 PE=1 SV=1",,,,,,,"0","0","0","0","0","0"
"F6Y6L6;A0A1B0GT66","6","0","49.2224",,,,,"---","---","30241.4076","Cathepsin D (Fragment) OS=Mus musculus OX=10090 GN=Gm49369 PE=1 SV=1",,,,,,,"0","0","0","0","0","0"
"F8WIV2;Q60854","3","0","17.6819",,,,,"---","---","45230.8328","Serpin B6 OS=Mus musculus OX=10090 GN=Serpinb6a PE=1 SV=1",,,,,,,"0","0","0","0","0","0"
"H3BKI6;Q925I1;Q925I1-2;V9GWS5","2","0","10.5337",,,,,"---","---","24122.8183","ATPase family_ AAA domain containing 3A OS=Mus musculus OX=10090 GN=Atad3a PE=1 SV=1",,,,,,,"0","0","0","0","0","0"
"O35691;Q3TUQ5","1","0","4.3773",,,,,"---","---","82606.8288","Pinin OS=Mus musculus OX=10090 GN=Pnn PE=1 SV=4",,,,,,,"0","0","0","0","0","0"
"P10853;P10854;P70696;Q64475;Q64478;Q64524;Q64525;Q6ZWY9;Q8CBB6;Q8CGP0;Q8CGP1;Q8CGP2;Q8CGP2-2;Q9D2U9","1","0","8.2054",,,,,"---","---","13936.1889","Histone H2B type 1-F/J/L OS=Mus musculus OX=10090 GN=H2bc7 PE=1 SV=2",,,,,,,"0","0","0","0","0","0"
"Q3UT41","8","0","61.9159",,,,,"---","---","45036.8738","Lipase OS=Mus musculus OX=10090 GN=Lipo3 PE=1 SV=1",,,,,,,"0","0","0","0","0","0"
"Q5EBJ4","2","0","19.4136",,,,,"---","---","32319.0178","Ermin OS=Mus musculus OX=10090 GN=Ermn PE=1 SV=1",,,,,,,"0","0","0","0","0","0"
"Q5I2A0;Q80X76","3","0","19.3868",,,,,"---","---","49420.694","Serine protease inhibitor A3G OS=Mus musculus OX=10090 GN=Serpina3g PE=1 SV=2",,,,,,,"0","0","0","0","0","0"
"Q8BGW3","1","0","14.8236",,,,,"---","---","23928.9659","Class E basic helix-loop-helix protein 23 OS=Mus musculus OX=10090 GN=Bhlhe23 PE=2 SV=1",,,,,,,"0","0","0","0","0","0"
"Q8BR26","2","0","10.5499",,,,,"---","---","21954.1295","Interferon-induced transmembrane protein 10 OS=Mus musculus OX=10090 GN=Ifitm10 PE=2 SV=3",,,,,,,"0","0","0","0","0","0"
"Q9CQV8;Q9CQV8-2;A2A5N1","7","0","44.2273",,,,,"---","---","28200.542","14-3-3 protein beta/alpha OS=Mus musculus OX=10090 GN=Ywhab PE=1 SV=3",,,,,,,"0","0","0","0","0","0"
"Q9CW03","5","0","29.9584",,,,,"---","---","141955.1436","Structural maintenance of chromosomes protein 3 OS=Mus musculus OX=10090 GN=Smc3 PE=1 SV=2",,,,,,,"0","0","0","0","0","0"
"Q9JM54","2","0","8.871",,,,,"---","---","11679.6802","Phorbol-12-myristate-13-acetate-induced protein 1 OS=Mus musculus OX=10090 GN=Pmaip1 PE=1 SV=1",,,,,,,"0","0","0","0","0","0"
"Q9Z2T6","5","0","30.6568",,,,,"---","---","57413.2213","Keratin_ type II cuticular Hb5 OS=Mus musculus OX=10090 GN=Krt85 PE=1 SV=2",,,,,,,"0","0","0","0","0","0"
"Q91VN6;A0A1S6GWJ4","4","0","10.7127",,,,,"---","---","70504.041","Probable ATP-dependent RNA helicase DDX41 OS=Mus musculus OX=10090 GN=Ddx41 PE=1 SV=2",,,,,,,"0","0","0","0","0","0"
"Q99PW8;A2AM72","3","0","15.8203",,,,,"---","---","117000.436","Kinesin-like protein KIF17 OS=Mus musculus OX=10090 GN=Kif17 PE=1 SV=1",,,,,,,"0","0","0","0","0","0"
"Q61765","6","0","45.2307",,,,,"---","---","48942.2702","Keratin_ type I cuticular Ha1 OS=Mus musculus OX=10090 GN=Krt31 PE=1 SV=2",,,,,,,"0","0","0","0","0","0"
"Q61897","6","0","44.8786",,,,,"---","---","47517.4968","Keratin_ type I cuticular Ha3-II OS=Mus musculus OX=10090 GN=Krt33b PE=1 SV=2",,,,,,,"0","0","0","0","0","0"
"Q64437","2","0","13.1591",,,,,"---","---","40702.7986","All-trans-retinol dehydrogenase [NAD(+)] ADH7 OS=Mus musculus OX=10090 GN=Adh7 PE=2 SV=2",,,,,,,"0","0","0","0","0","0"
"REVERSE1833","1","0","4.9834",,,,,"---","---","5679.487","Reversed Sequence 1833",,,,,,,"0","0","0","0","0","0"
"REVERSE1939","2","0","11.226",,,,,"---","---","73577.3165","Reversed Sequence 1939",,,,,,,"0","0","0","0","0","0"
"REVERSE11332","1","0","4.4795",,,,,"---","---","35401.6505","Reversed Sequence 11332",,,,,,,"0","0","0","0","0","0"
"REVERSE33424","1","0","13.1868",,,,,"---","---","12542.5964","Reversed Sequence 33424",,,,,,,"0","0","0","0","0","0"
"REVERSE52262","1","0","5.9583",,,,,"---","---","16135.144","Reversed Sequence 52262",,,,,,,"0","0","0","0","0","0"
