,,,,,,,,,,,,"Normalized abundance",,,,,,"Raw abundance",,,,,
,,,,,,,,,,,,"Control_1_mes",,,"STZ_1_mes",,,"Control_1_mes",,,"STZ_1_mes",,
"Accession","Peptide count","Unique peptides","Confidence score","Anova (p)","q Value","Max fold change","Power","Highest mean condition","Lowest mean condition","Mass","Description","20260129_HDMSE_941_089_Control_pool_lagrimas_1_mes_N1","20260129_HDMSE_942_089_Control_pool_lagrimas_1_mes_N2","20260129_HDMSE_943_089_Control_pool_lagrimas_1_mes_N3","20260129_HDMSE_944_089_STZ_pool_lagrimas_1_mes_N1","20260129_HDMSE_945_089_STZ_pool_lagrimas_1_mes_N2","20260129_HDMSE_946_089_STZ_pool_lagrimas_1_mes_N3","20260129_HDMSE_941_089_Control_pool_lagrimas_1_mes_N1","20260129_HDMSE_942_089_Control_pool_lagrimas_1_mes_N2","20260129_HDMSE_943_089_Control_pool_lagrimas_1_mes_N3","20260129_HDMSE_944_089_STZ_pool_lagrimas_1_mes_N1","20260129_HDMSE_945_089_STZ_pool_lagrimas_1_mes_N2","20260129_HDMSE_946_089_STZ_pool_lagrimas_1_mes_N3"
"Q9JJV1","1","1","5.6629","0.000241382293354242","0.0627110387716079","Infinity","0.999999999959799","Control_1_mes","STZ_1_mes","22635.8692","Beta-crystallin A2 OS=Mus musculus OX=10090 GN=Cryba2 PE=2 SV=3","598.173290518901","3082.87909315708","436.39625463855","0","0","0","411.545241296937","2684.93908937868","233.61804438057","0","0","0"
"Q8BHN3;Q8BHN3-2","6","6","33.1044","0.000348394659842266","0.0627110387716079","2.51009584588571","0.999999996030024","STZ_1_mes","Control_1_mes","107367.5114","Neutral alpha-glucosidase AB OS=Mus musculus OX=10090 GN=Ganab PE=1 SV=1","776.701733204399","644.810907177815","616.373711345755","1739.10284530201","1573.13784854181","1803.04937201573","534.373411975762","561.578303146003","329.966216532851","1724.23901083934","1038.37973829012","1252.38983867916"
"Q99N75;D3Z4E7;D3Z617","29","28","116.1191","0.00112653402667029","0.135184083200435","1.37199057463953","0.999950317775556","STZ_1_mes","Control_1_mes","16316.897","Prolactin-induced protein OS=Mus musculus OX=10090 GN=Sval2 PE=1 SV=1","263923.17401843","260321.391731339","251548.987588752","338730.446723501","379608.289595639","346042.706727423","181580.033841107","226718.940101268","134662.893922108","335835.371655821","250567.715199563","240359.679762932"
"Q9QXC6","6","3","39.9103","0.00228371725104026","0.205534552593624","17.4162177135968","0.998521287027223","Control_1_mes","STZ_1_mes","25662.503","Beta-A3/A1 crystallin protein OS=Mus musculus OX=10090 GN=Cryba1 PE=1 SV=1","5971.27197750313","9275.99984147527","4488.35622932727","505.289220403039","162.038959383513","465.847138347999","4108.2552594406","8078.6478531477","2402.77269484649","500.970594079052","106.956915691412","323.575289451202"
"A0A0A0MQA3;A0A0R4J0X5;P07758;Q00896;P22599;Q00897","4","3","33.8221","0.0032605719475941","0.210776414093518","5.25207299762808","0.994719441978612","Control_1_mes","STZ_1_mes","49024.2217","Serine (or cysteine) peptidase inhibitor_ clade A_ member 1A OS=Mus musculus OX=10090 GN=Serpina1a PE=1 SV=1","4631.14892562615","2458.7406495751","4903.60004532387","620.493777202409","690.22152216698","972.857230171153","3186.24608000388","2141.36483501468","2625.06710549536","615.190515917794","455.593922817569","675.742177924828"
"Q8C6C9;D3YTP1;D3Z001","50","35","249.1019","0.00425467818784164","0.210776414093518","1.41521314689786","0.988254963313422","Control_1_mes","STZ_1_mes","38626.3357","Protein LEG1 homolog OS=Mus musculus OX=10090 GN=Leg1 PE=2 SV=2","326010.472616063","370224.733679955","359887.667884037","271755.659997543","237179.534524932","237328.982357929","224296.304674049","322435.888426025","192660.345440842","269433.007743015","156554.890098192","164847.624553313"
"Q91XL1","4","4","21.0671","0.00451131004112471","0.210776414093518","2.7689544680655","0.986210926028576","STZ_1_mes","Control_1_mes","37830.1868","Leucine-rich HEV glycoprotein OS=Mus musculus OX=10090 GN=Lrg1 PE=1 SV=1","6759.17539660784","6015.3951686781","9450.54503974124","19732.4247914305","16810.0896260434","24997.8187403383","4650.33546909497","5238.92411554284","5059.20439748845","19563.7749059799","11095.8213119748","17363.3704464472"
"E9PYP8;Q9WVJ5","3","2","21.0864","0.00476984429458538","0.210776414093518","15.6786845354522","0.98401453708357","Control_1_mes","STZ_1_mes","26675.9075","Beta-crystallin B1 (Fragment) OS=Mus musculus OX=10090 GN=Crybb1 PE=1 SV=1","994.937236284281","4031.84051654043","1333.54816606336","174.984733437651","99.6470755734462","131.035254734352","684.520174123329","3511.40796569947","713.894565619163","173.489166848051","65.7739589389711","91.0164880036386"
"P02525","4","1","17.7175","0.00563216459136717","0.210776414093518","37.8425262466944","0.975816938944184","Control_1_mes","STZ_1_mes","23857.5657","Beta-crystallin A1 OS=Mus musculus OX=10090 GN=Cryba1 PE=2 SV=2","213.973958874257","718.867409397591","156.344701762371","7.61388913225041","3.31674830849011","17.8514280834754","147.214805361465","626.075544725761","83.6967391144104","7.54881443699324","2.18928318566394","12.3995202153906"
"P24622-2;A0A494B9Q6","5","1","48.1854","0.00585490039148662","0.210776414093518","7.0565902478581","0.973510439931645","Control_1_mes","STZ_1_mes","19849.1983","Isoform 2 of Alpha-crystallin A chain OS=Mus musculus OX=10090 GN=Cryaa","22026.1561793667","41648.2600285172","16890.9023778154","4278.48332187489","2237.89913469792","4900.64981480691","15154.0697375806","36272.2760043952","9042.28562776434","4241.91580775723","1477.16814515733","3403.96892411636"
"P62259;D6REF3;F6WA09","5","2","37.2307","0.00854718358384465","0.220043112780343","1.56757179019218","0.941660176500538","STZ_1_mes","Control_1_mes","29345.0493","14-3-3 protein epsilon OS=Mus musculus OX=10090 GN=Ywhae PE=1 SV=1","15621.385557524","13497.5795562663","16855.960595663","21796.5326496556","27218.8799457049","23053.5840029597","10747.5659488019","11755.3033601151","9023.58008039344","21610.2411637668","17966.3425304842","16012.9138993934"
"Q8CDG5;B8JJI2;B8JJI3","11","6","57.7598","0.00883384759682548","0.220043112780343","1.85347467601468","0.937992337622936","STZ_1_mes","Control_1_mes","73111.547","CREB3 regulatory factor OS=Mus musculus OX=10090 GN=Crebrf PE=2 SV=1","662.270966767573","819.615732279888","521.960735144231","1277.21815409945","1259.58222663523","1177.28009313661","455.644658734064","713.819209696743","279.423677200982","1266.30197437694","831.411350289946","817.733362606264"
"P27773","5","4","29.0741","0.00904003764984285","0.220043112780343","3.13022325046095","0.935335742326568","Control_1_mes","STZ_1_mes","57134.6581","Protein disulfide-isomerase A3 OS=Mus musculus OX=10090 GN=Pdia3 PE=1 SV=2","9926.29515454065","15198.0478897571","12502.252885731","5487.46434747924","2615.49433683931","3917.46060190582","6829.32454409041","13236.2741542582","6692.88940606274","5440.56386548584","1726.4070834631","2721.05019829151"
"P07759;A0A0R4J0I1;E9Q499;F2Z405;P29621;Q03734","11","8","74.5989","0.00999659995752933","0.220043112780343","2.98325488510525","0.922862401178618","Control_1_mes","STZ_1_mes","47051.0918","Serine protease inhibitor A3K OS=Mus musculus OX=10090 GN=Serpina3k PE=1 SV=2","4528.09831875923","3026.07648744788","5781.10088756142","1535.19724540878","1127.79127230337","1807.05383781996","3115.34691492739","2635.46860032002","3094.82372812181","1522.07615956561","744.42020911629","1255.17132229263"
"A3RLD5;Q61597","2","2","11.8957","0.0105413851306828","0.220043112780343","20.7682492818157","0.9156884950227","Control_1_mes","STZ_1_mes","21558.0432","Gamma-crystallin C OS=Mus musculus OX=10090 GN=Crygc PE=1 SV=1","1977.517748602","2130.52811614287","665.071400021639","137.608927073377","74.0753615461697","18.1433294910359","1360.53888048295","1855.51818517615","356.035777564571","136.432805535694","48.894859790803","12.6022735966339"
"A0A1L1SRG5;P23927","4","4","28.6305","0.0107985088213967","0.220043112780343","17.0676575786136","0.912293753064801","Control_1_mes","STZ_1_mes","15385.4598","Alpha-crystallin B chain (Fragment) OS=Mus musculus OX=10090 GN=Cryab PE=1 SV=1","1412.00356129645","7621.55876447982","1871.261002593","320.287799579662","184.958051421951","133.67154455438","971.463212344019","6637.76308781302","1001.75088879597","317.550350873724","122.085100938992","92.8476428425792"
"P17047;P17047-2;P17047-3","6","6","27.1471","0.0114476878972799","0.220043112780343","2.48808445505726","0.903714714680923","Control_1_mes","STZ_1_mes","46194.3512","Lysosome-associated membrane glycoprotein 2 OS=Mus musculus OX=10090 GN=Lamp2 PE=1 SV=2","5131.31409435991","5865.64983977964","3133.8456890949","1921.98197302488","2060.60138367871","1696.80971796167","3530.36140296705","5108.50800940888","1677.65624359727","1905.55509984457","1360.13937207593","1178.5962613833"
"Q9JJV0;E9QAS6","4","2","25.2351","0.012658732512197","0.220043112780343","163.576785945344","0.887757811709419","Control_1_mes","STZ_1_mes","22696.9692","Beta-crystallin A4 OS=Mus musculus OX=10090 GN=Cryba4 PE=2 SV=3","107.393010734264","1624.23072362074","341.044911932665","7.78866545660795","0","4.88225624117015","73.8867535825571","1414.57398368264","182.573164927008","7.72209697600033","0","3.39119283208183"
"P62696","18","14","105.0347","0.013057886254724","0.220043112780343","13.1948501832784","0.882531535728337","Control_1_mes","STZ_1_mes","23495.0709","Beta-crystallin B2 OS=Mus musculus OX=10090 GN=Crybb2 PE=1 SV=2","23137.7566351442","46557.5467993771","21866.6511109771","3001.00855831365","514.597445574277","3423.61295454582","15918.8546001777","40547.8689010836","11705.9764271575","2975.35941711862","339.669890566477","2378.02588347875"
"P63154","6","3","29.5977","0.0144389983757307","0.220043112780343","1.68577115021421","0.864648257598884","Control_1_mes","STZ_1_mes","83700.9527","Crooked neck-like protein 1 OS=Mus musculus OX=10090 GN=Crnkl1 PE=1 SV=1","4885.83006945331","3797.51790908691","4898.89772919817","3108.26208750515","2705.85223433296","2242.87829309216","3361.4675659034","3307.33187018421","2622.54979265028","3081.69626751349","1786.04954266581","1557.89299353593"
"Q8K385;A0A0G2JFP4","7","5","36.307","0.0156130870869399","0.220043112780343","4.35582278559605","0.849752415020129","Control_1_mes","STZ_1_mes","66731.8045","Ferric-chelate reductase 1 OS=Mus musculus OX=10090 GN=FRRS1 PE=1 SV=1","4773.83500653393","4557.91896130032","1810.21917686277","1110.02677772918","763.483893523465","684.438467895439","3284.41458489644","3969.57986856474","969.07308324439","1100.53955601721","503.95215287743","475.407826151252"
"E9PZW8;Q9QY06;Q9QY06-2;A0A1D5RLW4;E9PWZ6;Q9QY06-3;A0A8V5KX73","6","1","37.7045","0.0158937213542357","0.220043112780343","2.67968048309542","0.846239825387434","STZ_1_mes","Control_1_mes","241856.0725","Myosin IXb OS=Mus musculus OX=10090 GN=Myo9b PE=1 SV=1","234.399851321067","342.945866821603","140.427253692492","674.861000078965","649.595661516665","598.945562324453","161.267888253941","298.678195137139","75.1755773260389","669.093070817286","428.778046135822","416.024845364343"
"Q497J0;D6REU3;L7N257;A0A384DV91;P35175","5","5","39.9897","0.0163021733130698","0.220043112780343","1.31926182915784","0.841162396628156","Control_1_mes","STZ_1_mes","11016.4195","Cystatin domain containing 5 OS=Mus musculus OX=10090 GN=Cstdc5 PE=1 SV=1","10070.7445321781","9815.13150969736","8720.89796562527","7107.84898323031","6615.87210557857","7960.2034932903","6928.70620307997","8548.18806104766","4668.59902282922","7047.09933236417","4366.93297533929","5529.12090125956"
"Q9QWR8","4","4","18.075","0.0168442505665382","0.220043112780343","3.01216293747832","0.834489851955718","Control_1_mes","STZ_1_mes","47748.0514","Alpha-N-acetylgalactosaminidase OS=Mus musculus OX=10090 GN=Naga PE=1 SV=2","1901.65270310117","1385.79997732569","828.55463007839","566.896912963922","396.599219335385","402.966239072622","1308.3434733133","1206.92003051326","443.55401835816","562.051735524038","261.78290348889","279.898504709889"
"P15864;P43277","1","1","5.6778","0.0168777316733647","0.220043112780343","4.43333663987507","0.834080241826777","Control_1_mes","STZ_1_mes","21266.6702","Histone H1.2 OS=Mus musculus OX=10090 GN=H1-2 PE=1 SV=2","347.578861522407","540.216423193463","782.252308071829","129.183256917413","183.004710322198","64.5142163407359","239.135428983909","470.484942006306","418.766780148676","128.079148237839","120.795760769703","44.8112792968942"
"H3BL44;Q3UZR5;Q80XR2;Q8BMS7;H3BJ99;H3BJJ5;H3BJY0;H3BKB1;H3BLC2","3","2","15.4884","0.0170164572721735","0.220043112780343","1.43716778387642","0.8323862210689","Control_1_mes","STZ_1_mes","97831.5813","Calcium-transporting ATPase OS=Mus musculus OX=10090 GN=Atp2c1 PE=1 SV=1","8008.62224970469","6415.29866431973","7068.61189361817","4641.88229430304","4647.60448866399","5665.29654071117","5509.95911795328","5587.20781236723","3784.07300594288","4602.20886716553","3067.74027278552","3935.0890390532"
"P07309","1","1","6.0779","0.0176767354737306","0.220043112780343","3.44506497667078","0.824393928274397","Control_1_mes","STZ_1_mes","15889.9971","Transthyretin OS=Mus musculus OX=10090 GN=Ttr PE=1 SV=1","1200.95031761447","874.207280131635","2006.32197616147","560.254231878567","331.762026940108","292.715989062408","826.257868885341","761.364045659395","1074.05371032989","555.465828373765","218.985874014785","203.319185825091"
"P35917","6","4","28.9678","0.0192280163566823","0.220043112780343","3.29568883934519","0.806086558496201","Control_1_mes","STZ_1_mes","155126.7075","Vascular endothelial growth factor receptor 3 OS=Mus musculus OX=10090 GN=Flt4 PE=1 SV=1","2002.5948751932","1288.61825038298","3467.42693605942","660.875350024422","773.76404817174","616.112475266029","1377.79202815368","1122.28258299837","1856.23384991158","655.226953881687","510.737765659649","427.94890449617"
"B1AZM5","2","1","16.4812","0.0193804424185262","0.220043112780343","8.93718255014625","0.8043238405377","STZ_1_mes","Control_1_mes","13672.6566","Predicted gene 12886 OS=Mus musculus OX=10090 GN=Gm12886 PE=4 SV=1","577.331749108115","785.674121309802","243.246567311014","2853.37190641088","2300.74371455978","9201.25563663022","397.206190515413","684.258803564583","130.218320513665","2828.98459211725","1518.64991260091","6391.15003796162"
"P24369","12","8","78.892","0.0198547281282145","0.220043112780343","1.57312000957289","0.798880646696685","STZ_1_mes","Control_1_mes","23713.5186","Peptidyl-prolyl cis-trans isomerase B OS=Mus musculus OX=10090 GN=Ppib PE=1 SV=2","10418.9103071825","7065.00122661339","7718.94682531636","12282.1838543846","14075.9427535049","13288.9941752614","7168.2454305189","6153.04635266021","4132.21984112033","12177.2099891846","9291.09535195482","9230.4745114981"
"O88852","4","2","17.9239","0.0199929249568884","0.220043112780343","1.91338060245997","0.797306482644988","Control_1_mes","STZ_1_mes","43221.8347","Testis-specific Y-encoded-like protein 1 OS=Mus musculus OX=10090 GN=Tspyl1 PE=2 SV=1","64976.4232448784","39035.3848601869","53472.6963472384","23221.5678997353","28941.5250542492","30143.8480957112","44703.9983342093","33996.6724328219","28625.7881813047","23023.0968649959","19103.4073965002","20937.7788759893"
"Q9JJU9;D3YYW5","2","2","11.6475","0.0202472745689318","0.220043112780343","5.12566046565427","0.794423252926223","Control_1_mes","STZ_1_mes","24462.2624","Beta-crystallin B3 OS=Mus musculus OX=10090 GN=Crybb3 PE=2 SV=3","407.333650361719","1185.18909442542","394.269269366091","161.266842536515","85.7264333157215","140.623505919832","280.246925236424","1032.20412859895","211.066008678172","159.888520571109","56.5853726508685","97.6764433780018"
"Q6P5G3;A2ABG6;Q5NC75;Q6P5G3-2;Q5NC76","6","5","30.3017","0.0203204896917968","0.220043112780343","1.70317616520063","0.793596670589424","STZ_1_mes","Control_1_mes","71810.0766","MBT domain-containing protein 1 OS=Mus musculus OX=10090 GN=Mbtd1 PE=1 SV=1","26584.3598618245","18688.2863153534","29588.7388234192","38885.0161594363","42578.2530646598","46038.857402829","18290.129244267","16275.9903730796","15839.8776940465","38552.6721322654","28104.5906530782","31978.3795666349"
"Q9D312","3","1","26.6066","0.0210853612296082","0.220043112780343","1.62956984401698","0.785051162079047","STZ_1_mes","Control_1_mes","49091.2627","Keratin_ type I cytoskeletal 20 OS=Mus musculus OX=10090 GN=Krt20 PE=1 SV=1","1904.24248875864","2707.96207014548","2531.95899730592","4012.42121530156","4318.31790694492","3311.17436967849","1310.12525458004","2358.41659532703","1355.44543087869","3978.12769154598","2850.38836375552","2299.92655722132"
"Q3V1U8","2","1","11.1461","0.0215270333273631","0.220043112780343","54.8925729894292","0.780190946002839","STZ_1_mes","Control_1_mes","38604.8084","ELMO domain-containing protein 1 OS=Mus musculus OX=10090 GN=Elmod1 PE=1 SV=2","0","14.6672344360455","34.7359096362269","446.691449066492","1142.20900200093","1122.96524082708","0","12.7739784404231","18.5953366756477","442.873648542072","753.936907480628","780.006514868442"
"P01027;H3BKW9;P01027-2","6","6","36.3423","0.0220043112780343","0.220043112780343","1.63236883051967","0.774999763995132","Control_1_mes","STZ_1_mes","188023.9467","Complement C3 OS=Mus musculus OX=10090 GN=C3 PE=1 SV=3","1764.83131338199","1555.31651272278","2260.01938113701","1081.97112218702","1024.59307928987","1311.88333495722","1214.20989573795","1354.55526317417","1209.86672656189","1072.72368768536","676.30226716181","911.228158104264"
"P24622","5","1","39.4478","0.0237795535536347","0.230513720004322","14.4149187359631","0.756238354796355","Control_1_mes","STZ_1_mes","22546.4092","Alpha-crystallin A chain OS=Mus musculus OX=10090 GN=Cryaa PE=2 SV=1","463.809524538928","2344.61601874952","493.138092970333","138.170269031112","24.4212095108842","66.4464853018011","319.102517142831","2041.97148447925","263.993917602967","136.989349793305","16.1196866276821","46.1534244705051"
"REVERSE8730","3","3","24.3611","0.024332003778234","0.230513720004322","1.63895715297003","0.750572777088515","Control_1_mes","STZ_1_mes","94178.5616","Reversed Sequence 8730","18066.9231784839","22056.4808498716","24328.7278603889","15810.9021233378","12747.998416617","10766.186007883","12430.1040799271","19209.416204288","13024.0114680147","15675.7688662669","8414.56028271114","7478.14350892038"
"P04344","2","2","6.2961","0.0250127578780158","0.230886995797069","1.9746885326333","0.743701804065634","Control_1_mes","STZ_1_mes","21599.0254","Gamma-crystallin B OS=Mus musculus OX=10090 GN=Crygb PE=2 SV=4","1532.0677190967","1672.1135070748","942.067645267422","659.040922270652","660.357425860799","780.299301861886","1054.06775784312","1456.27602684399","504.321470732764","653.408204689159","435.881554613201","541.992322532886"
"Q64191;B7ZNK6","5","5","29.4726","0.0262297845355904","0.236068060820314","4.03901966461241","0.731715698088405","Control_1_mes","STZ_1_mes","37535.3228","N(4)-(beta-N-acetylglucosaminyl)-L-asparaginase OS=Mus musculus OX=10090 GN=Aga PE=1 SV=1","758.404764975542","1842.56664641317","635.096362506551","326.21284923408","299.272989246181","175.71545356787","521.785036125321","1604.72696601081","339.989100788417","323.424760074367","197.540863020238","122.051149548544"
"Q6IFZ8","12","3","97.6999","0.0279336642677456","0.245271198448498","1.8038993016212","0.715555122447147","STZ_1_mes","Control_1_mes","60684.3589","Predicted gene 5414 OS=Mus musculus OX=10090 GN=Gm5414 PE=1 SV=1","2943.59435730421","2887.41970363648","2070.12970999438","4211.0856767191","6047.44297337263","3994.33908030671","2025.20284549346","2514.709722786","1108.21220237916","4175.0941995181","3991.73044996391","2774.44963740656"
"Q921I1;E9Q2Q7;D3YYR8;F7BAE9;F7CJN9","6","5","36.7677","0.0331744514802323","0.284352441259134","3.91521393064735","0.670025534684312","Control_1_mes","STZ_1_mes","78890.94","Serotransferrin OS=Mus musculus OX=10090 GN=Tf PE=1 SV=1","1873.7445666633","1320.03353689588","3643.11436298104","488.113228465409","322.663623884612","935.460412751303","1289.1425813201","1149.642764249","1950.28542039007","483.94140260327","212.980298983722","649.766519763454"
"O88531;B1B0P8;B1B0P9","9","8","56.7942","0.036005693160108","0.30144301250323","1.60232472533897","0.647785850501862","Control_1_mes","STZ_1_mes","35060.538","Palmitoyl-protein thioesterase 1 OS=Mus musculus OX=10090 GN=Ppt1 PE=1 SV=2","18225.9759576571","21558.3041745389","17002.3958576059","14887.5499884698","11366.555327919","9186.07425007756","12539.5329284251","18775.5444926188","9101.97195282555","14760.3084747312","7502.71233865809","6380.60511636895"
"F8WIR1;P18242","15","8","98.3189","0.0374780897993384","0.306638916540042","1.53976849827965","0.6368057562622","STZ_1_mes","Control_1_mes","44671.3174","Cathepsin D OS=Mus musculus OX=10090 GN=Ctsd PE=1 SV=2","18545.0780675167","19043.0838858989","13920.7981995809","26126.5001923092","31100.3221774195","22085.051852997","12759.0762562234","16584.9904464489","7452.28589162908","25903.2011648845","20528.3627453635","15340.1759023792"
"A2AEP0","35","12","204.4839","0.0399356913163722","0.319397924547184","2.1940734638002","0.619304871215748","STZ_1_mes","Control_1_mes","19622.2442","Odorant-binding protein 1b OS=Mus musculus OX=10090 GN=Obp1b PE=1 SV=1","62461.0830870946","82323.689647766","36725.0396892866","99542.7219874814","143237.933478187","155465.207393504","42973.4358223308","71697.2951705386","19660.1869535203","98691.9462294044","94546.938792531","107985.421270025"
"P11672;A0A0A6YW77","7","7","36.4694","0.0408119570254735","0.319397924547184","1.25476563495965","0.613301405175025","Control_1_mes","STZ_1_mes","23046.1184","Neutrophil gelatinase-associated lipocalin OS=Mus musculus OX=10090 GN=Lcn2 PE=1 SV=1","3199.05607331995","2718.7804468924","3196.26473333772","2654.72564051725","2404.44403979679","2204.41883344309","2200.96136769131","2367.83852908885","1711.07132196496","2632.0361241548","1587.09929653762","1531.17922894737"
"P07744","6","1","51.7206","0.0423781383821946","0.324598506757235","2.17791769187587","0.602864133372622","STZ_1_mes","Control_1_mes","56625.623","Keratin_ type II cytoskeletal 4 OS=Mus musculus OX=10090 GN=Krt4 PE=1 SV=2","514.440375177916","651.167790749107","718.594175865151","1523.71218151064","826.541750312363","1753.38368344011","353.936713141813","567.114636122886","384.68837503642","1510.68925667562","545.574697837672","1217.89227878507"
"P20029","27","14","159.6384","0.0460436200689761","0.336197304165206","1.38933751633017","0.579808931911444","Control_1_mes","STZ_1_mes","72536.2072","Endoplasmic reticulum chaperone BiP OS=Mus musculus OX=10090 GN=Hspa5 PE=1 SV=3","41429.3552198285","32997.1262555955","28524.8226559961","23826.1019574968","24471.9912608976","25802.9102608454","28503.5361173187","28737.8361082868","15270.3264850791","23622.4640666477","16153.2060934668","17922.5833305418"
"Q9ES28","3","2","12.1617","0.0462993370237607","0.336197304165206","1.21846655943703","0.578268018218455","STZ_1_mes","Control_1_mes","97797.3375","Rho guanine nucleotide exchange factor 7 OS=Mus musculus OX=10090 GN=Arhgef7 PE=1 SV=2","600.709245453026","601.371123190371","568.77088395854","710.327055894565","805.114377108259","642.281600029808","413.289986844465","523.745754240358","304.482772706327","704.256003914117","531.431150150134","446.125858743764"
"P13745;Q6P8Q0;P30115","5","3","28.1861","0.0475738177476916","0.336197304165206","2.71770436838136","0.570712157518269","STZ_1_mes","Control_1_mes","25722.1182","Glutathione S-transferase A1 OS=Mus musculus OX=10090 GN=Gsta1 PE=1 SV=2","2578.88733870398","3366.04308963568","3477.76133013968","5542.36870646508","14247.3174283452","5818.40441912006","1774.28318667299","2931.5520962065","1861.76620934232","5494.99896567802","9404.21448526866","4041.43707040336"
"A2BHD2","22","3","194.6088","0.0483040386631437","0.336197304165206","2.11671889609294","0.566473799932866","STZ_1_mes","Control_1_mes","19594.2308","Predicted gene 14743 OS=Mus musculus OX=10090 GN=Gm14743 PE=1 SV=1","26402.1395470554","32462.3508195787","15230.0770063587","37365.092178819","57457.1153942545","62015.1632831721","18164.7610531433","28272.0898273547","8153.18822783656","37045.7386993346","37925.6684347743","43075.4484848327"
"Q3UWK8;W4VSP4","25","21","178.8624","0.0485618328238631","0.336197304165206","4.19950355233535","0.564992928175676","Control_1_mes","STZ_1_mes","43486.2292","OTTMUSG00000000712 protein OS=Mus musculus OX=10090 GN=Serpinb6d PE=1 SV=1","33025.3922417104","56315.9219689778","13376.7232092292","11033.5740831099","5298.8180665033","8127.17459198316","22721.5812448771","49046.6267666903","7161.02368694401","10939.2718863502","3497.58625554828","5645.09826194729"
"Q45VK7;Q45VK7-2;D3Z025;Q45VK7-3","8","6","47.9711","0.050792765577237","0.345007464298214","1.7681525182335","0.552502421238959","Control_1_mes","STZ_1_mes","495761.6297","Cytoplasmic dynein 2 heavy chain 1 OS=Mus musculus OX=10090 GN=Dync2h1 PE=1 SV=1","56022.5856721465","69117.1318319642","47442.2441302115","44755.4229548697","28908.89762204","23941.4910567739","38543.7278861474","60195.4482786213","25397.4780418441","44372.9054977192","19081.8710355577","16629.6500737585"
"Q02257","31","27","189.1552","0.0525505340145727","0.350336893430484","1.59499331570629","0.543053396442211","Control_1_mes","STZ_1_mes","82542.2952","Junction plakoglobin OS=Mus musculus OX=10090 GN=Jup PE=1 SV=3","14444.214870741","15411.8800751266","18781.0950179117","13633.5318022629","8464.87967146255","8395.25234595134","9937.66854612855","13422.5047444685","10054.1712784503","13517.0081818239","5587.40579921721","5831.30384248019"
"P06797;A0A1Y7VNM3;A0A1Y7VNQ4","4","2","20.1806","0.0558128353315425","0.365320376715551","4.00953956713008","0.526366902377663","STZ_1_mes","Control_1_mes","38117.7169","Procathepsin L OS=Mus musculus OX=10090 GN=Ctsl PE=1 SV=2","439.358192427464","828.52370251298","847.471667266297","1032.94845455294","3877.84376133173","3570.80159025282","302.279918184735","721.577333438585","453.680964193141","1024.12000896766","2559.6449756479","2480.26243594898"
"Q8BFR4;A0A1W2P8D3","5","5","32.4194","0.0569909306449563","0.366370268431862","2.47511691981021","0.520596003641499","Control_1_mes","STZ_1_mes","61916.357","N-acetylglucosamine-6-sulfatase OS=Mus musculus OX=10090 GN=Gns PE=1 SV=1","3148.53860550782","3330.90493390274","1763.91688847956","1138.49107317571","587.323826841791","1604.67844432205","2166.2051794596","2900.94959607425","944.285863034657","1128.76057167338","387.674330112158","1114.60230052917"
"A0A3Q4EBW1;A0A3Q4EC06;Q78JT3","1","1","4.9083","0.0585117825121579","0.369548100076787","1.62697674298999","0.513334589109938","STZ_1_mes","Control_1_mes","7713.8069","3-hydroxyanthranilate 3_4-dioxygenase OS=Mus musculus OX=10090 GN=Haao PE=1 SV=1","13446.939745015","11555.5032245037","7260.47020249047","17618.5362141051","19365.0098298218","15507.4633480373","9251.53989618453","10063.9114825417","3886.78141015234","17467.953396954","12782.2452798493","10771.4130418177"
"P01887","1","1","5.7536","0.0612998435093461","0.376788685705459","1.70209988643183","0.500545730582712","Control_1_mes","STZ_1_mes","13893.0765","Beta-2-microglobulin OS=Mus musculus OX=10090 GN=B2m PE=1 SV=2","3315.98714663506","2530.24842255472","4213.75926292587","2008.1176718811","2421.59817594007","1480.62755347283","2281.41034049789","2203.64233895362","2255.77141882347","1990.9546106297","1598.42221233649","1028.43711970277"
"P21956;P21956-2","15","11","86.9946","0.0617514790461725","0.376788685705459","1.63034039087713","0.498534901384825","Control_1_mes","STZ_1_mes","52381.5735","Lactadherin OS=Mus musculus OX=10090 GN=Mfge8 PE=1 SV=3","16853.0327734656","17703.5556218927","12654.4688899786","8891.49491241651","7249.71257300338","12816.5841202565","11594.9433872657","15418.369346925","6774.37591026111","8815.5007244587","4785.31150414548","8902.34065018484"
"P07901;B7ZC50","23","12","138.422","0.0638454778533624","0.383072867120174","1.13400073768145","0.489422389322672","Control_1_mes","STZ_1_mes","85187.2283","Heat shock protein HSP 90-alpha OS=Mus musculus OX=10090 GN=Hsp90aa1 PE=1 SV=4","93598.9090445041","81446.1501626702","93132.3789772482","79068.1205964203","76339.0127170031","81080.7535751976","64396.3650975375","70933.0290430617","49856.991241127","78392.3379887416","50389.0260601664","56318.3202113338"
"Q9EPK6;A0A494B9H1;A0A494B9B2;A0A494B9L8","18","14","121.9037","0.0668604425387302","0.394586218261359","1.44790591863406","0.476880318684769","STZ_1_mes","Control_1_mes","52772.1901","Nucleotide exchange factor SIL1 OS=Mus musculus OX=10090 GN=Sil1 PE=1 SV=2","3530.25495630326","2914.88442730659","2097.22947632762","4337.52281843392","4200.78531960285","3830.23829342196","2428.82731619664","2538.62928237059","1122.71964680988","4300.45070316171","2772.8087305416","2660.46598215925"
"F6RR30","9","2","68.7556","0.0707400018015294","0.408445542592202","1.4554822648543","0.461667146416434","STZ_1_mes","Control_1_mes","45055.7723","Lipase OS=Mus musculus OX=10090 GN=Lipo4 PE=3 SV=2","23034.7031629312","24636.705242309","15078.2299270246","32843.0544031209","30807.4199970172","27680.5113184946","15847.9534637335","21456.5835829896","8071.89922193454","32562.3500588004","20335.0270566236","19226.7564287328"
"P49183;E9Q797;H3BKL7;D3YXC7","22","20","71.5371","0.0714779699536354","0.408445542592202","1.26346799228197","0.458883444059733","STZ_1_mes","Control_1_mes","32255.5621","Deoxyribonuclease-1 OS=Mus musculus OX=10090 GN=Dnase1 PE=1 SV=2","228187.056693738","211126.144702172","178322.69332027","243795.742280746","294003.783567336","242563.658010249","156993.464596854","183873.847001951","95462.3199428289","241712.058980615","194062.822987785","168483.606294854"
"F6WYC8","42","21","323.6874","0.0737534941927656","0.414863404834306","1.24323200571028","0.45050861442897","STZ_1_mes","Control_1_mes","44953.4182","Lipase OS=Mus musculus OX=10090 GN=Lipo1 PE=3 SV=2","137806.369568559","154282.974995455","116250.947379192","158446.680486194","182936.20999719","166278.829681489","94811.2470336977","134368.029972502","62233.1623964312","157092.461995741","120750.545819456","115496.513801921"
"J3QJY4","4","2","49.7105","0.0757909328521816","0.419765166565929","1.47818146541842","0.443266269728985","STZ_1_mes","Control_1_mes","10289.6988","ABPA3 OS=Mus musculus OX=10090 GN=Scgb1b3 PE=3 SV=1","7678.72489553644","5989.46275304987","5521.32929278635","7230.20957492232","10226.9407155847","10908.4379825629","5282.9886256623","5216.3390726987","2955.75898750612","7168.41412760741","6750.48790771949","7576.95107924331"
"A2AL36;R4GML3;E9Q9E7","10","6","42.4822","0.0782421237433604","0.426775220418329","1.73434686494822","0.43485635986166","STZ_1_mes","Control_1_mes","269963.4156","Centriolin OS=Mus musculus OX=10090 GN=Cntrl PE=1 SV=2","8742.60926092693","12654.2936754179","17815.085718279","28892.3324974747","18920.5393010532","20194.3177930044","6014.94465714417","11020.8693597559","9537.03301011078","28645.3943427571","12488.8640025708","14026.8806808889"
"Q61781","42","11","292.7857","0.0831065972653688","0.442824778976971","8.7615252499577","0.419075537959879","STZ_1_mes","Control_1_mes","53209.2697","Keratin_ type I cytoskeletal 14 OS=Mus musculus OX=10090 GN=Krt14 PE=1 SV=2","159.547358682499","448.357056854523","12.2145782689832","3588.91805135437","703.055823269105","1141.2143475862","109.769120868501","390.482841386654","6.53888721042472","3558.24414155109","464.065448839216","792.6822608712"
"REVERSE289","2","2","11.3264","0.0850602861180166","0.442824778976971","2.47981732115221","0.413053583349652","STZ_1_mes","Control_1_mes","10524.0816","Reversed Sequence 289","472.143378591476","402.12124522871","164.768775464485","644.356447247742","1321.94816029241","610.308413261636","324.836236838028","350.215177877292","88.2064378184828","638.849235530667","872.577178147429","423.91742960137"
"D3YYP5;E9Q5V3;Q9Z2D3;E9Q308","2","1","22.1562","0.0855272407023215","0.442824778976971","11.802949464819","0.411639587325686","STZ_1_mes","Control_1_mes","44847.9088","Gasdermin E OS=Mus musculus OX=10090 GN=Gsdme PE=1 SV=2","0","21.1066635287173","119.905473377173","267.555930067544","999.315778248722","397.487417510092","0","18.3822019100276","64.1895568606629","265.269172234462","659.61750093861","276.09294033692"
"Q8CH09;D3Z0I4;D3YVJ0","6","4","37.4267","0.0866733785163141","0.442824778976971","1.76319104668911","0.40820924190393","STZ_1_mes","Control_1_mes","118958.15","SURP and G-patch domain-containing protein 2 OS=Mus musculus OX=10090 GN=Sugp2 PE=1 SV=2","15490.7588753043","11371.2502268975","21042.1334210524","19239.6231310619","30878.8447411375","34345.6873241217","10657.6943508786","9903.44197963251","11264.5835228189","19075.1851427527","20382.1723256639","23856.3571662453"
"A2AJD1","19","5","136.4511","0.0876518826872659","0.442824778976971","4.14657822656482","0.405325052672361","STZ_1_mes","Control_1_mes","62688.3485","BPI fold containing family B_ member 9B OS=Mus musculus OX=10090 GN=Bpifb9b PE=1 SV=1","915.75322319683","2475.30529398268","1635.29653766249","4150.10176372408","13873.3540997863","2818.71856588146","630.04130606042","2155.79130453477","875.430930147307","4114.63150629458","9157.37283461548","1957.86901057495"
"Q8C9J3;Q8C9J3-4;A0A140LIV1;E0CX63;E0CY95;Q8C9J3-2;Q8C9J3-3","8","6","38.2781","0.0886276056752443","0.442824778976971","1.99065669378333","0.402488876378264","Control_1_mes","STZ_1_mes","198428.9451","Sperm flagellar protein 2 OS=Mus musculus OX=10090 GN=Spef2 PE=1 SV=3","3473.77582254157","3753.70277046549","1865.19493019085","1137.9427082952","2229.82070727769","1199.91194080253","2389.96948168512","3269.17241766065","998.503509936509","1128.21689357998","1471.83582456115","833.45334037684"
"Q61493;F6T1D2","9","5","61.3524","0.0897950246258858","0.442824778976971","1.72803788237915","0.399146529477043","STZ_1_mes","Control_1_mes","354247.2904","DNA polymerase zeta catalytic subunit OS=Mus musculus OX=10090 GN=Rev3l PE=1 SV=3","1210.05103245357","2159.47303461698","1094.38916718806","1990.11019636129","2437.76352937966","3285.93744671154","832.51919138803","1880.72687507337","585.864462199648","1973.10104212921","1609.09246319183","2282.39710607379"
"P07724","19","15","130.0215","0.0947926320046425","0.455263321383442","1.26288669394794","0.385434938256851","Control_1_mes","STZ_1_mes","70745.5714","Albumin OS=Mus musculus OX=10090 GN=Alb PE=1 SV=3","199235.012986514","175308.45638311","167709.480686368","172208.910493818","129663.561969932","127503.30024381","137074.360881619","152679.528784124","89780.6992740608","170737.068419905","85586.9151383674","88563.2085852898"
"Q9EPV7","14","12","104.5101","0.094846525288217","0.455263321383442","1.22597236115276","0.385292114780281","Control_1_mes","STZ_1_mes","15939.4918","AUMP OS=Mus musculus OX=10090 GN=9530002B09Rik PE=1 SV=1","53463.1652625494","50204.6295697016","64878.0304244942","46718.3895720716","41567.2083787336","49193.7046806703","36782.8380123547","43724.183896368","34731.4589204876","46319.0949525281","27437.2312621992","34169.7220415977"
"Q9Z2K1","28","13","195.0758","0.0988038056145325","0.468018026595154","1.40248350906235","0.375080494049966","STZ_1_mes","Control_1_mes","52005.6665","Keratin_ type I cytoskeletal 16 OS=Mus musculus OX=10090 GN=Krt16 PE=1 SV=3","32995.4513167261","31639.0492471001","49680.5095697633","45495.7851668955","59684.7126164604","55144.4187672987","22700.9817875081","27555.0605480679","26595.6991292955","45106.9399520787","39396.0366054683","38303.0608012827"
"Q06890;E9PUU2;E9PXG5;E9Q8Y5;E9Q9B8;E9Q2G2","17","17","125.0581","0.100802461535625","0.470716578612372","2.02755741336492","0.370121322746182","Control_1_mes","STZ_1_mes","52283.0131","Clusterin OS=Mus musculus OX=10090 GN=Clu PE=1 SV=1","156084.620456644","241495.348872497","138843.817256054","147761.478617098","47865.4728798571","68939.5574705772","107386.745290562","210322.974887381","74327.9089059974","146498.584841691","31594.5212609241","47885.1009845977"
"Q07797","2","2","11.8325","0.102959977955923","0.470716578612372","5.03132893304526","0.364909266884127","Control_1_mes","STZ_1_mes","65403.6665","Galectin-3-binding protein OS=Mus musculus OX=10090 GN=Lgals3bp PE=1 SV=1","1702.98762599595","2999.65852459068","401.762387595608","573.705511707485","194.456405155182","246.362994171672","1171.6612302402","2612.46068499357","215.077334642787","568.802142260774","128.35467106779","171.12260779761"
"P08074;F6YNX9","9","8","59.2626","0.103707815619926","0.470716578612372","2.232917805574","0.363135788488052","STZ_1_mes","Control_1_mes","26072.2937","Carbonyl reductase [NADPH] 2 OS=Mus musculus OX=10090 GN=Cbr2 PE=1 SV=1","740.040108947779","903.048853636784","997.487641156569","2263.74443761625","2700.38084608663","932.065231772834","509.150090840945","786.4827304223","533.989715869114","2244.39657519545","1782.43804816101","647.408242600385"
"Q8VE42","2","2","10.78","0.104632850892544","0.470716578612372","1.95013046769317","0.360965086977148","Control_1_mes","STZ_1_mes","27225.2111","Ankyrin repeat domain-containing protein 49 OS=Mus musculus OX=10090 GN=Ankrd49 PE=1 SV=1","3460.16246036248","1863.44509738639","1602.56668247903","1161.94320717387","792.342379582152","1597.36101072571","2380.60344259301","1622.91041318786","857.909503967441","1152.01226402516","523.000748795991","1109.51964465546"
"A0A5F8MPN8;P14152","2","2","11.4787","0.106499611065685","0.470716578612372","1.71235878186533","0.356660189874602","Control_1_mes","STZ_1_mes","39114.0452","Malate dehydrogenase OS=Mus musculus OX=10090 GN=Mdh1 PE=1 SV=1","1038.07379181859","1490.78615960578","1644.05257717616","591.101936391526","1239.85873321397","605.977530959484","714.198269814776","1298.35452928232","880.118341659117","586.049882479463","818.39248105613","420.909218582907"
"P17897","3","1","22.8368","0.107703085371999","0.470716578612372","3.51382173869114","0.353937153495792","Control_1_mes","STZ_1_mes","17250.4463","Lysozyme C-1 OS=Mus musculus OX=10090 GN=Lyz1 PE=1 SV=1","4903.57111887532","2249.88245907923","9032.45692380493","3052.30632842267","1072.19707959532","481.851639403553","3373.67346773982","1959.46619324051","4835.38733447379","3026.2187533735","707.724198446826","334.691942609012"
"A2BHR2","51","48","136.3951","0.108526322291186","0.470716578612372","1.25698183955316","0.352097474396762","STZ_1_mes","Control_1_mes","20590.2234","Lipocalin 11 OS=Mus musculus OX=10090 GN=Lcn11 PE=1 SV=1","207677.87003249","193056.186010704","166060.211915472","209445.131103929","279453.068672669","223551.901810274","142883.075003922","168136.37012786","88897.7885230651","207655.036995262","184458.345199482","155278.127482216"
"P52480;P52480-2;A0A1L1SU37;A0A1L1SQV8;A0A1L1SSN6;A0A1L1STV8;A0A1L1SUV0;A0A1L1ST52;A0A1L1SVH2","13","11","80.0434","0.110144013437359","0.472045771874397","1.4930736972247","0.348535650905617","STZ_1_mes","Control_1_mes","58415.2929","Pyruvate kinase PKM OS=Mus musculus OX=10090 GN=Pkm PE=1 SV=4","3853.6351935488","4940.34011579225","6827.18120223637","7487.53367241518","9490.40336279849","6345.60087245294","2651.31401006495","4302.63785600895","3654.8267867681","7423.53891710723","6264.32233466691","4407.62531315994"
"Q64511;F6XX57","13","6","86.0848","0.119711743862461","0.501724502201117","1.51405557134221","0.32880872864849","Control_1_mes","STZ_1_mes","182821.5668","DNA topoisomerase 2-beta OS=Mus musculus OX=10090 GN=Top2b PE=1 SV=2","6806.59483588804","12101.3068907441","11609.515243885","7601.92955459296","6197.85598415111","6356.2890123792","4682.96020324819","10539.2624626913","6214.97599636651","7536.95707593732","4091.01343582072","4415.04924621789"
"Q9JLC8;E9QNY8;Q9JLC8-3","18","10","96.3805","0.120032009453317","0.501724502201117","1.55871663018567","0.328185328502982","Control_1_mes","STZ_1_mes","526274.0601","Sacsin OS=Mus musculus OX=10090 GN=Sacs PE=1 SV=2","35711.1068669685","20425.9031386702","22970.9495591647","12694.9346495443","20134.1708788385","17922.877245664","24569.3619649888","17789.3145062384","12297.1456710177","12586.433069172","13289.9447478401","12449.1484763223"
"P02301;A0A1W2P768;A0A8I4SYN6;E0CZ27;F8WI35;P68433;P84228;P84244","2","1","6.1743","0.121454479669046","0.501724502201117","3.86357736261491","0.325443469094084","Control_1_mes","STZ_1_mes","15371.9562","Histone H3.3C OS=Mus musculus OX=10090 GN=H3-5 PE=3 SV=3","192.716019762047","496.4101197371","784.172754680955","97.44071292965","262.26131740905","21.6282125693795","132.589271557004","432.333184199053","419.794861797848","96.6079027075153","173.110600820684","15.0228574275821"
"REVERSE175","2","1","17.11","0.123698941873867","0.501724502201117","1.76362114870615","0.321204748294455","STZ_1_mes","Control_1_mes","53020.3235","Reversed Sequence 175","20184.393365733","12936.612108548","8411.10028450381","16806.3617757878","30384.1959381325","26056.342352573","13886.9307102076","11266.7459490926","4502.75358385501","16662.7204839402","20055.6699183346","18098.6161011364"
"P45376","3","2","15.3355","0.124477649243283","0.501724502201117","1.98046781615695","0.319758546100716","Control_1_mes","STZ_1_mes","36074.4534","Aldo-keto reductase family 1 member B1 OS=Mus musculus OX=10090 GN=Akr1b1 PE=1 SV=3","314.43565916823","698.582513052819","423.166966189145","179.844783880896","389.941076393736","155.388831630776","216.332793984324","608.409035766339","226.535947631925","178.307679215808","257.388068839367","107.932371014915"
"P21981","4","4","28.3486","0.125431125550279","0.501724502201117","1.57293059682681","0.318004499747675","STZ_1_mes","Control_1_mes","78201.6821","Protein-glutamine gamma-glutamyltransferase 2 OS=Mus musculus OX=10090 GN=Tgm2 PE=1 SV=4","214.600290653493","290.573867314198","456.238306388446","513.168895256515","604.184153603712","394.882032496204","147.645723737967","253.066406799909","244.240182579597","508.78292260913","398.803311406936","274.283251834828"
"A0A0N4SVK8","5","1","24.4518","0.126897461550223","0.502011935803081","1.47799671853351","0.315342280875538","STZ_1_mes","Control_1_mes","186002.0134","ADP-ribosylhydrolase like 1 OS=Mus musculus OX=10090 GN=Adprhl1 PE=1 SV=1","2073.39728886411","3539.75984993562","2715.31087659372","3851.05201076513","5194.5382925623","3263.8580938354","1426.50432754993","3082.8453860552","1453.60004842507","3818.13768384664","3428.75439540698","2267.06088865465"
"P08228","5","5","33.0613","0.128689524192999","0.503567703363911","3.44628511048338","0.312145413018638","Control_1_mes","STZ_1_mes","16113.7799","Superoxide dismutase [Cu-Zn] OS=Mus musculus OX=10090 GN=Sod1 PE=1 SV=2","5444.85099170883","4368.69314138609","1030.22031952695","1105.30378541908","1287.95945713911","753.244984412298","3746.07584578849","3804.77943842943","551.512653398814","1095.8569303686","850.14228427093","523.200517498515"
"A0A589M9T4;Q8BVF4;Q8BVF4-2;A0A571BDK5;A0A571BEI9","4","2","25.3685","0.13493092472608","0.522313257004182","1.83738712594766","0.301473515047069","STZ_1_mes","Control_1_mes","76638.1518","Coiled-coil domain containing 30 OS=Mus musculus OX=10090 GN=Ccdc30 PE=1 SV=1","6484.95551839426","13664.2551182685","9716.13230569536","12932.4215511446","14465.7589757259","27476.0161074303","4461.67126804058","11900.4643340427","5201.38246850781","12821.8902081265","9548.40100840845","19084.7149913931"
"A0A494BBH0;A0A0G2JET8;A0A1Y7VLR3;A2AM74;P08032;Q0VDM6;Q3UUG6;Q3UUG6-2;Q6VGS5;Q6VGS5-2;Q8BJD1;Q8BQM9;Q8BQM9-2;Q8BQM9-3;Q8BQM9-4;Q8C0V0;Q9WVF7","70","40","317.1815","0.138286443369599","0.52960765545804","1.29936760496848","0.296015029101031","STZ_1_mes","Control_1_mes","45118.7246","Lipase OS=Mus musculus OX=10090 GN=Gm8978 PE=3 SV=1","111390.084567555","97382.1147236909","81088.4130286171","101692.395548502","145852.842745688","129090.251310568","76636.7538605308","84811.9691130145","43409.4387206869","100823.246873581","96272.9596897824","89665.4975305267"
"Q8C0V1;Q8C0V1-2;Q8C0V1-3;Q8C0V1-4","5","4","26.8481","0.141597523079602","0.533432487920294","1.63899650986625","0.29080727364029","STZ_1_mes","Control_1_mes","88774.0037","Telomere repeats-binding bouquet formation protein 1 OS=Mus musculus OX=10090 GN=Terb1 PE=1 SV=2","71315.9278776659","32424.4821723355","28795.0487179655","55932.7185620022","79922.0828929776","81370.3528992403","49065.5989023997","28239.1092893015","15414.9878644263","55454.6705431638","52754.1000904252","56519.4745759056"
"A2AEN9","41","31","137.219","0.142549760909492","0.533432487920294","1.16888929919967","0.289341101013221","Control_1_mes","STZ_1_mes","18793.3791","Predicted gene 5938 OS=Mus musculus OX=10090 GN=Gm5938 PE=1 SV=1","950680.066745149","1111729.35645287","1066841.79853191","999511.703007924","775223.236666211","902380.184805578","654071.092217144","968226.620555962","571117.400727708","990969.036001688","511700.930946409","626789.144887634"
"Q6IFX3","6","1","49.6503","0.144098511037957","0.533432487920294","2.11536836466404","0.286985666175458","Control_1_mes","STZ_1_mes","51038.0212","Keratin_ type I cytoskeletal 40 OS=Mus musculus OX=10090 GN=Krt40 PE=2 SV=1","3676.11303491616","2889.55948379905","1312.31478612227","733.538592917396","1309.43236417903","1681.19710575","2529.17816620832","2516.57329875753","702.527601203908","727.269155634513","864.315887438066","1167.75181242222"
"P07743;B7ZCG3","12","12","67.4403","0.145212177267191","0.533432487920294","2.57535254552707","0.285313885144254","Control_1_mes","STZ_1_mes","24923.9731","BPI fold-containing family A member 2 OS=Mus musculus OX=10090 GN=Bpifa2 PE=1 SV=1","7973.80556560802","19601.526196578","18891.7373576182","2191.48554144135","14488.3802144114","1363.12769780443","5486.00512187082","17071.348666735","10113.4019587166","2172.75526427383","9563.33258985112","946.822257919563"
"P08730;P08730-2","26","10","217.5342","0.147957910527123","0.538028765553175","1.97799361543931","0.281268397980366","STZ_1_mes","Control_1_mes","48096.3274","Keratin_ type I cytoskeletal 13 OS=Mus musculus OX=10090 GN=Krt13 PE=1 SV=2","33323.4116631873","36248.2098617661","65713.2813695572","47494.3952330963","90699.7630162787","129398.515941293","22926.6196119638","31569.2677646306","35178.5977084092","47088.4682170165","59868.1140823851","89879.6167316626"
"P08113","19","9","107.6025","0.153880591863913","0.548752399405626","1.26048231352844","0.2728942694336","STZ_1_mes","Control_1_mes","92761.0585","Endoplasmin OS=Mus musculus OX=10090 GN=Hsp90b1 PE=1 SV=2","41244.8300305974","46925.3191401111","62503.2004884874","57603.659225736","61064.2425271164","71253.190612651","28376.5821647917","40868.1689530126","33460.130123576","57111.3299437224","40306.6217197469","49492.1399722907"
"P04939","23","17","78.9484","0.153955534277689","0.548752399405626","1.43500984830564","0.272791261053335","Control_1_mes","STZ_1_mes","21749.8459","Major urinary protein 3 OS=Mus musculus OX=10090 GN=Mup3 PE=1 SV=1","16138.4258620577","27867.4864851053","20801.2622427777","17722.1405175779","11729.6222108643","15709.7214707502","11103.2914221091","24270.3335179999","11135.6368304079","17570.67221098","7742.36158188493","10911.9006078308"
"Q61286;Q61286-2;V9GWU2;V9GXC3;V9GXG5;V9GXR6","4","2","35.3417","0.155913499330298","0.550282938812816","2.5149815496453","0.270125198214204","Control_1_mes","STZ_1_mes","76039.2818","Transcription factor 12 OS=Mus musculus OX=10090 GN=Tcf12 PE=1 SV=2","13215.6166461559","9896.03431544643","10032.196874349","7070.04138670402","5435.75717970503","672.766437626766","9092.38882400116","8618.64788092131","5370.58278964257","7009.6148713314","3587.97553749194","467.300487366126"
"Q5RJH2","2","2","11.3686","0.160823267884017","0.562100742118895","1.38605925473131","0.263646077188916","STZ_1_mes","Control_1_mes","100976.4943","Multiple C2 and transmembrane domain-containing protein 2 OS=Mus musculus OX=10090 GN=Mctp2 PE=2 SV=1","14158.3393773999","13618.2291562623","7582.96514421426","14837.5043256634","18088.8961551889","16084.0084163519","9740.98524255632","11860.3794326299","4059.42413292396","14710.6905442176","11939.9220309859","11171.8786066017"
"Q8K2F8","3","3","18.4141","0.165401308754259","0.571087264974154","1.68082098964242","0.257856594044237","Control_1_mes","STZ_1_mes","50774.1916","Protein LSM14 homolog A OS=Mus musculus OX=10090 GN=Lsm14a PE=1 SV=1","17473.705494416","17574.4975515232","7857.69019456748","8273.44047555098","9037.88785084773","8215.41931948502","12021.9683125818","15305.9701747668","4206.49397672689","8202.72870022524","5965.63081230147","5706.39264564838"
"Q8K1H9","5","5","28.6418","0.166567118950795","0.571087264974154","1.68065317194449","0.2564192503091","STZ_1_mes","Control_1_mes","20167.2155","Odorant-binding protein 2a OS=Mus musculus OX=10090 GN=Obp2a PE=1 SV=1","9076.68146148983","5683.10368672751","4616.38135174495","7615.63296302735","15970.9396450933","8978.04308016547","6244.78745783491","4949.52503046778","2471.30898133587","7550.54336352684","10541.9243102512","6236.10761820274"
"A0AAA9WUV6;A0AAA9WW37;E0CYZ3;E9Q6P9;F6USE5;O88427;O88427-2","3","2","17.6919","0.17035508262223","0.578564431547195","2.32489100239095","0.25184822746979","STZ_1_mes","Control_1_mes","267188.8502","Calcium channel_ voltage-dependent_ T type_ alpha 1H subunit OS=Mus musculus OX=10090 GN=Cacna1h PE=1 SV=1","68.408863365019","122.834894326486","237.784868774709","154.155809602139","533.05396859681","310.235015240499","47.0655287132323","106.979287656442","127.294483937422","152.838264500321","351.852471745645","215.487821198878"
"Q61838","17","17","116.5311","0.177129263661334","0.595948924468039","2.42551785237122","0.244032925049368","Control_1_mes","STZ_1_mes","167221.5021","Pregnancy zone protein OS=Mus musculus OX=10090 GN=Pzp PE=1 SV=3","1343.76500166042","4159.86405429102","5410.11414382778","1985.16074333661","1017.43829198701","1496.95275692964","924.514853170702","3622.90614337049","2896.22166258862","1968.19389128961","671.579612898578","1039.77653128019"
"Q9Z0K8","7","7","42.364","0.180726481503668","0.597327984130785","2.66993120389702","0.240059001316759","Control_1_mes","STZ_1_mes","57889.8359","Pantetheinase OS=Mus musculus OX=10090 GN=Vnn1 PE=1 SV=3","2963.76584434836","3729.82002452018","830.441995555095","895.035075414986","547.583566461069","1375.44193340828","2039.08089661089","3248.37247182671","444.564390530269","887.385353470599","361.443010833962","955.375669590211"
"Q7SIG6;D3YX85;E9PX52","5","3","28.9227","0.180857639639599","0.597327984130785","3.08268316902801","0.239916315007605","Control_1_mes","STZ_1_mes","108059.5925","Arf-GAP with SH3 domain_ ANK repeat and PH domain-containing protein 2 OS=Mus musculus OX=10090 GN=Asap2 PE=1 SV=3","3899.98441311017","10685.7441088702","1933.78191601171","3847.89404144121","917.512842608848","593.402157360702","2683.20242944215","9306.42142946395","1035.22050126518","3815.00670518253","605.621908003235","412.174421656575"
"P18761;B1ARR4","15","14","98.0761","0.188457883027204","0.616771253543575","1.10547248538081","0.231901027617803","STZ_1_mes","Control_1_mes","36609.0124","Carbonic anhydrase 6 OS=Mus musculus OX=10090 GN=Ca6 PE=1 SV=3","21714.3423933642","25209.6764970726","25405.3218200613","27287.7992447943","24673.3809353021","27996.9158610932","14939.5408011769","21955.5953419716","13600.3495386952","27054.5747797083","16286.1372015679","19446.5295753879"
"P70694;A0A1Y7VP26","3","1","16.3057","0.19050852025122","0.617865471085039","1.78335274023938","0.229820257893717","STZ_1_mes","Control_1_mes","37446.9161","Estradiol 17 beta-dehydrogenase 5 OS=Mus musculus OX=10090 GN=Akr1c6 PE=1 SV=1","207.735846881707","1004.31174331204","501.2442143413","1244.29651400395","1043.66236802313","767.444752420176","142.922963271718","874.674541575724","268.333405401196","1233.66171028512","688.889316073367","533.06361134424"
"Q52KB6;E9Q526;Q52KB6-2;Q52KB6-3;D3Z640;D3Z4D9;V9GXB2","6","4","31.902","0.197599904402149","0.630993657071355","1.32357785039141","0.222875285127507","Control_1_mes","STZ_1_mes","257513.1082","C2 domain-containing protein 3 OS=Mus musculus OX=10090 GN=C2cd3 PE=1 SV=3","12541.9818220752","8770.07559343254","12036.9558479199","11025.0070399604","7490.46266444802","6680.6404099802","8628.92579310953","7638.02863040569","6443.79977049856","10930.7780643512","4944.2232086597","4640.3422419736"
"A0A1B0GT39","1","1","4.4737","0.199474853341448","0.630993657071355","3.55873549912392","0.221101269282986","STZ_1_mes","Control_1_mes","8403.4742","Predicted gene_ 40193 OS=Mus musculus OX=10090 GN=Gm40193 PE=4 SV=1","0","107.781689881821","41.1051094576572","158.152854082139","250.486550198881","121.20933387932","0","93.8691604628058","22.0049901516704","156.801146879068","165.338440418176","84.1914483649569"
"Q0VGU8","21","20","145.1956","0.200599955311336","0.630993657071355","1.15429182891792","0.220048742983285","Control_1_mes","STZ_1_mes","40101.9387","BPI fold containing family A_ member 6 OS=Mus musculus OX=10090 GN=Bpifa6 PE=1 SV=1","122685.650330128","117643.868696585","144295.920965248","95913.6776721739","118428.741531311","118870.924559438","84408.1412009964","102458.322932712","77246.6090386482","95093.9187766742","78171.1569340845","82567.199957594"
"A0A0N4SV66;C0HKE1;C0HKE2;C0HKE3;C0HKE4;C0HKE5;C0HKE6;C0HKE7;C0HKE8;C0HKE9;Q64523;Q6GSS7;Q8BFU2;Q8CGP4;Q8CGP5;Q8CGP6;Q8CGP7;Q8R1M2","1","1","13.8698","0.201567418231127","0.630993657071355","5.39597695098854","0.219150780491946","Control_1_mes","STZ_1_mes","13659.9571","Histone H2A OS=Mus musculus OX=10090 GN=H2aj PE=1 SV=1","109.416053470096","1124.01628832649","1401.44596227529","295.052814289272","134.846299373609","58.4051040912676","75.2786138077932","978.927547410096","750.242609856892","292.531044975175","89.0078801312603","40.5679178985144"
"O70456","16","7","105.3673","0.207174100109243","0.634595702689018","1.25869473064779","0.214072303497841","STZ_1_mes","Control_1_mes","27820.1408","14-3-3 protein sigma OS=Mus musculus OX=10090 GN=Sfn PE=1 SV=2","22893.5689569347","26067.4315441035","22649.2877785978","38583.9577708787","25615.8380471553","25935.6966997129","15750.8526540137","22702.6308192944","12124.9489682979","38254.1868417066","16908.2240517844","18014.8161830266"
"REVERSE8141","4","2","20.8491","0.209126913109563","0.634595702689018","1.83997012936874","0.212352114763276","Control_1_mes","STZ_1_mes","53223.605","Reversed Sequence 8141","1848.01515875084","1577.41154327107","1366.10950705815","1909.66387215949","522.27637340526","172.197795917456","1271.44066190044","1373.79825305716","731.325780311671","1893.34227982134","344.738513814513","119.607800649891"
"A0A1B0GSR9;A0A1B0GSX0;P06151;D3YZQ9;A0A1B0GQX5;A0A1B0GSL7;A0A1B0GT41;A0A1B0GRC1;A0A1B0GRE9;A0A1B0GRS2;A0A1B0GRW9;A0A1B0GS79;A0A1B0GSR2;D3YVR7;D3YZE4;P00342","10","8","63.0845","0.209656608898363","0.634595702689018","1.70439233279157","0.211889721885371","Control_1_mes","STZ_1_mes","34941.5771","L-lactate dehydrogenase OS=Mus musculus OX=10090 GN=Ldha PE=1 SV=1","2115.25042020414","3680.67858653565","3461.48147395576","2763.54100507536","1922.19072769281","745.770335498663","1455.2994230672","3205.57424206616","1853.0510379263","2739.92146115868","1268.7787701602","518.008660585209"
"Q9WV92;A0A3B2WBE1;A0A5F8MPR1;A7YY80;D0VYV6;Q9WV92-2;Q9WV92-3;Q9WV92-4;Q9WV92-5;Q9WV92-6;Q9WV92-7;Q9WV92-8;A0A3B2WD96;A0A5F8MPE1;A0A286YCY8;A0A286YD94;A0A286YDD0","8","5","40.84","0.210598052062404","0.634595702689018","1.48844906168535","0.211072270355473","STZ_1_mes","Control_1_mes","103794.0457","Band 4.1-like protein 3 OS=Mus musculus OX=10090 GN=Epb41l3 PE=1 SV=1","890.151306444342","2496.67921483535","1055.94532028371","1877.40715592623","2613.34579621739","2122.09258050976","612.427100988798","2174.40626602256","565.284138155163","1861.36125659365","1724.98889811414","1473.99579058431"
"P28665","8","3","47.1746","0.211531900896339","0.634595702689018","1.10899432273525","0.210266892771427","STZ_1_mes","Control_1_mes","166723.6185","Murinoglobulin-1 OS=Mus musculus OX=10090 GN=Mug1 PE=1 SV=3","6279.48167458638","7442.46109272621","5850.66289806373","7439.3775482112","7068.59866790974","7197.93234791722","4320.30457051257","6481.7834580003","3132.06268396526","7375.79437561124","4665.76380554669","4999.65085368327"
"B1AVU4;Q9D3N5","8","7","46.4576","0.217708871233345","0.641824408132574","4.83017141532181","0.2050731836875","STZ_1_mes","Control_1_mes","19741.1679","Predicted gene 14744 OS=Mus musculus OX=10090 GN=Gm14744 PE=3 SV=1","871.078889320241","1162.62249590994","1350.39860017947","2219.11487019355","12956.866289571","1169.80185635213","599.305213683123","1012.55044104337","722.915187183457","2200.14844956276","8552.42751885715","812.5390135743"
"O70570","8","8","45.9715","0.221178905088554","0.641824408132574","1.39450828307158","0.202253451870374","STZ_1_mes","Control_1_mes","86310.5057","Polymeric immunoglobulin receptor OS=Mus musculus OX=10090 GN=Pigr PE=1 SV=1","3212.0920717746","2083.80307637986","2708.35746826137","2541.25775165896","4599.88236232003","4020.85645941026","2209.93017859377","1814.82444341023","1449.87764787943","2519.53802723342","3036.24037014849","2792.86848752411"
"P33173;A0A087WQE8;E9Q9G6;E9QAN4;G3UW47;Q6TA13;A0A5F8MPF0;Q60575;Q60575-2","5","3","31.6995","0.221291253949357","0.641824408132574","1.31357735581414","0.20216329479773","STZ_1_mes","Control_1_mes","193264.9301","Kinesin-like protein KIF1A OS=Mus musculus OX=10090 GN=Kif1a PE=1 SV=2","2310.51022218304","2280.04196631455","1763.3099890506","3681.87561622971","2264.96307241292","2399.45078974859","1589.63882536864","1985.73269200533","943.960968729942","3650.40721295522","1495.03221510368","1666.64753285835"
"Q8BND5;Q8BND5-2;Q8BND5-4","41","9","279.2434","0.223889646690224","0.641824408132574","1.36249073950678","0.200097621883074","STZ_1_mes","Control_1_mes","83583.8048","Sulfhydryl oxidase 1 OS=Mus musculus OX=10090 GN=Qsox1 PE=1 SV=1","27124.3769144885","16163.1178404426","11482.8186930904","22120.342863458","26937.6615155996","25566.0404937554","18661.6627977801","14076.7722588811","6147.15094032673","21931.2838233511","17780.7189246916","17758.0546748111"
"Q8BND5-3","31","2","281.5185","0.223889646693529","0.641824408132574","1.36249073950678","0.200097621880491","STZ_1_mes","Control_1_mes","64077.8522","Isoform 3 of Sulfhydryl oxidase 1 OS=Mus musculus OX=10090 GN=Qsox1","25139.2163837591","14980.1825165629","10642.4219340087","20501.4141884445","24966.1661850523","23694.9304337811","17295.8656574171","13046.5309826854","5697.2574197624","20326.1918733463","16479.3957079936","16458.3901938866"
"Q9CR35","1","1","5.6579","0.224638542846401","0.641824408132574","2.93873607476184","0.199509109886731","Control_1_mes","STZ_1_mes","28449.1978","Chymotrypsinogen B OS=Mus musculus OX=10090 GN=Ctrb1 PE=1 SV=1","2179.81338845482","1319.33470436631","341.243059227399","306.120720846911","147.79319472149","852.90338763558","1499.71896297096","1149.034137469","182.67924004338","303.504355901874","97.5537261392652","592.422788099067"
"A0A0A6YW67;E9Q5F6;E9Q9J0;P0CG49;P0CG50;P62983;P62984;Q5SX22;E9Q4P0;E9QNP0","2","2","23.767","0.228444692953396","0.647559759552934","1.60962890247595","0.19656429213375","Control_1_mes","STZ_1_mes","8728.0311","Predicted pseudogene 8797 OS=Mus musculus OX=10090 GN=Gm8797 PE=3 SV=1","3684.62005796184","6011.97622216247","9310.83409516041","4658.19669726678","4129.29948310953","3021.08301824972","2535.03102675483","5235.94648882868","4984.41228526336","4618.38383353087","2725.62313631145","2098.43043267985"
"F6W1B2;F6WC15;P18872","1","1","5.6032","0.230515968618907","0.648326161740677","2.0630334658074","0.194993445263007","Control_1_mes","STZ_1_mes","8934.4001","Guanine nucleotide binding protein_ alpha O (Fragment) OS=Mus musculus OX=10090 GN=Gnao1 PE=1 SV=1","547.601437835311","355.281510772668","250.793305773893","314.32291174726","32.8577735323243","212.032858030709","376.751636090247","309.421546282627","134.25835124814","311.636443985645","21.6884021402934","147.277052411987"
"E9Q720","2","2","16.0814","0.244317755422587","0.681816991876987","1.57797467347869","0.185060446930489","Control_1_mes","STZ_1_mes","42530.3138","Regulator of G-protein signaling 20 OS=Mus musculus OX=10090 GN=Rgs20 PE=1 SV=1","1306.87550696377","4725.90322834355","3061.80525926931","5551.00607050557","34.0567312159724","178.390913620654","899.13475640462","4115.88061905027","1639.0905039666","5503.56250754657","22.4797971009585","123.90951185182"
"B8JJX8","4","2","18.4382","0.247756578334026","0.683386508347845","1.53994167674687","0.182721230280058","STZ_1_mes","Control_1_mes","94541.0191","Zinc finger protein 738 OS=Mus musculus OX=10090 GN=Zfp738 PE=3 SV=1","9016.24851371701","10413.3751135244","18732.3193528198","27690.8875842827","18536.4101703186","12539.8687060329","6203.20938594896","9069.20999812305","10028.0599739398","27454.2179874908","12235.3122196729","8710.13539038538"
"Q9Z0S1;A0A1B0GRV0;D3Z0E6","7","5","34.6851","0.248830672915665","0.683386508347845","1.34077423314425","0.182001038569426","STZ_1_mes","Control_1_mes","33538.2313","3'(2')_5'-bisphosphate nucleotidase 1 OS=Mus musculus OX=10090 GN=Bpnt1 PE=1 SV=2","2173.81130773067","3158.38378506823","5310.42705105236","5110.84600975643","4918.91039507192","4239.59713873782","1495.58951118992","2750.69758739883","2842.85570580819","5067.16442458829","3246.82092763949","2944.80476189765"
"A0A0J9YV20;A0A0R4J0B7;Q80UZ2;Q80UZ2-2;Q80UZ2-3;A0A0J9YU58","5","2","29.5897","0.250575053060876","0.683386508347845","1.6307339704718","0.180841801673324","Control_1_mes","STZ_1_mes","79801.1831","Protein SDA1 OS=Mus musculus OX=10090 GN=Sdad1 PE=1 SV=1","6353.57412385435","6356.29705547059","3051.94806866009","1948.74672871481","2186.95457870668","5529.7741983257","4371.28042549568","5535.82216889944","1633.81360809792","1932.09110143921","1443.54121617172","3840.95584051088"
"B1ATI0;B1AV77;P47740","7","4","41.2395","0.25312115705364","0.685139973979778","1.47392520358635","0.179172470946649","Control_1_mes","STZ_1_mes","59847.0305","Aldehyde dehydrogenase OS=Mus musculus OX=10090 GN=Aldh3a2 PE=1 SV=1","9393.75110776842","11134.8466276862","7546.20749584797","7260.53148908266","8848.19135301502","2938.92296990899","6462.93244383463","9697.5535081057","4039.74648941514","7198.47688520672","5840.41800914079","2041.36243926585"
"P61982","8","2","62.4061","0.258938979367839","0.695656959495688","1.6355685973093","0.175456038152863","STZ_1_mes","Control_1_mes","28473.7251","14-3-3 protein gamma OS=Mus musculus OX=10090 GN=Ywhag PE=1 SV=2","458.246701916198","1556.65709279414","461.075346470607","1933.5619300164","861.806573134307","1254.2652277577","315.275276417024","1355.72280031308","246.829617829267","1917.03608479182","568.8519189195","871.206884643557"
"A1L317","12","6","84.1633","0.275574992826032","0.734866647536084","1.2055647812498","0.165526466353117","STZ_1_mes","Control_1_mes","55067.5256","Keratin_ type I cytoskeletal 24 OS=Mus musculus OX=10090 GN=Krt24 PE=2 SV=2","4367.80192208638","5596.03189545951","3219.32556858445","4895.8419360059","5255.16865011153","5742.14207540407","3005.0624533953","4873.69252166891","1723.41658656075","4853.99795634203","3468.77462304486","3988.46559561951"
"G3X8T9;Q91WP6","3","2","29.7261","0.278838767194519","0.738102619044315","1.98757397113007","0.163690756522657","Control_1_mes","STZ_1_mes","46937.3187","Serine (or cysteine) peptidase inhibitor_ clade A_ member 3N OS=Mus musculus OX=10090 GN=Serpina3n PE=1 SV=1","461.321377330211","491.079220265415","160.380195104011","230.620165679767","273.866267731654","55.3824363076489","317.390663471622","427.690400638437","85.8570786053292","228.649091930058","180.770670337175","38.4683866950649"
"D3YY49","22","11","90.815","0.283407585680244","0.744024156366479","1.56221553180958","0.16117865811063","STZ_1_mes","Control_1_mes","45144.026","Lipase OS=Mus musculus OX=10090 GN=Lipo2 PE=3 SV=1","3001.8267163244","7592.18399728089","3365.51627434898","11140.1996284621","5455.83382927452","5211.75641956051","2065.26690489582","6612.18003433912","1801.6775395921","11044.9861201834","3601.2275141989","3620.06214740054"
"Q66VB7","15","15","85.6238","0.285209259940484","0.744024156366479","1.19462621756479","0.160206020829642","Control_1_mes","STZ_1_mes","10573.4122","Lacrein OS=Mus musculus OX=10090 GN=Gm1553 PE=1 SV=1","167465.018231036","199229.460676074","152956.135684502","183094.526097414","116453.813047111","135441.791618637","115216.497341267","173512.794553752","81882.7222158885","181529.646404252","76867.5675986265","94077.2483484724"
"Q149S1;A0A3Q4EH78;A0AAA9WUT0;A0AAA9WW41","4","4","20.3866","0.288951647178171","0.748363978303176","1.18548452873967","0.158217293376432","STZ_1_mes","Control_1_mes","52672.8114","Tektin-4 OS=Mus musculus OX=10090 GN=Tekt4 PE=1 SV=2","2473.93944606052","3013.73298144825","2546.60195113594","2835.71679885275","3943.91632554372","2744.87485113634","1702.0786825834","2624.71840196422","1363.28431171546","2811.48037994571","2603.25743592797","1906.57750440076"
"P60710;P63260;E9Q1F2;E9Q5F4;G3UZ07;B1ATY1;E9Q606;G3UYG0;F8WGM8;Q8BFZ3;E9Q2D1;F6WX90","27","18","219.9474","0.30677264563708","0.78884394592392","1.40741381880697","0.1492966331843","STZ_1_mes","Control_1_mes","42079.017","Actin_ cytoplasmic 1 OS=Mus musculus OX=10090 GN=Actb PE=1 SV=1","36905.8754584349","67092.33196406","62132.4419829738","60021.8502662915","60800.0094670585","112992.711967283","25391.3667854356","58432.0108718245","33261.6502418747","59508.8530913909","40132.2096324623","78484.2204040276"
"P35700;B1AXW5;B1AXW6","7","5","39.6823","0.310215227741929","0.792038879341096","1.08361353548407","0.147671273861076","Control_1_mes","STZ_1_mes","22404.6355","Peroxiredoxin-1 OS=Mus musculus OX=10090 GN=Prdx1 PE=1 SV=1","328493.954398704","272868.3265106","299450.428560743","257704.577695193","275303.939539359","298295.89155325","226004.948516384","237646.308519802","160306.195953095","255502.017798588","181719.633123123","207194.960548075"
"Q6IFX2","34","14","274.9775","0.320952002709247","0.813681133629077","1.70530642281976","0.1427893131847","Control_1_mes","STZ_1_mes","50475.3422","Keratin_ type I cytoskeletal 42 OS=Mus musculus OX=10090 GN=Krt42 PE=1 SV=1","11225.7651703101","19491.5334780413","33839.2199124204","19765.9910572138","12909.7088648788","5180.55728593838","7723.36429757734","16975.5538786093","18115.3075794646","19597.0542862466","8521.30035835069","3598.39137202944"
"Q61900","2","2","13.1405","0.336162848294989","0.844029595264943","1.01062438821107","0.136324097430385","Control_1_mes","STZ_1_mes","15829.2751","Submaxillary gland androgen-regulated protein 3A OS=Mus musculus OX=10090 GN=Smr3a PE=2 SV=1","386.874253459121","1850.62347009046","1341.60733173707","83.8202671012646","3447.79862751442","9.86011285425571","266.170791165366","1611.74380973828","718.208916404759","83.1038686558387","2275.7854563311","6.84878924479715"
"P97805;I7HJS7;I7HLV5;I7HPY1;Q9D8T0","2","2","12.0758","0.339113483790612","0.844029595264943","1.39329795803304","0.135126993340492","STZ_1_mes","Control_1_mes","25216.242","Protein FAM3D OS=Mus musculus OX=10090 GN=Fam3d PE=2 SV=2","639.917972634236","1128.44686285224","527.933169870589","1263.58930453988","1275.71823412879","660.119783230667","440.265723381847","982.786220544247","282.620928566299","1252.78960841942","842.062230792086","458.51617912433"
"P11591;A2CEK9","12","7","109.379","0.343926134665982","0.844029595264943","1.45024059056686","0.133212074677827","Control_1_mes","STZ_1_mes","21160.9518","Major urinary protein 5 OS=Mus musculus OX=10090 GN=Mup5 PE=2 SV=2","32618.3522621693","49063.7458967791","24363.9197999837","28728.5862624467","33680.5763299511","10713.8892989309","22441.5363661557","42730.5662171464","13042.8509333371","28483.0476206665","22231.5088708676","7441.81845431868"
"A5D6P2;B7ZNY3;E0CXL4;E0CY24;F6S7Z1;G3XA13;Q99NH2;E0CZ83;F6T4Y3","9","6","48.109","0.346252057195357","0.844029595264943","1.1870110648724","0.132302934926642","STZ_1_mes","Control_1_mes","149770.5212","Partitioning defective 3 homolog OS=Mus musculus OX=10090 GN=Pard3 PE=1 SV=1","72948.4078013826","99167.5921454066","102564.915084526","91359.8710594374","100489.655089716","134199.759302293","50188.7505956751","86366.9759679406","54906.5548327221","90579.0328222815","66330.1196711055","93214.538388089"
"P28666","8","2","52.2975","0.346296723740711","0.844029595264943","1.27978455206114","0.132285578385971","STZ_1_mes","Control_1_mes","163807.927","Murinoglobulin-2 OS=Mus musculus OX=10090 GN=Mug2 PE=1 SV=2","3362.65724399361","9706.69256298807","6263.89416009128","8304.1503437738","7430.18742509848","9008.04920141692","2313.51952488175","8453.74648288877","3353.27970470195","8233.17609610557","4904.43738358457","6256.94973264328"
"A8R0V1","19","17","108.1399","0.346989944720032","0.844029595264943","1.12622102379436","0.132016697491536","STZ_1_mes","Control_1_mes","10817.7247","Exocrine gland secreted peptide 18 OS=Mus musculus OX=10090 GN=Esp18 PE=2 SV=1","102792.886929529","125624.985992102","131646.08691793","155580.087137432","132125.210547615","117806.303796914","70721.8528903624","109409.232506562","70474.7143203471","154250.368962831","87211.7733847229","81827.7192502293"
"O08899;Q5D078","2","2","11.2465","0.349437493524273","0.844278507843882","2.26314764317472","0.131074689213865","STZ_1_mes","Control_1_mes","23915.9606","Regulator of G-protein signaling 4 OS=Mus musculus OX=10090 GN=Rgs4 PE=2 SV=1","264.411097186047","850.153723045755","436.535306951958","2444.79255154936","579.912135804186","485.663909810378","181.915726626014","740.415337096081","233.692483904694","2423.89729979357","382.782101623059","337.339928179405"
"REVERSE46924","1","1","4.5302","0.362882171697494","0.861428809812919","1.94871566021748","0.126096262075353","Control_1_mes","STZ_1_mes","63124.8711","Reversed Sequence 46924","102.663104856919","109.625821602792","442.343922036037","246.962102660151","80.8234433345523","8.14486286889078","70.6325623866996","95.4752504825499","236.802036936092","244.851356983201","53.3490602970562","5.6573844581029"
"REVERSE12943","3","2","26.3849","0.364530495375543","0.861428809812919","1.34755481914865","0.125507855683414","Control_1_mes","STZ_1_mes","93514.5176","Reversed Sequence 12943","19785.8078561405","16985.3101367353","9377.01056963355","12389.1156371554","8800.70383425662","13056.007048406","13612.7025353247","14792.8354480611","5019.8388462984","12283.2278430741","5809.07296372973","9068.64271989801"
"Q9QWL7","36","11","329.1176","0.371331986973446","0.861428809812919","1.23450612909979","0.123128206864551","STZ_1_mes","Control_1_mes","48447.0528","Keratin_ type I cytoskeletal 17 OS=Mus musculus OX=10090 GN=Krt17 PE=1 SV=3","33341.2201974347","28090.719680484","38182.5165587928","30912.2455942885","54559.7427263801","37502.6686973958","22938.8719435878","24464.7516298387","20440.4248505343","30648.0435647052","36013.202165283","26049.1819741249"
"REVERSE3914","6","2","42.3808","0.372427765933729","0.861428809812919","1.15144138582765","0.122751947218519","Control_1_mes","STZ_1_mes","54354.5154","Reversed Sequence 3914","214406.633524081","266098.698165279","255700.403220453","190381.121912802","173004.99140866","275991.404258933","147512.486979798","231750.508128128","136885.290633767","188753.964848127","114195.254960222","191702.365792823"
"E9Q557;E9PZW0","63","42","359.8622","0.372926116243502","0.861428809812919","1.0826162760193","0.122581469769149","Control_1_mes","STZ_1_mes","335364.922","Desmoplakin OS=Mus musculus OX=10090 GN=Dsp PE=1 SV=1","230240.727817415","252673.060282257","237065.886925014","199792.046814961","206883.934072485","258360.829451297","158406.397256226","220057.860164093","126909.588027144","198084.456077106","136557.699325423","179456.249251671"
"Q02819;A0A1B0GR41","13","3","59.5481","0.373472695793629","0.861428809812919","1.33301604112515","0.122394953328276","STZ_1_mes","Control_1_mes","53408.7608","Nucleobindin-1 OS=Mus musculus OX=10090 GN=Nucb1 PE=1 SV=2","152.436406920707","157.765332374082","80.8186335202506","178.015631829768","227.318380863062","115.902416676356","104.876762073746","137.400882434934","43.2650163969648","176.494160635333","150.045846934465","80.50528797309"
"P11590;Q3KQQ2;Q5FW60;Q80YX8","62","51","439.7535","0.376152393090927","0.861428809812919","1.49427325406676","0.121487424665521","Control_1_mes","STZ_1_mes","20826.8606","Major urinary protein 4 OS=Mus musculus OX=10090 GN=Mup4 PE=1 SV=1","162142.181333368","430213.040943955","353795.879532426","328768.969154927","144074.473554975","160341.350790711","111554.367603687","374680.866646637","189399.199942097","325959.0332462","95099.1130770733","111372.368148677"
"P21460;A2APX3","2","1","12.9592","0.376661146266359","0.861428809812919","1.40351948956544","0.121316410253611","Control_1_mes","STZ_1_mes","15758.966","Cystatin-C OS=Mus musculus OX=10090 GN=Cst3 PE=1 SV=2","47.8388072785262","158.888695829446","104.651916350195","40.6536430603678","0","181.202499140106","32.9132607504425","138.379241417478","56.023798963768","40.3061828613427","0","125.862426281003"
"A0A3B2WCZ8;Q8R0C3","1","1","4.9842","0.382380192035711","0.861428809812919","1.36714479846617","0.119421654547926","Control_1_mes","STZ_1_mes","102531.383","Solute carrier family 26_ member 8 OS=Mus musculus OX=10090 GN=Slc26a8 PE=1 SV=1","6819.34846778419","4804.4720253075","3162.10788320321","2340.2458094389","5550.25826930219","2924.68418287069","4691.73474500608","4184.30770548457","1692.78597591579","2320.24410200254","3663.55417261285","2031.47224298024"
"REVERSE10815","2","1","10.9903","0.383139935590972","0.861428809812919","2.64695432020956","0.119173714370781","Control_1_mes","STZ_1_mes","52669.2558","Reversed Sequence 10815","549.025235865524","1003.25172805651","98.0427582353689","190.146356097782","383.1197930886","50.2125824098418","377.731213936984","873.751353766885","52.4856874942587","188.52120553906","252.885550271299","34.8774298474268"
"P03995;P03995-2","16","10","102.1101","0.396675461697938","0.861428809812919","1.34023143863737","0.11489850778185","Control_1_mes","STZ_1_mes","49957.155","Glial fibrillary acidic protein OS=Mus musculus OX=10090 GN=Gfap PE=1 SV=4","4751.70023994595","5157.64191412963","10000.0879188462","4835.50073215163","5938.5480517389","4081.1691276994","3269.18579083143","4491.89019932769","5353.39375258755","4794.17247912681","3919.85227327903","2834.76139078083"
"Q61646","34","33","185.1709","0.397506595754401","0.861428809812919","1.23330579224985","0.114644492279288","Control_1_mes","STZ_1_mes","39265.6041","Haptoglobin OS=Mus musculus OX=10090 GN=Hp PE=1 SV=1","100541.656536088","68950.7921670249","53396.8859442876","61263.633544047","56574.376582729","62887.1077215695","69172.9987870977","60050.579843949","28585.2042443602","60740.0230456567","37342.9997913747","43681.097099613"
"REVERSE7807","4","4","19.0612","0.402697423706374","0.861428809812919","1.16921389733598","0.113079423601538","Control_1_mes","STZ_1_mes","62646.7246","Reversed Sequence 7807","39787.3513535735","55005.8986124704","61861.0659402311","52525.4947575996","40003.6275211661","41453.4759979121","27373.8319194562","47905.7020623472","33116.3732379513","52076.5677368338","26405.1597986708","28793.394636596"
"Q497I4","9","4","62.384","0.402964713830275","0.861428809812919","1.17528320211441","0.112999819168572","STZ_1_mes","Control_1_mes","51841.451","Keratin_ type I cuticular Ha5 OS=Mus musculus OX=10090 GN=Krt35 PE=1 SV=1","3468.09031857142","5396.65867927123","3038.23197914522","4763.48291259551","3883.42294964062","5342.46773510505","2386.05783577852","4700.05452765634","1626.47090986219","4722.77018438058","2563.32762564671","3710.85362872606"
"P02088","7","1","45.8808","0.405887058746993","0.861428809812919","1.77452993993606","0.11213567632872","Control_1_mes","STZ_1_mes","15954.2598","Hemoglobin subunit beta-1 OS=Mus musculus OX=10090 GN=Hbb-b1 PE=1 SV=2","60.6709483489484","112.498841286036","267.440695599181","53.2291982860583","137.890005756642","57.1778098978159","41.7418170850158","97.9774189487801","143.170276164283","52.7742568235439","91.0169367694789","39.715444970815"
"B1AVM1","3","2","22.516","0.407167058558541","0.861428809812919","1.20930752811439","0.111760719123556","STZ_1_mes","Control_1_mes","13589.5858","Predicted gene 12887 OS=Mus musculus OX=10090 GN=Gm12887 PE=1 SV=1","58188.1767532288","40045.6577906803","42916.4442598193","41532.0999719585","71077.3783611591","58084.6164196762","40033.6618536794","34876.5386877275","22974.6604678147","41177.1317419094","46915.9836243342","40345.3086291552"
"P17879;Q61696","19","9","127.3413","0.40813284087151","0.861428809812919","2.17554154403098","0.111479220699111","Control_1_mes","STZ_1_mes","70461.5006","Heat shock 70 kDa protein 1B OS=Mus musculus OX=10090 GN=Hspa1b PE=1 SV=3","12660.0480928139","10228.9785772943","1809.44877433394","7402.58234244878","2318.01110098421","1632.20076645336","8710.15578557212","8908.61548464728","968.660660061889","7339.31365260005","1530.04758141485","1133.71917947274"
"E9PY58;Q60649;Q8CCN6","1","1","4.4527","0.408753637010057","0.861428809812919","1.20843645319504","0.111298914277114","STZ_1_mes","Control_1_mes","79966.0221","Mitochondrial disaggregase OS=Mus musculus OX=10090 GN=Clpb PE=1 SV=1","682.257544403713","1266.04128512766","801.812313008685","1369.12918186385","1078.6692529261","875.536120193295","469.395491555152","1102.61986684836","429.237928910499","1357.42745325579","711.996280296241","608.14338051143"
"Q3UV17","24","15","182.5517","0.409938095088431","0.861428809812919","1.19434940088163","0.110956273741391","Control_1_mes","STZ_1_mes","63357.9783","Keratin_ type II cytoskeletal 2 oral OS=Mus musculus OX=10090 GN=Krt76 PE=1 SV=1","51345.6156796508","43981.6170449677","69651.4129896589","37089.5458611099","59306.3994869806","41736.7029309601","35325.9567575995","38304.4418057884","37286.8160943884","36772.5474320265","39146.3237854856","28990.1227675584"
"J3KMP9","2","2","12.4073","0.411442107829217","0.861428809812919","1.75601888887116","0.110523781399435","STZ_1_mes","Control_1_mes","10896.5452","Secretoglobin_ family 2A_ member 2 OS=Mus musculus OX=10090 GN=Scgb2a2 PE=4 SV=1","23.2217030630413","414.112503973984","53.9197721692594","176.797538175208","82.9994959369037","602.854232607245","15.9766100256915","360.658597279469","28.8651233683514","175.286477832834","54.7854054551297","418.739789847224"
"P45700;A0A1W2P788;A0A1W2P6N0","5","3","25.0177","0.41388604502122","0.861428809812919","1.34892209064913","0.109827122030132","Control_1_mes","STZ_1_mes","73504.0174","Mannosyl-oligosaccharide 1_2-alpha-mannosidase IA OS=Mus musculus OX=10090 GN=Man1a1 PE=1 SV=1","110192.69364505","68334.4029004761","45953.3976078686","52630.1245728868","48922.5126072831","64862.0844034686","75812.9448674849","59513.7544978938","24600.4468821228","52180.3032977883","32292.2405590417","45052.9068605811"
"P17182;Q6PHC1;B0QZL1;B1ARR7;A0A0N4SUI6;A0A0N4SUX5;B1ARR6;D3YVD3;D3Z2S4;D3Z6E4;P17183;A0A0N4SUW8;P21550;Q5SX59;Q5SX60;Q5SX61","11","10","78.9833","0.41477025222058","0.861428809812919","1.23292966115253","0.10957692146157","STZ_1_mes","Control_1_mes","47483.0601","Alpha-enolase OS=Mus musculus OX=10090 GN=Eno1 PE=1 SV=3","5312.01553343984","4171.78555688318","4651.68812091614","4880.81208284843","4474.16036801678","8073.09147257317","3654.68460249397","3633.28881078838","2490.20991891152","4839.09656094077","2953.25516216883","5607.53237482051"
"G3UVV3;S4R2G4","7","6","32.3909","0.416279880325003","0.861428809812919","1.58540657915102","0.109151996491662","STZ_1_mes","Control_1_mes","250867.7329","Zinc finger protein 407 OS=Mus musculus OX=10090 GN=Zfp407 PE=1 SV=1","2198.16037448724","2446.67625291035","1496.08838533859","1865.67103383703","2135.91634235816","5734.27554106983","1512.34175123895","2130.85771838242","800.907980048485","1849.72544126689","1409.85245167375","3983.00153688727"
"Q924W7;Q924W7-2","4","3","20.3652","0.41849020001797","0.861428809812919","1.13302168810882","0.108534913918072","STZ_1_mes","Control_1_mes","128058.9696","DENN domain-containing protein 2B OS=Mus musculus OX=10090 GN=Dennd2b PE=1 SV=1","3180.96190861935","2236.35668443791","1821.21875074347","2547.30848406925","2891.33182396343","2762.77949267912","2188.51252135229","1947.68633423494","974.961536483196","2525.53704499947","1908.47889487876","1919.01398644135"
"A0A1B0GRR9;D3YTP8;Q9CY46","1","1","5.34","0.42130789230077","0.861428809812919","1.19322815620726","0.107756891950485","Control_1_mes","STZ_1_mes","11457.203","LSM4 homolog_ U6 small nuclear RNA and mRNA degradation associated OS=Mus musculus OX=10090 GN=Lsm4 PE=1 SV=1","4385.34309054498","4047.91473372733","5427.53916018546","3869.99460726232","5324.8276996673","2421.39451828762","3017.13083645476","3525.40731265799","2905.54987794682","3836.91838099476","3514.75441160205","1681.88954623389"
"P46737;P46737-2;A3KGA8","3","1","15.3678","0.421709550265892","0.861428809812919","1.43300191209185","0.107646765452443","Control_1_mes","STZ_1_mes","33739.3227","Lys-63-specific deubiquitinase BRCC36 OS=Mus musculus OX=10090 GN=Brcc3 PE=1 SV=1","14.4767051570016","493.195949757384","0","34.9393861255082","173.66838390632","145.664370591699","9.96002197265375","429.533901334668","0","34.6407647685253","114.633139872051","101.177804899869"
"P68254;P68254-2","9","3","54.6376","0.423145418477012","0.861428809812919","1.22080943787301","0.107254655740531","STZ_1_mes","Control_1_mes","28063.46","14-3-3 protein theta OS=Mus musculus OX=10090 GN=Ywhaq PE=1 SV=1","190.78839400143","633.972288751932","223.537866546491","460.109204050315","463.138776541496","356.524782102035","131.263058532522","552.138740514077","119.667569720207","456.176724115486","305.703611430452","247.640481326761"
"P00687;D3YYQ5","2","2","10.9917","0.424080000266168","0.861428809812919","1.66185243106912","0.107000754966837","Control_1_mes","STZ_1_mes","58328.1357","Alpha-amylase 1 OS=Mus musculus OX=10090 GN=Amy1 PE=1 SV=2","1441.58144778482","713.386994089492","6477.29789804841","404.830272516733","4661.8980744124","127.635592093606","991.812898003418","621.302544928459","3467.52212405163","401.370252787352","3077.17502756077","88.6550978984702"
"Q9D478;Q9D478-2;Q9D478-3;A0A0G2JFI3","3","2","19.6493","0.431217824908519","0.861428809812919","1.63628007301385","0.10509524027255","Control_1_mes","STZ_1_mes","74834.9428","Protein BCAP OS=Mus musculus OX=10090 GN=Odf2l PE=2 SV=1","25.0535842921955","95.6602739081997","211.834510485882","174.512016771574","22.2854114358958","6.43695334541435","17.2369504896156","83.3123846105079","113.402357481313","173.020490415875","14.7099122406487","4.47107832262866"
"Q61362;Q61362-2;Q61362-3;D3YXU4;D3Z2Z5","4","3","22.2315","0.434008461751477","0.861428809812919","1.16496052342607","0.1043661027592","STZ_1_mes","Control_1_mes","44178.3342","Chitinase-3-like protein 1 OS=Mus musculus OX=10090 GN=Chi3l1 PE=1 SV=3","113911.47600763","85922.5793220074","99497.7029619516","86419.6202831084","135031.727719761","127258.333814546","78371.4796750344","74831.6378653852","53264.5698473797","85681.0055808871","89130.2756592348","88393.0560250836"
"E9PX29","9","6","40.1657","0.434027911554609","0.861428809812919","1.16711781765818","0.10436105161246","STZ_1_mes","Control_1_mes","290078.7727","Spectrin beta chain OS=Mus musculus OX=10090 GN=Sptbn4 PE=1 SV=1","5734.92131328682","5664.85111814625","5668.92262699186","5784.90524068145","5393.68713577746","8742.58575040292","3945.64520533536","4933.62851510518","3034.77081616916","5735.46257884462","3560.20640000418","6072.56003497296"
"Q9CWY3;A0A1D5RLQ7;A0A1D5RMH9","6","2","20.9572","0.43520966822009","0.861428809812919","1.26206083799374","0.104054938831156","Control_1_mes","STZ_1_mes","53359.5502","N-lysine methyltransferase SETD6 OS=Mus musculus OX=10090 GN=Setd6 PE=1 SV=1","1959.92554597541","2116.05727680801","1223.73566740916","813.163747630863","1983.32990863767","1402.76388397604","1348.43538574378","1842.91525103172","655.108128037599","806.213766858604","1309.1348564165","974.353371363127"
"P19001","21","11","186.1946","0.435500120516531","0.861428809812919","1.49596186986986","0.103979940147526","STZ_1_mes","Control_1_mes","44541.8626","Keratin_ type I cytoskeletal 19 OS=Mus musculus OX=10090 GN=Krt19 PE=1 SV=1","11958.4951306761","16871.9156534526","18596.4988009581","40180.955726943","16994.0371163038","13773.8555018081","8227.48498153952","14694.077997157","9955.35052381187","39837.535511117","11217.2393726824","9567.25696901715"
"J3QMV8","1","1","5.6006","0.442748827590373","0.869671398975089","52.6437757294156","0.102138133617358","STZ_1_mes","Control_1_mes","3483.0214","Heterogeneous nuclear ribonucleoprotein F (Fragment) OS=Mus musculus OX=10090 GN=Hnrnpf PE=1 SV=1","0","85.106482193855","11.7513855174664","711.820860052016","0","4387.14300537219","0","74.1208830761462","6.2909240722666","705.737040765841","0","3047.28944533447"
"P00329","9","6","53.4061","0.444498715031712","0.869671398975089","1.11253489819975","0.10170198247209","STZ_1_mes","Control_1_mes","40626.8986","Alcohol dehydrogenase 1 OS=Mus musculus OX=10090 GN=Adh1 PE=1 SV=2","1653.15135897516","1611.53091815292","2342.99151358021","2052.79736213015","2335.80552763355","1850.12990011938","1137.37371045037","1403.51347722173","1254.28458559123","2035.25243069695","1541.79313321395","1285.09175794537"
"A0A494BBD8;P10107","3","2","16.1675","0.454549163693719","0.880808193718719","1.2845794438328","0.0992586377108827","Control_1_mes","STZ_1_mes","34115.8849","Annexin OS=Mus musculus OX=10090 GN=Anxa1 PE=1 SV=1","1045.22072474576","891.988152864659","1765.70789809167","594.186034750519","1514.15457274312","774.25010612832","719.115383772656","776.849751975329","945.244652571917","589.107621541996","999.446698477928","537.790578872129"
"D3Z5N5;Q9Z1T6;Q9Z1T6-1;Q9Z1T6-3","6","3","31.175","0.462141856732079","0.880808193718719","1.43934457152907","0.0974801287951558","STZ_1_mes","Control_1_mes","234817.3342","1-phosphatidylinositol 3-phosphate 5-kinase OS=Mus musculus OX=10090 GN=Pikfyve PE=1 SV=2","1253.37437641273","2373.35084538775","895.264878371802","3501.29881504988","1174.85574351358","1832.54734462769","862.325798145744","2066.99720132904","479.266327024414","3471.3737728755","775.486013898321","1272.87899540123"
"P11499;E9Q3D6;E9PX27;E9Q0C3;D3Z1R1;B7ZC49","26","14","170.325","0.463133728533195","0.880808193718719","1.32049767993544","0.0972519361329892","Control_1_mes","STZ_1_mes","83623.5369","Heat shock protein HSP 90-beta OS=Mus musculus OX=10090 GN=Hsp90ab1 PE=1 SV=3","14642.3003178081","7146.44098382714","6515.54681950918","7346.07816567264","7544.66903093733","6543.8138414134","10073.9520017805","6223.97381396028","3487.99809774837","7283.29240800491","4980.00315807799","4545.30313389703"
"I7HJI3","4","3","27.0944","0.469062694138574","0.880808193718719","1.1450264945535","0.0959073767343496","Control_1_mes","STZ_1_mes","49593.0503","Serine (or cysteine) peptidase inhibitor_ clade B_ member 6e OS=Mus musculus OX=10090 GN=Serpinb6e PE=1 SV=1","18652.7588693696","20464.8995392618","13771.2163879347","18618.8135593305","12227.0596436651","15344.2150160457","12833.1610110661","17823.2772265169","7372.20956205419","18459.6815313514","8070.70467767034","10658.0214978363"
"D3Z3L7;D3Z4D7;F8WJ99;Q9QZJ6","1","1","5.3319","0.469637567857261","0.880808193718719","1.27105795167786","0.0957787599808161","STZ_1_mes","Control_1_mes","14150.8742","Microfibrillar associated protein 5 (Fragment) OS=Mus musculus OX=10090 GN=Mfap5 PE=1 SV=1","4145.49457646539","10854.2186184778","6559.01712695544","12046.7249328524","5970.27524057918","9385.3954302963","2852.11424984661","9453.14914169031","3511.26926038158","11943.7634974762","3940.79441136007","6519.05269557219"
"Q9Z315","6","4","41.3431","0.471079684195037","0.880808193718719","1.21134420445347","0.0954574594452096","Control_1_mes","STZ_1_mes","91056.6243","U4/U6.U5 tri-snRNP-associated protein 1 OS=Mus musculus OX=10090 GN=Sart1 PE=1 SV=1","12999.1902478668","9785.5157781978","8180.4431890725","11272.170920644","9585.90517703135","4704.55845433282","8943.48673205111","8522.39514709907","4379.27484409864","11175.8294747933","6327.36013454012","3267.76476292028"
"A0A0R4J135;P17563;Q63836;D6RHN2;G3UWK0;G3UZT2","2","2","11.1236","0.472023364729533","0.880808193718719","1.27094447337395","0.0952482451156738","Control_1_mes","STZ_1_mes","53198.4065","Methanethiol oxidase OS=Mus musculus OX=10090 GN=Selenbp2 PE=1 SV=1","1450.5168076605","908.912779348203","698.496142332659","1121.81637208724","739.491139252318","544.718710422544","997.96045573359","791.589736854939","373.929200914624","1112.22838659388","488.115276329055","378.35912230675"
"Q9JHU4","9","4","49.667","0.473010750345792","0.880808193718719","1.1497157039855","0.0950302135630293","STZ_1_mes","Control_1_mes","534783.7004","Cytoplasmic dynein 1 heavy chain 1 OS=Mus musculus OX=10090 GN=Dync1h1 PE=1 SV=2","3353.6343482394","5497.65226962006","5525.14004367738","4600.30768134069","6573.67128186155","5354.82453676252","2307.31174217193","4788.01180081252","2957.7990145717","4560.98958578497","4339.07751414908","3719.43660658267"
"P02762;A2AKN9;A2BIM8;A2BIN1;A2CEK7;A2CEL1;A9R9W0;P04938;P11588;P11589;Q4FZE8;A2AKN8;B8JI96;Q58EV3;A2CEL0;A9C496;A9C497;B5X0G2;E9PVW0;E9QA79;L7MUC7;A2CEK6;A2BIN0;L7N222","11","8","89.8253","0.473215190433566","0.880808193718719","1.19629563510897","0.0949851807733108","STZ_1_mes","Control_1_mes","20934.5736","Major urinary protein 6 OS=Mus musculus OX=10090 GN=Mup6 PE=1 SV=2","5194.02831290497","8845.94362106919","7281.72664040077","8464.77648355564","10835.4958871393","6206.78256693901","3573.50899683819","7704.10356454367","3898.1607182979","8392.4293899062","7152.17639316258","4311.2027537189"
"Q6P5H2;Q6P5H2-2","7","5","37.7579","0.474657748837309","0.880808193718719","1.20138627815337","0.0946685011990489","Control_1_mes","STZ_1_mes","207751.8418","Nestin OS=Mus musculus OX=10090 GN=Nes PE=1 SV=1","11818.3945051928","10606.7503879948","6623.1119370092","9174.69826266058","6369.91123731157","8634.33890190769","8131.09527869878","9237.62426856832","3545.58143428441","9096.28358086673","4204.58179787736","5997.37226960805"
"O55229;F6RRT7","4","3","19.4639","0.478951756917653","0.882000509935305","1.30029868311249","0.0937369223974863","Control_1_mes","STZ_1_mes","45468.3844","Choline/ethanolamine kinase OS=Mus musculus OX=10090 GN=Chkb PE=1 SV=3","9110.71996132887","4295.54764102915","9263.29203251955","5438.84059608105","7256.76278326514","4738.51381949164","6268.20606052359","3741.07560600978","4958.96137091219","5392.35569353064","4789.9651303317","3291.35000409757"
"Q3UU35","52","41","332.4498","0.480200277631444","0.882000509935305","1.09525534338895","0.093469131492406","STZ_1_mes","Control_1_mes","163709.1402","Alpha-2-macroglobulin-like protein 1 OS=Mus musculus OX=10090 GN=A2ml1 PE=1 SV=2","97493.5452561907","145254.591954228","123602.00047678","124744.765292187","126844.623665372","149657.556895621","67075.8879463627","126505.036384761","66168.4359707169","123678.591692163","83726.2209711921","103951.453824077"
"REVERSE6041","2","1","17.57","0.485183617848293","0.88662996155018","1.11139700742428","0.0924138305204739","STZ_1_mes","Control_1_mes","35018.0115","Reversed Sequence 6041","10.2233905748187","23.5173198983748","226.775550535541","166.000142989149","40.8482105029842","82.6886393783365","7.03372719523599","20.4816892147097","121.400814205705","164.581366260196","26.9626429565756","57.4351503286125"
"P70704;A0A140LHU4;A0A140LIB1","7","6","44.539","0.491909336030627","0.894380610964776","1.25058005986865","0.0910232208056327","STZ_1_mes","Control_1_mes","132725.2113","Phospholipid-transporting ATPase IA OS=Mus musculus OX=10090 GN=Atp8a1 PE=1 SV=2","11786.3818519045","8014.06553970536","6596.13339409233","6896.53660766818","14229.2828509855","11885.2181206575","8109.07046526948","6979.60483762026","3531.13888495113","6837.59300995109","9392.31041739799","8255.41809105104"
"O08759;A0A0J9YUF2;A0A0J9YUK0;A0A140LHS2;A0A140LI50","3","1","14.2444","0.49654565056957","0.89827353871882","2.63304664690871","0.090086552406987","Control_1_mes","STZ_1_mes","100789.1487","Ubiquitin-protein ligase E3A OS=Mus musculus OX=10090 GN=Ube3a PE=1 SV=2","123.633625846219","308.886302878534","23.0923181650914","45.4366038984767","31.8969148770142","95.7026283147058","85.0603515532423","269.015061477139","12.3621184934569","45.0482644965159","21.054168999212","66.4746074602665"
"P05064;A6ZI44;A0A0U1RPN8;A0A0U1RPT5;A6ZI47;D3YV98;D3YWI1;D3Z510","6","6","31.8022","0.499900614169404","0.899821105504927","1.3642459804237","0.0894196596495385","STZ_1_mes","Control_1_mes","39812.1919","Fructose-bisphosphate aldolase A OS=Mus musculus OX=10090 GN=Aldoa PE=1 SV=2","2590.34166232903","2919.16102970839","6313.09367595294","2953.35857897519","8365.42500833895","4810.14598588856","1782.16379995827","2542.35385820095","3379.61791122389","2928.11669454876","5521.75884579749","3341.1053789145"
"P11881;P11881-2;P11881-3;P11881-4;P11881-5;P11881-6;P11881-7;P11881-8","4","2","19.9925","0.506040408373592","0.902619209859431","1.0958769272416","0.0882223981186203","STZ_1_mes","Control_1_mes","316589.3652","Inositol 1_4_5-trisphosphate-gated calcium channel ITPR1 OS=Mus musculus OX=10090 GN=Itpr1 PE=1 SV=2","4058.07689848543","5156.4512407018","4059.56147810206","4258.16505256032","4521.3387253269","5767.26476383745","2791.97059256851","4490.85321878694","2173.223998777","4221.77119544775","2984.39613965026","4005.91569998304"
"Q80XI7;Q80XI7-2","17","2","123.6215","0.50861775787344","0.902619209859431","1.42844145587549","0.0877285871652669","STZ_1_mes","Control_1_mes","62790.549","Vomeromodulin OS=Mus musculus OX=10090 GN=Bpifb9a PE=1 SV=1","5576.12989473756","7469.25582823996","16190.3725265867","8979.08688326689","24257.8875150968","8524.59467926789","3836.39617382803","6505.11951192799","8667.26771197173","8902.34406071366","16011.8828192619","5921.14443501793"
"D2XZ31;E9PWZ2;A0A087WQJ0;A0A494BAG6;O88286;O88286-4","27","13","92.4211","0.512314355863239","0.902619209859431","1.07606855507896","0.0870292168009494","STZ_1_mes","Control_1_mes","10331.8229","ABPA7 (Fragment) OS=Mus musculus OX=10090 GN=Scgb1b29 PE=2 SV=1","123487.363020676","111782.605945834","98398.1045384265","102290.441660648","128647.304126217","128111.975945573","84959.7222359774","97353.6357240757","52675.9166896649","101416.181581053","84916.1147029386","88985.9919409595"
"P35918","5","2","27.7568","0.514948796172694","0.902619209859431","1.163076810804","0.0865371024053687","Control_1_mes","STZ_1_mes","152343.8222","Vascular endothelial growth factor receptor 2 OS=Mus musculus OX=10090 GN=Kdr PE=1 SV=2","25443.2647672119","28890.5504727194","16897.1769379926","19943.558693035","17030.3797997705","24269.6453498508","17505.0519706767","25161.3397521976","9045.64461735779","19773.1042798238","11241.2280563072","16857.5845433005"
"P32067;F6SXM5","8","6","45.0435","0.524716329799335","0.902619209859431","1.18866792695695","0.0847572085063054","STZ_1_mes","Control_1_mes","47927.611","Lupus La protein homolog OS=Mus musculus OX=10090 GN=Ssb PE=1 SV=1","30190.8871850839","68745.8426499487","43707.1116021959","75201.3457841895","42985.292023608","51369.5214865684","20771.4322061683","59872.0853415312","23397.9321075647","74558.611883704","28373.2645064587","35681.0344331645"
"Q3UW77","5","4","33.8943","0.525056754123724","0.902619209859431","1.63753351467881","0.0846964198944991","STZ_1_mes","Control_1_mes","13717.6329","Predicted gene 12888 OS=Mus musculus OX=10090 GN=Gm12888 PE=2 SV=1","6187.18640041932","18458.7472141176","8970.50316225894","15739.3392614346","6487.11264065973","32821.5899639903","4256.80511060739","16076.0803257421","4802.22133806444","15604.8176407232","4281.94282675903","22797.7261178607"
"O88312","8","7","68.3336","0.530137031934543","0.902619209859431","1.07455998241057","0.083798994659543","Control_1_mes","STZ_1_mes","19977.0413","Anterior gradient protein 2 homolog OS=Mus musculus OX=10090 GN=Agr2 PE=1 SV=1","25583.3396805382","32339.8940441886","27002.7553426008","22357.7421043262","28184.0660489709","28491.4617036473","17601.4239834668","28165.4398508007","14455.5110841873","22166.6540507959","18603.4320863928","19790.0388533859"
"A2A5R2;G3X9K3","9","5","54.0655","0.532312637068288","0.902619209859431","1.2128794379986","0.0834202023077899","Control_1_mes","STZ_1_mes","204692.1831","Brefeldin A-inhibited guanine nucleotide-exchange protein 2 OS=Mus musculus OX=10090 GN=Arfgef2 PE=1 SV=1","5146.05303702663","6078.67622640088","3070.72422002454","4581.69109583584","2806.65049083973","4398.03473036493","3540.50184523082","5294.03681388844","1643.86513286728","4542.53211326528","1852.58336060721","3054.85478764749"
"Q6DFZ2;Q6ZWQ0-3;D3YVK9;Q80Y61-2","13","2","73.2887","0.536796898800194","0.902619209859431","1.19353917287548","0.082649725964266","Control_1_mes","STZ_1_mes","249555.7583","Spectrin repeat containing_ nuclear envelope 2 (Fragment) OS=Mus musculus OX=10090 GN=Syne2 PE=1 SV=1","13900.9299097763","23333.2625539562","26924.4969231235","17974.285356644","20226.3835835486","15554.3236439928","9563.88666068322","20321.3901099496","14413.6166391267","17820.6620083482","13350.811508037","10803.9619888421"
"A8DUK4;E9Q223;P02089","9","3","62.2591","0.539049356361331","0.902619209859431","1.08378621437861","0.0822678681677627","Control_1_mes","STZ_1_mes","15805.1198","Beta-globin OS=Mus musculus OX=10090 GN=Hbb-bs PE=1 SV=1","6265.03940868305","8562.82326988979","6298.53487335727","6410.36869685635","6607.82802388984","6474.94433571475","4310.36824286259","7457.52856925194","3371.82407946029","6355.58029868187","4361.62332530038","4497.46669055249"
"REVERSE10617","2","1","9.5886","0.540861326442907","0.902619209859431","1.53381684649268","0.0819631573403994","STZ_1_mes","Control_1_mes","19069.561","Reversed Sequence 10617","733.610106747226","1248.55008973113","2460.86841533832","816.841838731278","2346.88607501151","3651.06422051059","504.726227640917","1087.38644613319","1317.38817773635","809.860421901397","1549.10706053259","2536.01249144974"
"P63101;A0A2I3BQ03;D3YXN6;D3YXF4","7","2","46.5998","0.541599297324511","0.902619209859431","1.27022208091786","0.0818396832964319","STZ_1_mes","Control_1_mes","27942.2773","14-3-3 protein zeta/delta OS=Mus musculus OX=10090 GN=Ywhaz PE=1 SV=1","3688.63806536954","2710.79880471523","4628.65341232667","2692.96763660393","6464.4128839052","4850.74326656553","2537.79542940259","2360.88716238541","2477.87864082114","2669.95127200425","4266.95941796249","3369.3040642012"
"G3UZJ4;P99029;P99029-2;A0A494BAZ4;H3BJQ7","5","4","30.2826","0.541880093303751","0.902619209859431","1.2120239800259","0.0817927967101251","STZ_1_mes","Control_1_mes","17538.3371","thioredoxin-dependent peroxiredoxin OS=Mus musculus OX=10090 GN=Prdx5 PE=1 SV=1","1375.71289917884","1871.24106273018","2764.54495454189","2187.29028232527","1695.34986583712","3403.44069447582","946.495114411955","1629.70007034225","1479.95675723014","2168.59586136787","1119.04811878369","2364.01432399127"
"E9Q7N9","7","4","39.7856","0.542387766167171","0.902619209859431","1.22240003260072","0.0817081594007888","Control_1_mes","STZ_1_mes","520367.9891","Dynein axonemal heavy chain 11 OS=Mus musculus OX=10090 GN=Dnah11 PE=1 SV=2","3296.25435579545","4235.50134894154","1997.71473282757","2738.58182447347","1973.66552179557","3083.45797393629","2267.83411384875","3688.78012768366","1069.44595457168","2715.17560268997","1302.75569295721","2141.7557913208"
"Q7M747","1","1","6.9312","0.548048094455046","0.902619209859431","1.01088411999325","0.0807759513110207","STZ_1_mes","Control_1_mes","12705.6421","Secretoglobin family 2B member 24 OS=Mus musculus OX=10090 GN=Scgb2b24 PE=2 SV=1","2923.56470834743","3065.9734395299","2326.45452827046","1868.092458904","6195.36948674095","343.042992652975","2011.42237945851","2670.215628327","1245.43176403983","1852.12617080026","4089.37217562702","238.27609210078"
"REVERSE26875","1","1","4.285","0.548109063260436","0.902619209859431","77.8421862561935","0.0807660237748679","STZ_1_mes","Control_1_mes","23851.1047","Reversed Sequence 26875","3.54773977958914","0","0","276.163820711284","0","0","2.44085693358724","0","0","273.803492610666","0","0"
"Q3TTY5","47","36","323.1627","0.54821837094909","0.902619209859431","1.19297297981723","0.0807482312372099","Control_1_mes","STZ_1_mes","71379.0367","Keratin_ type II cytoskeletal 2 epidermal OS=Mus musculus OX=10090 GN=Krt2 PE=1 SV=1","62781.4979184583","78388.3123675421","119792.439684575","79807.5141332329","88414.7214471381","50527.2703896269","43193.8823069511","68269.8989049572","64129.0460062887","79125.4120470002","58359.8286713223","35096.0106774108"
"Q80Y61","5","3","25.4809","0.550797744839489","0.902619209859431","1.30879999779206","0.0803306040681218","STZ_1_mes","Control_1_mes","58516.1891","BAR/IMD domain-containing adapter protein 2-like 2 OS=Mus musculus OX=10090 GN=Baiap2l2 PE=1 SV=1","678.691395400066","494.897654623533","1163.72630404997","543.675274312384","1023.9977755135","1491.40528042495","466.941969013325","431.015949049042","622.983035387323","539.028568511944","675.909325513319","1035.92327949872"
"O09131;A0A494BAB1;A0A494B9X6;A0A494BAY2;A0A494BB82;Q8K2Q2","24","20","174.6448","0.554726143793012","0.902619209859431","1.19601660429191","0.0797027012958685","STZ_1_mes","Control_1_mes","27725.7866","Glutathione S-transferase omega-1 OS=Mus musculus OX=10090 GN=Gsto1 PE=1 SV=2","16523.3464792756","20663.9076076184","36556.7829660104","22618.7802858167","41635.8490923318","23944.4634046427","11368.1181049515","17996.5972062133","19570.1132963157","22425.4611806102","27482.5388786221","16631.7146529794"
"Q8R1S0;D3YW66;D6RG57;F6ZE40","2","1","5.992","0.556413731814683","0.902619209859431","10.1229201265366","0.0794359484158118","Control_1_mes","STZ_1_mes","51677.8469","Ubiquinone biosynthesis monooxygenase COQ6_ mitochondrial OS=Mus musculus OX=10090 GN=Coq6 PE=1 SV=3","0","276.420245563526","183.085144599272","18.4892007675443","26.9033721678317","0","0","240.739743591153","98.0118252202739","18.3311765194107","17.7580855845845","0"
"P63017;Q504P4;D3Z5E2","8","2","51.569","0.565596813171566","0.902619209859431","1.72645704800586","0.0780152251426177","Control_1_mes","STZ_1_mes","71099.2839","Heat shock cognate 71 kDa protein OS=Mus musculus OX=10090 GN=Hspa8 PE=1 SV=1","202.270651707215","475.014495338328","1155.54658961866","446.318581813199","349.093072883611","266.202787887328","139.162890559561","413.699320672767","618.604150672517","442.503968125683","230.425562512389","184.903237677534"
"P40142;A0A286YE28","34","29","255.5312","0.568030227780665","0.902619209859431","1.09859775896291","0.0776473227218935","STZ_1_mes","Control_1_mes","68314.9178","Transketolase OS=Mus musculus OX=10090 GN=Tkt PE=1 SV=1","14940.5742403992","20026.1225009472","25243.739833891","18337.7635716721","24026.9195437082","23782.3675723539","10279.1654664922","17441.1378087539","13513.8490996676","18181.0336330827","15859.4279902676","16519.123630015"
"REVERSE4129","3","2","22.5129","0.569016137718615","0.902619209859431","1.09852413652306","0.0774992706003168","STZ_1_mes","Control_1_mes","46020.8252","Reversed Sequence 4129","14756.3426895157","26773.0468386298","26317.2878813701","27293.7056271822","22429.1528436916","24808.3542463732","10152.4135381387","23317.1648406065","14088.5565879535","27060.4306811885","14804.7915072984","17231.7692763877"
"REVERSE29220","1","1","12.5544","0.569037318457998","0.902619209859431","1.07810961283454","0.0774960962634084","Control_1_mes","STZ_1_mes","35260.256","Reversed Sequence 29220","1562.4514343517","1365.21069601026","1546.96510105389","1018.51707552706","1558.9868477485","1572.93419372745","1074.97185641173","1188.98842678974","828.144049798348","1009.81197263511","1029.03909944278","1092.55288940477"
"P16627","12","2","83.2323","0.572864639487014","0.902619209859431","1.23278508625758","0.0769268443714648","Control_1_mes","STZ_1_mes","71036.5741","Heat shock 70 kDa protein 1-like OS=Mus musculus OX=10090 GN=Hspa1l PE=1 SV=4","6273.20120657384","14165.7071950807","6983.95605353741","12672.4247068973","4446.45627064632","5125.76227851721","4315.98358733821","12337.188656275","3738.75379984327","12564.1155154122","2934.96854259269","3560.33101074942"
"Q6IME9","20","6","147.9183","0.578042608180903","0.902619209859431","1.18854422519646","0.0761702991430651","Control_1_mes","STZ_1_mes","57263.6054","Keratin_ type II cytoskeletal 72 OS=Mus musculus OX=10090 GN=Krt72 PE=3 SV=1","10767.8532099833","5923.42508958084","5776.71861836675","3966.82968752521","5168.59478665223","9768.37097711675","7408.31932450279","5158.82559303847","3092.47774749452","3932.92582728126","3411.62988791249","6785.06575696957"
"Q91W20","1","1","5.8847","0.578875981203183","0.902619209859431","1.12546436822683","0.0760499781204802","STZ_1_mes","Control_1_mes","36322.9776","Leucine-rich repeat-containing protein 26 OS=Mus musculus OX=10090 GN=Lrrc26 PE=2 SV=1","627.861172291289","1491.02090935393","554.839467833002","1243.47917057316","979.631889033342","786.067274891461","431.970604082718","1298.55897738294","297.024802670824","1232.85135255819","646.624773218694","545.998730191007"
"A8R0V5","3","2","15.044","0.581439810829782","0.902619209859431","1.43944164771454","0.075682295819715","Control_1_mes","STZ_1_mes","12275.209","Exocrine gland secreted peptide 23 OS=Mus musculus OX=10090 GN=Esp23 PE=2 SV=1","23.0336013137303","1758.60472618597","94.0466760593455","1283.10684824199","16.3726673351535","3.58477086834285","15.8471953877671","1531.60290411111","50.3464461666266","1272.14033879045","10.8070923589732","2.48996543255305"
"Q6DFV3;A0A0A0MQE8;B7ZCJ0;B7ZCJ1;F6WQR2","10","4","66.9649","0.584714531511307","0.902619209859431","1.54024119869758","0.0752180596272916","Control_1_mes","STZ_1_mes","217129.0309","Rho GTPase-activating protein 21 OS=Mus musculus OX=10090 GN=Arhgap21 PE=1 SV=2","25824.874372574","19505.7449645579","5940.97058078435","11805.6820978427","8336.19451229856","13146.149941331","17767.6006661957","16987.930937363","3180.40751737178","11704.7808171074","5502.46469757225","9131.25556061139"
"Q6UGQ3;G5E8B4;A0A0U1RPN9;Q9EST1","27","20","112.8885","0.586000635650741","0.902619209859431","1.18339796536294","0.0750373773242303","STZ_1_mes","Control_1_mes","13028.1121","Secretoglobin family 2B member 2 OS=Mus musculus OX=10090 GN=Scgb2b2 PE=2 SV=1","23521.5413347588","127979.737936903","70009.695260695","129711.832806123","57773.9295675808","74649.8741934504","16182.8997678781","111460.03156528","37478.6170152396","128603.206472787","38134.7876919901","51851.4608360592"
"Q5SW46;A7M7R7","77","68","515.8827","0.590786616712506","0.902619209859431","1.08956726941147","0.0743730359342814","STZ_1_mes","Control_1_mes","80922.1158","Lactoperoxidase OS=Mus musculus OX=10090 GN=Lpo PE=1 SV=1","162141.172052159","132498.211373378","93166.0810153791","122129.510160415","140069.313222208","160341.317571111","111553.673214811","115395.257562576","49875.0331105429","121085.688728614","92455.4303622979","111372.345074495"
"A0A3B2W725;A0A3Q4EGS4;G5E8Z2","2","1","19.468","0.593091048190311","0.902619209859431","1.41084820461971","0.0740576267774794","STZ_1_mes","Control_1_mes","90825.671","TATA-box binding protein associated factor 4b OS=Mus musculus OX=10090 GN=Taf4b PE=1 SV=1","2610.23533119287","5359.37976278321","1785.86870116556","7640.91641468153","1900.57334332991","4222.01703956079","1795.85071123067","4667.58759753556","956.037429405361","7575.61072155491","1254.50980197151","2932.59370549841"
"A0A0H2UH22;D3YUJ4;Q812E0","2","1","19.0882","0.593355414509005","0.902619209859431","1.35227529174937","0.074021626801564","Control_1_mes","STZ_1_mes","108362.9959","Cytoplasmic polyadenylation element binding protein 2 OS=Mus musculus OX=10090 GN=Cpeb2 PE=1 SV=2","6475.33484693717","3469.8060477365","1950.12995391678","2002.61942755216","2393.47961200567","4400.38709101561","4455.05221363109","3021.92126535518","1043.9721727203","1985.50335891753","1579.86201617418","3056.48872658536"
"A0A2R8VHP3","25","14","198.6123","0.597903883794234","0.902619209859431","1.19709173494427","0.073408120966786","Control_1_mes","STZ_1_mes","58147.9666","Predicted pseudogene 5478 OS=Mus musculus OX=10090 GN=Gm5478 PE=1 SV=1","33483.3489284927","27022.3573729112","56943.4900546167","28508.4237074352","46809.0803714704","22794.6062360889","23036.6569899039","23534.2942117751","30483.8243806247","28264.7667598753","30897.2291721176","15833.0291282347"
"P24472;A0A1L1SS61","13","10","78.6095","0.599956562970947","0.902619209859431","1.10547227145978","0.0731348608730384","STZ_1_mes","Control_1_mes","25563.9437","Glutathione S-transferase A4 OS=Mus musculus OX=10090 GN=Gsta4 PE=1 SV=3","8664.70774339718","15317.0272779979","24330.0076844649","17648.6610396968","20695.1895636233","15063.4413439076","5961.34815035035","13339.8956070188","13024.6966022124","17497.8207504693","13660.2558655993","10462.9973906698"
"P81117;Q3UKN6","14","12","84.3814","0.602454104075428","0.902619209859431","1.08608424215867","0.0728053724559278","STZ_1_mes","Control_1_mes","50418.6216","Nucleobindin-2 OS=Mus musculus OX=10090 GN=Nucb2 PE=1 SV=2","23461.2871228069","22473.0647428103","30131.7595888877","22043.6657132193","31447.1246486467","29123.414651157","16141.4446668397","19572.2271820651","16130.5755356031","21855.2620204781","20757.2763524229","20228.9904773781"
"Q3UV11;Q9Z331","26","1","210.4656","0.604930588112926","0.902619209859431","1.31512373251792","0.0724818789278207","Control_1_mes","STZ_1_mes","59868.6585","Keratin 6B OS=Mus musculus OX=10090 GN=Krt6b PE=1 SV=1","686.71217142031","389.297610273677","135.981807553784","662.951773345578","162.524179676272","96.1039403979947","472.460289966399","339.04682591853","72.7957758903361","657.285630344109","107.277194630142","66.7533569959425"
"P17742","2","1","10.1609","0.605062772717206","0.902619209859431","1.10368100631382","0.0724647016626236","STZ_1_mes","Control_1_mes","18142.461","Peptidyl-prolyl cis-trans isomerase A OS=Mus musculus OX=10090 GN=Ppia PE=1 SV=2","2655.83320014958","3884.88674767468","3809.71117700404","3066.13380113638","4693.08759995157","3664.35283854439","1827.22219885784","3383.42308324496","2039.47047062456","3039.92804488476","3097.76227069193","2545.2427046951"
"A0A0J9YUR3","3","1","24.2636","0.606037910038477","0.902619209859431","1.18969025435393","0.0723382625286141","STZ_1_mes","Control_1_mes","8097.0205","Transducin (beta)-like 1X-linked receptor 1 (Fragment) OS=Mus musculus OX=10090 GN=Tbl1xr1 PE=1 SV=1","135618.622402482","181569.355370713","75426.123478111","191783.018820574","95379.9346823022","179926.216477731","93306.0696049653","158132.26692873","40378.2188203205","190143.879966767","62957.3509437465","124975.926187079"
"Q3U269","5","2","18.512","0.609226447930161","0.902619209859431","1.14317240546865","0.0719282407232872","Control_1_mes","STZ_1_mes","56868.7097","Thiosulfate sulfurtransferase/rhodanese-like domain-containing protein 2 OS=Mus musculus OX=10090 GN=Tstd2 PE=2 SV=3","1241.03948469889","3726.95727262948","1784.01279964355","2086.31274404498","274.367827552087","3545.6984878274","853.839351045534","3245.8792457798","955.043900979014","2068.48136199152","181.101734493798","2462.82593593691"
"REVERSE325","5","5","27.2024","0.609759478456061","0.902619209859431","1.11772267202992","0.0718602041927324","STZ_1_mes","Control_1_mes","129417.1736","Reversed Sequence 325","25861.5431655617","21596.5432566733","46937.1853121138","30101.7573324071","45234.5036394582","30171.4743780414","17792.8289194416","18808.8476495906","25127.1025468049","29844.4824166463","29857.8996712604","20956.9679652111"
"Q6IFZ9","14","5","102.2158","0.611229850585541","0.902619209859431","1.11103878338745","0.0716732729405033","STZ_1_mes","Control_1_mes","55374.0486","Keratin_ type II cytoskeletal 74 OS=Mus musculus OX=10090 GN=Krt74 PE=3 SV=1","22692.1460342367","20310.6539648741","36170.867770417","29353.1701495145","35809.127692565","22802.7176728986","15612.2730038716","17688.9417694578","19363.5195129526","29102.2932889334","23636.4999267352","15838.6632951051"
"A8R0U8","10","7","49.6451","0.612646761401634","0.902619209859431","1.08490359936877","0.071494173583537","Control_1_mes","STZ_1_mes","9992.8493","Exocrine gland secreted peptide 15 OS=Mus musculus OX=10090 GN=Esp15 PE=4 SV=1","92899.8720527724","63301.396231878","76445.5561019576","60101.4259305872","77042.767038826","77295.8960135802","63915.4252896298","55130.4115469434","40923.9564462267","59587.748635184","50853.5525663415","53689.3754777139"
"Q9Z0J0","6","5","30.0466","0.613905003091186","0.902619209859431","1.04573293165035","0.0713359778258952","STZ_1_mes","Control_1_mes","16784.2445","NPC intracellular cholesterol transporter 2 OS=Mus musculus OX=10090 GN=Npc2 PE=1 SV=1","5381.25878332998","5042.74182961962","2611.89240291558","1780.62568021059","10717.1223664765","1134.31457347397","3702.32419195057","4391.82149116504","1398.23655408545","1765.40695670489","7074.04168581937","787.88970936293"
"E9Q3M9","6","1","38.8594","0.614928488361889","0.902619209859431","1.28778016680876","0.0712078829566071","STZ_1_mes","Control_1_mes","126480.7566","Capping protein inhibiting regulator of actin like OS=Mus musculus OX=10090 GN=Cracdl PE=1 SV=1","229.766382819949","1188.34762008152","1244.30453943131","1947.48650507013","921.494974081304","559.628315408595","158.080046298176","1034.95494974458","666.119358326244","1930.84164872489","608.250390078113","388.715265667581"
"Q5S006","5","2","30.8789","0.619086358730927","0.902619209859431","2.88802617474978","0.0706928632386321","STZ_1_mes","Control_1_mes","288724.2476","Leucine-rich repeat serine/threonine-protein kinase 2 OS=Mus musculus OX=10090 GN=Lrrk2 PE=1 SV=2","3.14247114977482","42.4470892639572","52.2773015645306","244.54048652195","29.7145354498494","8.38703706204738","2.16203074945199","36.9679918515499","27.9858519113882","242.450438011649","19.6136476993592","5.82559754389355"
"P05213;P68369;P68373;A0A2R8VHF3;P05214;A0A0A0MQA5;P68368;Q9JJZ2","7","5","38.4504","0.619297068986888","0.902619209859431","1.07210578960715","0.0706669909758084","Control_1_mes","STZ_1_mes","50836.0402","Tubulin alpha-1B chain OS=Mus musculus OX=10090 GN=Tuba1b PE=1 SV=2","97958.0961316708","109025.6048366","105006.353762198","70876.9673885013","76202.7810934486","143927.032523115","67395.5005154534","94952.510080169","56213.5415982829","70271.1932600047","50299.1037703019","99971.0578316994"
"REVERSE6773","1","1","5.049","0.62358457339547","0.905203412993425","2.54126469032542","0.0701452670514401","Control_1_mes","STZ_1_mes","74424.1315","Reversed Sequence 6773","0","238.896415827208","490.848512094413","282.937485082442","0","4.2206888377153","0","208.059513780695","262.76822558339","280.519263553502","0","2.9316711425776"
"Q8K2C7;Q8K2C7-2","14","9","75.6116","0.626476648658524","0.905749371554492","1.20312336804668","0.0697983858198734","STZ_1_mes","Control_1_mes","76564.113","Protein OS-9 OS=Mus musculus OX=10090 GN=Os9 PE=1 SV=2","12678.6364130348","27473.653705515","18676.6225888546","28452.7640534","13477.5886562515","28848.0868854052","8722.94461257573","23927.3369253188","9998.2435652571","28209.58282002","8896.1402807977","20037.7490718539"
"Q9R0H5","17","5","117.2799","0.631713401094301","0.909667297575794","1.09332934952961","0.0691804672796269","STZ_1_mes","Control_1_mes","57895.84","Keratin_ type II cytoskeletal 71 OS=Mus musculus OX=10090 GN=Krt71 PE=1 SV=1","5100.34308687554","4835.85311673826","21041.8567900209","6419.23464845602","13579.6835445417","13870.2963362266","3509.05324536391","4211.6381055761","11264.4354326373","6364.3704744082","8963.52996535829","9634.24433105727"
"Q922U2","47","24","372.0145","0.63634941296477","0.912692385128754","1.02543211154801","0.0686442317847189","STZ_1_mes","Control_1_mes","61994.8946","Keratin_ type II cytoskeletal 5 OS=Mus musculus OX=10090 GN=Krt5 PE=1 SV=1","113350.849079529","111852.438086558","95750.5943890635","111306.052038599","109274.708785713","108535.655648316","77985.7664577107","97414.4538874417","51258.6127210867","110354.736975971","72128.8624616177","75388.3694911628"
"Q9WU78","5","5","24.4868","0.64464228710596","0.917455561997204","1.06552626274293","0.0677098064246036","STZ_1_mes","Control_1_mes","96594.6173","Programmed cell death 6-interacting protein OS=Mus musculus OX=10090 GN=Pdcd6ip PE=1 SV=3","2290.10968926113","2452.29027786655","2344.7005161926","2079.82942977419","2484.91563353112","2986.74662837059","1575.60318991482","2135.74708140904","1255.19947393847","2062.05345957307","1640.21611177355","2074.58053347633"
"Q8C3Y4;A0A0G2JFE7","14","10","84.3774","0.646997647619033","0.917455561997204","1.24334748821502","0.0674501108572333","Control_1_mes","STZ_1_mes","253267.0464","Kinetochore-associated protein 1 OS=Mus musculus OX=10090 GN=Kntc1 PE=1 SV=2","11300.4189654874","38828.5001524536","32207.320749541","42214.0190350518","12208.6726168884","11798.7312792197","7774.72636043924","33816.492535394","17241.6953818211","41853.2225516028","8058.567968818","8195.34472696167"
"REVERSE12630","4","3","21.5927","0.648543925474033","0.917455561997204","3.13915620716415","0.0672809761831105","STZ_1_mes","Control_1_mes","18754.2527","Reversed Sequence 12630","551.917164810641","4186.83009045974","5844.53152475054","29864.5409143525","1975.0594321779","1382.96492792081","379.720870804645","3646.3913863551","3128.78034726422","29609.2934494578","1303.67577017698","960.601107135169"
"A0A3B2WD20;A8R0U0","25","22","171.7372","0.653379207278289","0.917455561997204","1.05250821828383","0.0667589434526706","STZ_1_mes","Control_1_mes","17466.8196","Exocrine gland secreted peptide 6 OS=Mus musculus OX=10090 GN=Esp6 PE=1 SV=1","108578.533843322","118393.874112537","98566.7391666324","96385.9789848866","120841.041804074","125405.60693057","74702.3974799252","103111.517170204","52766.1926524798","95562.1834054452","79763.4418875177","87106.1604140412"
"A0A571BEG7;Q63ZW7;A2ADS6;A2ADS8","5","5","19.4663","0.655880816921786","0.917455561997204","2.21441643846425","0.066492903234875","STZ_1_mes","Control_1_mes","201927.1796","InaD-like protein OS=Mus musculus OX=10090 GN=Patj PE=1 SV=1","284.438537030658","1668.20664495886","820.761821203782","2708.69411820564","3234.16626139644","198.617678821028","195.694672784343","1452.87346498706","439.382257601356","2685.54334187762","2134.77332530551","137.958930353309"
"O88968","17","12","114.16","0.659535179811731","0.917455561997204","1.08800841775847","0.0661091673349131","Control_1_mes","STZ_1_mes","48042.063","Transcobalamin-2 OS=Mus musculus OX=10090 GN=Tcn2 PE=1 SV=1","36881.1057073995","39215.116150603","25499.1555170933","31127.05793464","27380.2273720631","34870.0964459158","25374.3251131838","34153.2038933952","13650.5819698048","30861.0199382672","18072.84298657","24220.6093412767"
"Q9JKR6;F6TRP3;A0A1L1SQ34;E0CYZ2","18","15","91.2976","0.663074056050834","0.917455561997204","1.09189381477851","0.0657430439814786","Control_1_mes","STZ_1_mes","111409.387","Hypoxia up-regulated protein 1 OS=Mus musculus OX=10090 GN=Hyou1 PE=1 SV=1","82258.2853513256","64426.9438862601","100240.069489065","53794.7796765375","78226.3169343994","94122.9618905213","56593.977748851","56110.6727906998","53661.984386195","53335.0042801439","51634.777321666","65377.3783944093"
"Q61171","5","3","32.7969","0.664217148510297","0.917455561997204","1.19040575328146","0.0656259258851523","Control_1_mes","STZ_1_mes","21949.7644","Peroxiredoxin-2 OS=Mus musculus OX=10090 GN=Prdx2 PE=1 SV=3","587.704748010714","1587.80665693727","1271.82796301611","1625.81051729894","781.37646601298","488.749430353081","404.342848744736","1382.85155880725","680.853601171353","1611.91497428256","515.762487716313","339.483116621548"
"P62962;Q5SX49;J3QMC2","4","3","23.6583","0.664765418238219","0.917455561997204","1.02535214123745","0.0655699487403993","STZ_1_mes","Control_1_mes","15128.3395","Profilin-1 OS=Mus musculus OX=10090 GN=Pfn1 PE=1 SV=2","367.154887641711","1038.28721405867","1906.28192742301","1089.6381280056","1270.95034949242","1035.09484695117","252.603800976773","904.264436842822","1020.49880398595","1080.32516482884","838.915097306298","718.972141590086"
"S4R1X8;S4R2V3","6","5","24.1703","0.665155282447973","0.917455561997204","1.05968023878091","0.0655302220102466","Control_1_mes","STZ_1_mes","9066.3649","Secretoglobin_ family 2B_ member 17 OS=Mus musculus OX=10090 GN=Scgb2b17 PE=3 SV=1","73232.092137275","74811.6245375721","65542.3185767037","45127.518057541","75278.6735323272","81150.8700924999","50383.9263755326","65154.8922261331","35087.0753983442","44741.8203629334","49689.1288921572","56367.0228232289"
"P20060","32","29","210.3245","0.677922384088364","0.931496405617599","1.0869052815935","0.0642643998076892","STZ_1_mes","Control_1_mes","61514.9503","Beta-hexosaminidase subunit beta OS=Mus musculus OX=10090 GN=Hexb PE=1 SV=2","13724.9628884069","14512.6276567352","9626.65803402343","17301.8363076056","11156.9858467407","12696.0296099177","9442.82075650859","12639.3284030037","5153.48378892889","17153.9602740109","7364.38199257861","8818.6040392531"
"P70227","5","3","23.834","0.682292510076961","0.9339365156947","2.04881214991695","0.0638465064049345","Control_1_mes","STZ_1_mes","307126.8071","Inositol 1_4_5-trisphosphate-gated calcium channel ITPR3 OS=Mus musculus OX=10090 GN=Itpr3 PE=1 SV=3","1.88373383865594","93.0392316152211","20.5910216052711","40.9079189522762","15.1411402313247","0.331896514963607","1.2960152341412","81.0296681319559","11.0230877283899","40.5582854977846","9.99419932931514","0.230533799731037"
"F6TZH1","8","7","51.0576","0.685991118321666","0.935442434074999","1.35409393566492","0.0634988361536298","Control_1_mes","STZ_1_mes","18544.9769","Predicted gene 1330 OS=Mus musculus OX=10090 GN=Gm1330 PE=4 SV=1","42730.245065772","20261.7031614846","11523.2873993491","16974.1407774401","15805.137208958","22250.3131401696","29398.5527187539","17646.3095670569","6168.81524178275","16829.0655052424","10432.4832397172","15454.9656358133"
"E9Q0P8;P04627","3","3","14.1235","0.69177955212753","0.935806991960598","1.11918063014829","0.0629656333295128","Control_1_mes","STZ_1_mes","46768.0905","non-specific serine/threonine protein kinase OS=Mus musculus OX=10090 GN=Araf PE=1 SV=1","12600.4816839006","23742.9361712778","14702.549585524","16288.1730098586","8640.82189432518","20681.1292041464","8669.17389534405","20678.1827949029","7870.78451079598","16148.9605946918","5703.53983000136","14365.0176582395"
"E9Q1Z0;Q9DCV7","20","4","148.9558","0.693109733396825","0.935806991960598","1.25518311643834","0.0628449656670141","STZ_1_mes","Control_1_mes","58623.5718","Keratin 90 OS=Mus musculus OX=10090 GN=Krt90 PE=1 SV=1","8876.84321253952","9409.11408709509","19388.0647003299","7938.25992469192","25792.0660760627","13557.4703419274","6107.29806857571","8194.57962686244","10379.1031922732","7870.41288404046","17024.5467343173","9416.95682766683"
"Q99KW3;Q99KW3-2;Q99KW3-4;Q99KW3-5;A0A2R8VI64","58","38","338.328","0.697174641892906","0.935806991960598","1.02532937858267","0.0624804847082474","STZ_1_mes","Control_1_mes","225306.726","TRIO and F-actin-binding protein OS=Mus musculus OX=10090 GN=Triobp PE=1 SV=3","63858.1413100965","75611.9448257049","63034.3999479833","70603.840391272","65140.1255751689","71889.8329100501","43934.6165915229","65851.9066599459","33744.4996102166","70000.4006356303","42996.9863159969","49934.3487972462"
"Q61753;F6ZSB7","9","5","52.2163","0.702860314684763","0.935806991960598","1.00895011356393","0.061981356822509","Control_1_mes","STZ_1_mes","57384.0209","D-3-phosphoglycerate dehydrogenase OS=Mus musculus OX=10090 GN=Phgdh PE=1 SV=3","7633.92670715126","19757.1245042025","4664.07882228967","10665.3915360736","11002.7850313811","10102.6013954067","5252.16732096538","17206.8622453601","2496.84309092576","10574.2361367825","7262.59879382986","7017.22067526548"
"A0A5H1ZRK8;P01837","3","2","16.2488","0.706323113497736","0.935806991960598","2.0292523163262","0.0616833974165826","Control_1_mes","STZ_1_mes","11948.9751","Immunoglobulin kappa constant (Fragment) OS=Mus musculus OX=10090 GN=Igkc PE=1 SV=1","11.3517515256556","335.054803589705","2340.36516713892","449.026752038899","205.769463413667","669.224312028444","7.81004333496099","291.805715390817","1252.8786112893","445.188992052682","135.822071642123","464.840143142881"
"Q99M73","7","1","57.7342","0.71215528772771","0.935806991960598","198.895315445288","0.0611917420230226","Control_1_mes","STZ_1_mes","65838.4797","Keratin_ type II cuticular Hb4 OS=Mus musculus OX=10090 GN=Krt84 PE=2 SV=2","0","2531.39867491065","0","4.3723151585575","8.35497642819177","0","0","2204.64411600027","0","4.33494567870702","5.51486206054197","0"
"Q9JI91","11","1","81.6689","0.71235066353298","0.935806991960598","1.07080664527699","0.0611754910018872","Control_1_mes","STZ_1_mes","104404.1584","Alpha-actinin-2 OS=Mus musculus OX=10090 GN=Actn2 PE=1 SV=2","6919.80384914053","5057.53027019873","4570.16666161932","5106.51352749754","4449.27534397453","5897.51528380623","4760.84838617854","4404.70103038212","2446.56865551033","5062.86897136381","2936.82932588481","4096.38711481136"
"A0A1B0GT69","3","2","10.4617","0.714830114419951","0.935806991960598","1.13710386976069","0.0609704801782925","Control_1_mes","STZ_1_mes","13981.7834","Collagen_ type IV_ alpha 1 (Fragment) OS=Mus musculus OX=10090 GN=Col4a1 PE=4 SV=1","18204.422796606","44995.9347064916","24003.2538307767","43236.1471538051","17999.8886684065","15453.1863789465","12524.7042809311","39187.830695258","12849.7739362154","42866.6147044541","11881.1709362127","10733.7125075901"
"REVERSE54119","1","1","5.6134","0.715071728647572","0.935806991960598","1.05185871346242","0.0609506237432823","Control_1_mes","STZ_1_mes","18887.0901","Reversed Sequence 54119","15533.8193081651","29403.2555896716","20167.5906553938","20227.8908074686","7673.2896106881","33993.696450738","10687.320073914","25607.8645649561","10796.4104611377","20055.006253054","5064.90163284556","23611.8659171562"
"M0QW55","1","1","13.6948","0.715116263815503","0.935806991960598","1.16804784337384","0.0609469660800237","STZ_1_mes","Control_1_mes","4939.6321","RAB29_ member RAS oncogene family OS=Mus musculus OX=10090 GN=Rab29 PE=1 SV=1","139937.965031353","84126.9550068036","236026.364861184","94160.8994196284","251520.483976918","191727.24968523","96277.7919011929","73267.7938844679","126353.095827541","93356.1212401145","166020.908192276","133172.869822884"
"P10078;P10078-2;A0A140LIA3;A0A140LJ19","6","5","31.1472","0.715701785723331","0.935806991960598","1.06706576814404","0.0608989450842148","STZ_1_mes","Control_1_mes","95761.5109","Zinc finger protein 28 OS=Mus musculus OX=10090 GN=Zfp28 PE=2 SV=3","11840.1955610964","14125.9456257841","17621.160432273","12079.3358960609","16813.7244430957","17617.4571444116","8146.09447868749","12302.559535757","9433.21808138231","11976.0957399867","11098.2205425209","12237.0050723348"
"P01592","3","3","17.0145","0.717452027169792","0.935806991960598","1.08323377478382","0.0607561504090118","STZ_1_mes","Control_1_mes","18469.784","Immunoglobulin J chain OS=Mus musculus OX=10090 GN=Jchain PE=1 SV=4","1004.99139300834","2247.56780232921","6946.02343575493","1822.39214985313","3000.50999959694","6224.54701147289","691.437467858476","1957.4503138632","3718.44715447135","1806.81645499721","1980.54403878614","4323.54185555899"
"F6W8R9","11","1","57.6259","0.720423184609954","0.93629005942088","1.06528763663091","0.0605163069706032","Control_1_mes","STZ_1_mes","190766.2213","Spectrin repeat containing_ nuclear envelope 2 (Fragment) OS=Mus musculus OX=10090 GN=Syne2 PE=1 SV=1","52865.8373885299","70734.7587392682","78612.4978815622","54648.0899876749","77330.0069582419","57842.0859380989","36371.8744204607","61604.2708708182","42083.9955058127","54181.021484238","51043.1507713724","40176.8480670587"
"P16858;A0A0A0MQF6;S4R1W1;S4R257;A0A1D5RLD8","8","4","41.8162","0.723569691910112","0.936996723336835","1.01045336928828","0.0602657985624753","STZ_1_mes","Control_1_mes","36095.2251","Glyceraldehyde-3-phosphate dehydrogenase OS=Mus musculus OX=10090 GN=Gapdh PE=1 SV=2","1305.45399956535","1114.32241605581","1527.75776754778","670.689128928935","2490.34529909285","827.764787741943","898.156754520279","970.484966367989","817.86169828005","664.956855984156","1643.80006642204","574.961631708094"
"Q01853","6","4","42.7051","0.741726252550915","0.94763740070672","1.04937040993189","0.0588889877865283","Control_1_mes","STZ_1_mes","90006.2895","Transitional endoplasmic reticulum ATPase OS=Mus musculus OX=10090 GN=Vcp PE=1 SV=4","88067.2370567144","64436.4004375887","75290.3123590813","51269.7636508572","91322.2954140132","74484.7211620181","60590.5561136299","56118.9086843388","40305.5144199146","50831.5691634493","60279.0285034168","51736.7462965668"
"Q8BVM7;A0A087WNN1","5","4","28.7866","0.743928482033357","0.94763740070672","1.07210772885234","0.0587298067427406","STZ_1_mes","Control_1_mes","45485.8919","Flagellum-associated coiled-coil domain-containing protein 1 OS=Mus musculus OX=10090 GN=Flacc1 PE=1 SV=1","4020.39658079123","3706.50209303203","4353.83071555072","3423.1568597607","4012.91566550399","5515.77082325675","2766.04640691296","3228.0644338388","2330.75652350286","3393.89968440693","2648.80177054337","3831.22916030136"
"REVERSE2193","3","1","25.1764","0.745390394098933","0.94763740070672","1.14819469687163","0.0586250545215679","STZ_1_mes","Control_1_mes","40797.2997","Reversed Sequence 2193","25075.5956314493","21634.6159916723","60522.0396555582","21812.9356053177","63646.2169360521","37664.3497104159","17252.0943652584","18842.0059316216","32399.5460455214","21626.5039259847","42010.9033334068","26161.4848655246"
"P01756;P01757;P06330;A0A075B5V1;A0A075B5V6","2","2","11.5697","0.747861766987282","0.94763740070672","1.61490225459172","0.0584496269074893","Control_1_mes","STZ_1_mes","13097.4831","Ig heavy chain V region MOPC 104E OS=Mus musculus OX=10090 PE=1 SV=1","3.19154212192237","804.847839298299","1462.18638823918","835.937729519758","79.5892057518109","490.270699355769","2.19579174378796","700.957565780172","782.759065664425","828.79310315896","52.5343781639279","340.539783105802"
"P01878;A0A075B6A3;A0A0A6YXW6","6","5","37.3453","0.748872073897284","0.94763740070672","1.0053596905328","0.0583785086466515","STZ_1_mes","Control_1_mes","37617.2704","Ig alpha chain C region OS=Mus musculus OX=10090 PE=1 SV=1","4161.64345360627","13945.4750526669","33216.3400980911","8858.51535934966","16945.7981648537","25794.2229353533","2863.2247317838","12145.3842195662","17781.8584204468","8782.80304236846","11185.3983297448","17916.5491540292"
"A0A0U1RNJ1;P19096","11","10","57.9407","0.749323841325558","0.94763740070672","1.04842444872979","0.0583468193110819","Control_1_mes","STZ_1_mes","274965.8558","Fatty acid synthase OS=Mus musculus OX=10090 GN=Fasn PE=1 SV=1","1608.85604210308","2590.70191099468","2203.5629168274","1541.35030665526","1372.55504351813","3193.46927055658","1106.89838305046","2256.29245246669","1179.6436239471","1528.17663157963","905.981219762925","2218.16913427499"
"P47739","31","21","183.3823","0.750212942226153","0.94763740070672","1.0637319841215","0.0582846545487958","STZ_1_mes","Control_1_mes","50880.1354","Aldehyde dehydrogenase_ dimeric NADP-preferring OS=Mus musculus OX=10090 GN=Aldh3a1 PE=1 SV=2","28998.3559522959","30059.3883261915","53998.7577696768","29773.7335916791","48367.0364544642","42121.047195387","19950.9666960381","26179.3032684763","28907.4070985796","29519.2622424786","31925.5878955608","29257.0865339386"
"REVERSE27225","1","1","6.101","0.758853712854348","0.951610523374009","1.56777550136882","0.0576943118006612","STZ_1_mes","Control_1_mes","28887.3335","Reversed Sequence 27225","0","958.013064659598","104.80985385186","1581.53845575358","6.0878503310981","78.6414278508953","0","834.352125955708","56.1083483838906","1568.02129898153","4.01840209960915","54.6239757314988"
"Q8VFX0","2","1","11.5306","0.762752251883575","0.951610523374009","1.09709530882761","0.0574360775602303","Control_1_mes","STZ_1_mes","35085.2119","Olfactory receptor OS=Mus musculus OX=10090 GN=Or5b101 PE=3 SV=1","614.780085176857","1041.56120021229","132.06964536135","264.932036277285","98.6502023886745","1266.55045478402","422.970772030262","907.115814771152","70.701459839313","262.667704445662","65.115953718595","879.74014708907"
"P04104","42","31","242.6179","0.762791773832505","0.951610523374009","1.11778850663348","0.0574334852643028","Control_1_mes","STZ_1_mes","66119.2737","Keratin_ type II cytoskeletal 1 OS=Mus musculus OX=10090 GN=Krt1 PE=1 SV=4","77507.2395398469","66093.7616709535","132977.414043765","65255.4961146218","97530.1563786644","84647.9305264164","53325.2422070121","57562.3366703922","71187.4198861316","64697.7678039313","64376.6459180578","58796.0649896049"
"O35176","36","31","125.3503","0.763931781264135","0.951610523374009","1.06279673910874","0.0573589310461902","Control_1_mes","STZ_1_mes","10516.0204","ABPA2 OS=Mus musculus OX=10090 GN=Scgb1b2 PE=1 SV=1","277353.685358382","175545.600445112","225666.140894317","168328.068861317","242550.119378838","227593.31033337","190820.270939201","152886.062139031","120806.908763014","166889.395721465","160099.847394994","158085.27133908"
"A2RTS9;J3QMJ1;Q6XQH0;Q3ULK5;A0A087WRM6","4","3","22.9852","0.771379081264389","0.955642042403926","1.13015807891548","0.056882306988112","Control_1_mes","STZ_1_mes","47340.332","Galactose-3-O-sulfotransferase 2 OS=Mus musculus OX=10090 GN=Gal3st2 PE=2 SV=1","343.995398113817","2218.48531963495","793.112923500477","2247.88501595466","284.52510216617","436.726415831425","236.669994073086","1932.12181662329","424.580844110595","2228.67270147969","187.806237958188","303.348168918179"
"REVERSE6695","4","4","27.959","0.77247731760984","0.955642042403926","1.11500859239116","0.0568135381437338","STZ_1_mes","Control_1_mes","50066.409","Reversed Sequence 6695","18804.1824311077","19978.2546962591","19939.3275242727","30024.0088278156","14474.0042395001","20977.2590796339","12937.3409322383","17399.4488108899","10674.2132934721","29767.3984161152","9553.84345253245","14570.7081139453"
"REVERSE11897","12","8","77.5023","0.782383674532762","0.961276408599903","1.03405627726296","0.056210631669447","STZ_1_mes","Control_1_mes","195527.5509","Reversed Sequence 11897","130331.92116623","111444.502425965","88628.9934838965","105812.469517842","104118.738576326","131726.587475049","89668.8013243123","97059.1748226516","47446.1728602038","104908.107228258","68725.5656674952","91496.6845601128"
"Q9CQN1","14","10","76.9464","0.783944057035525","0.961276408599903","1.07447718693436","0.0561184981434749","STZ_1_mes","Control_1_mes","80551.2683","Heat shock protein 75 kDa_ mitochondrial OS=Mus musculus OX=10090 GN=Trap1 PE=1 SV=1","18761.3725664822","24276.1306587967","64573.2630229855","22400.7492475181","60094.6986507862","33129.8655039819","12907.8876009939","21142.5521971796","34568.3063645831","22209.2936187987","39666.6557323429","23011.8528965229"
"E9Q704;F8VQA4;P97467;F6T0D3;F6TGI4;F7D4K4","15","13","88.2678","0.786414723182822","0.961276408599903","1.14516571620445","0.0559741782483703","STZ_1_mes","Control_1_mes","98032.1423","Peptidylglycine alpha-amidating monooxygenase OS=Mus musculus OX=10090 GN=Pam PE=1 SV=1","20789.3656520702","18771.3203532387","14762.6051032935","11867.4170739917","21425.7762323745","28915.9772625993","14303.1536835581","16348.3063242831","7902.93431150221","11765.9881542681","14142.4935757906","20084.905417022"
"Q91XA9;D3Z1S6","9","7","62.6481","0.790980501821596","0.961276408599903","1.08466998683485","0.0557124852898135","STZ_1_mes","Control_1_mes","52687.6861","Acidic mammalian chitinase OS=Mus musculus OX=10090 GN=Chia PE=1 SV=2","4411.22908538049","4700.09205166469","2603.18442174298","3575.96242009019","5941.05973430924","3189.3504358281","3034.9404882056","4093.40116555443","1393.57486986974","3545.39923999964","3921.51015741963","2215.30821053036"
"Q9JI02;J3QK77;D3YYY1;A0A087WR49;J3QM75;S4R2L0;A0A087WQA9","22","14","71.3588","0.793315067557324","0.961276408599903","1.06932059486925","0.055581173547201","STZ_1_mes","Control_1_mes","12760.6937","Secretoglobin family 2B member 20 OS=Mus musculus OX=10090 GN=Scgb2b20 PE=2 SV=1","241473.911454485","210796.76176812","259395.185196677","180881.275863121","286854.301748839","293263.381461081","166134.865483953","183586.981027554","138863.235518773","179335.312466483","189343.670711026","203699.402079015"
"A0A087WPA9","3","1","41.0248","0.794710989531256","0.961276408599903","1.03302858582748","0.055503460234037","STZ_1_mes","Control_1_mes","12795.5744","ABPBG18 OS=Mus musculus OX=10090 GN=Scgb2b18 PE=3 SV=1","5331.59939825644","4766.60339519885","5829.4515082816","4594.67711542107","5832.03744049096","6027.00764296014","3668.15836753701","4151.32718235422","3120.70749164447","4555.40714341364","3849.54790628712","4186.33191460885"
"P02816;A0A0N4SV85","59","51","196.1529","0.796128657153727","0.961276408599903","1.01846563843825","0.0554251491869451","STZ_1_mes","Control_1_mes","17108.5903","Prolactin-inducible protein homolog OS=Mus musculus OX=10090 GN=Pip PE=2 SV=3","347411.812754152","476319.758573636","452198.356735075","440997.455203311","420030.465204594","438462.868379104","239020.498867955","414836.099695398","242077.457470515","437228.320335693","277249.145672328","304554.300907583"
"P10126;P62631;D3YZ68;D3Z3I8","15","8","93.6698","0.798393461587141","0.961276408599903","1.07925680214918","0.0553013202344186","STZ_1_mes","Control_1_mes","50456.0942","Elongation factor 1-alpha 1 OS=Mus musculus OX=10090 GN=Eef1a1 PE=1 SV=3","5927.08302385294","4405.34748758411","6360.4140039866","4271.78384648167","7896.82610737133","5847.25603663658","4077.85311029608","3836.70241819245","3404.95012335259","4235.27359171098","5212.45117476229","4061.47727183542"
"P97861;Q9ERE2;Q6IMF0;E9Q1Y9","7","3","41.4494","0.806202440023827","0.964168149376821","2.21976889764633","0.0548863249400302","STZ_1_mes","Control_1_mes","55133.2466","Keratin_ type II cuticular Hb6 OS=Mus musculus OX=10090 GN=Krt86 PE=2 SV=2","683.462671840197","7115.7534077161","1167.02795290813","19308.9306034105","348.491882432001","245.567146128996","470.224623295907","6197.24740978774","624.750522484827","19143.9002551964","230.028735251266","170.569815390896"
"P02535;P02535-2;A2A513;P02535-3;A6BLY7;B1AQ75;B1ATJ5;Q62168;Q8VCW2;Q9Z320","50","29","249.7874","0.806382576742766","0.964168149376821","1.09444749472755","0.0548769693614396","Control_1_mes","STZ_1_mes","57941.0077","Keratin_ type I cytoskeletal 10 OS=Mus musculus OX=10090 GN=Krt10 PE=1 SV=3","98294.9359800383","71435.8062329585","162526.264816218","72684.5959948022","150209.585974593","80690.0544876723","67627.247467168","62214.8267059458","87005.944123631","72063.3723531002","99148.711422551","56046.9424139245"
"E9Q9C6;E9Q0B5","20","20","122.4316","0.809005653385468","0.964168149376821","1.0486488277392","0.0547418414478895","STZ_1_mes","Control_1_mes","287673.2067","Mucin-2 OS=Mus musculus OX=10090 GN=Fcgbp PE=1 SV=1","64156.066866619","57012.0097110826","90353.4015478978","67437.6631891992","93819.8387254875","60554.2481633852","44139.5903792044","49652.8630581371","48369.3082797773","66861.2842447904","61927.5797556423","42060.7035313163"
"P10639","6","5","42.1496","0.811508192392158","0.964168149376821","1.05777013825644","0.0546148431623189","Control_1_mes","STZ_1_mes","12017.6294","Thioredoxin OS=Mus musculus OX=10090 GN=Txn PE=1 SV=3","9088.67661670577","6205.7136600684","11829.0682446824","6034.34531665287","12564.1282817876","7043.63666775118","6253.04016507875","5404.67617442171","6332.51032930125","5982.77073029668","8293.19328193593","4892.47778067086"
"P11679","28","12","214.1394","0.814596226163453","0.964653425719878","1.03130342977709","0.0544607042150896","Control_1_mes","STZ_1_mes","54565.4475","Keratin_ type II cytoskeletal 8 OS=Mus musculus OX=10090 GN=Krt8 PE=1 SV=4","22404.5884338838","18611.9654034792","25298.7390251443","17100.1775659138","26175.6254167068","21026.6039984563","15414.4324050021","16209.5210132909","13543.2920734937","16954.0250774001","17277.7224163631","14604.9828686374"
"P05784;Q9R0N5","21","14","131.1086","0.820323315259266","0.968054303665356","1.06400965817418","0.0541823093248609","Control_1_mes","STZ_1_mes","47538.1754","Keratin_ type I cytoskeletal 18 OS=Mus musculus OX=10090 GN=Krt18 PE=1 SV=5","39663.0470748333","39043.1309549749","64535.5860097385","33960.2334236425","54505.8679014224","46158.3947395171","27288.31015645","34003.4186567438","34548.1365531805","33669.9807285323","35977.6410561965","32061.409653406"
"REVERSE22921","3","1","21.2769","0.822846158115552","0.968054303665356","1.02538317503362","0.0540627343734091","STZ_1_mes","Control_1_mes","59144.592","Reversed Sequence 22921","344.122168862088","4985.6844455163","3431.48794985112","1632.14461089657","6174.01432309164","1177.5251036862","236.757212775448","4342.12911067022","1836.99446463786","1618.19493139312","4075.27629123782","817.903545812252"
"P20152;A0A0A6YWC8","5","3","27.8255","0.84637262072072","0.986123509294807","1.07050270666466","0.053036257103468","STZ_1_mes","Control_1_mes","53744.7779","Vimentin OS=Mus musculus OX=10090 GN=Vim PE=1 SV=3","36622.0625061221","28139.5675070683","50909.2056348307","27843.3750130225","56835.9619627498","39146.6056675977","25196.1025170469","24507.2941477462","27253.4627301698","27605.4021305138","37515.6642267885","27191.0530669881"
"P68510","8","2","54.6611","0.848652169272537","0.986123509294807","1.11402876331319","0.052945181063068","STZ_1_mes","Control_1_mes","28382.8718","14-3-3 protein eta OS=Mus musculus OX=10090 GN=Ywhah PE=1 SV=2","60345.0482547182","47288.88165705","104603.830107605","42806.4100141964","120810.736733364","72821.8225751829","41517.5967210435","41184.8025878927","55998.0567310243","42440.5504595927","79743.4384457203","50581.7045516044"
"A0A1C7CYU3;A0A1B0GR92;A0A1B0GS16","13","1","71.3231","0.849789016119054","0.986123509294807","1.01274016801127","0.052900306161022","Control_1_mes","STZ_1_mes","52997.2591","Nucleobindin-1 OS=Mus musculus OX=10090 GN=Nucb1 PE=1 SV=1","92382.7332589596","85844.8623228376","78068.2209374943","60749.8365429388","94806.1562851735","97515.6484622529","63559.6320553664","74763.9526261413","41792.6251883018","60230.6173855164","62578.6175337029","67733.9229539794"
"A0A140LIJ4;A0A571BGC3","11","9","49.114","0.851890292380914","0.986123509294807","1.01606371154713","0.0528183165522585","STZ_1_mes","Control_1_mes","521619.9729","Dynein_ axonemal_ heavy chain 14 OS=Mus musculus OX=10090 GN=Dnah14 PE=1 SV=1","22477.4328933443","16677.1163697652","11491.3859270922","15444.7185657983","15401.1752884784","20613.603029855","15464.5496387887","14524.4235295147","6151.73727770241","15312.7150211518","10165.8404444557","14318.1142867402"
"P28738","8","5","45.7161","0.851901142751902","0.986123509294807","1.01604880009846","0.0528178963922316","Control_1_mes","STZ_1_mes","109844.9859","Kinesin heavy chain isoform 5C OS=Mus musculus OX=10090 GN=Kif5c PE=1 SV=3","18959.9592398312","15518.1474167458","18763.0994829175","12988.9451956072","20776.8913590456","18634.4085264252","13044.5159020183","13515.0550297104","10044.5376446869","12877.930754021","13714.1846989988","12943.3748462478"
"Q8BGZ7","26","11","211.1681","0.854873919720375","0.98639298429274","1.05633856903633","0.0527040203369578","STZ_1_mes","Control_1_mes","59968.7134","Keratin_ type II cytoskeletal 75 OS=Mus musculus OX=10090 GN=Krt75 PE=1 SV=1","16932.6237266048","11148.1490218671","13571.1081158674","10649.4949145931","19181.721099725","14167.2722155898","11649.7022314566","9709.13882074345","7265.0846665313","10558.4753811888","12661.2620463928","9840.52241718172"
"Q9D3H2","69","58","212.2351","0.858021638582687","0.986861948529608","1.02310299614523","0.0525861272369461","Control_1_mes","STZ_1_mes","18754.2527","Odorant-binding protein 1a OS=Mus musculus OX=10090 GN=Obp1a PE=1 SV=2","517227.039306508","434010.205855283","387550.566682575","379851.847924316","429580.294599875","499124.099504758","355853.947460684","377987.891084239","207469.25420328","376605.314803437","283552.693296828","346689.314314678"
"P62806","7","7","54.1385","0.866328442136316","0.989707228915462","1.05632315527967","0.052288181755706","STZ_1_mes","Control_1_mes","11367.3627","Histone H4 OS=Mus musculus OX=10090 GN=H4c1 PE=1 SV=2","7190.53458436536","10089.981194388","11728.279232887","6800.58888711494","11907.708768658","11934.3642217842","4947.11204508907","8787.55997276723","6278.55447706738","6742.46533925242","7859.91102197128","8289.55474788199"
"A0A0A0MQ97;G3X9C2","6","3","37.2373","0.868555100107954","0.989707228915462","1.05378497045147","0.0522115459259377","Control_1_mes","STZ_1_mes","33198.6553","F-box only protein 50 OS=Mus musculus OX=10090 GN=Nccrp1 PE=1 SV=1","635.198869317828","734.568276263401","1906.44191403101","827.972710308305","1157.62558774995","1123.39371784478","437.018964384347","639.749733661263","1020.58445036373","820.896159695512","764.112919894436","780.304133043188"
"Q9D541;D3YVX2;G3X9U4","12","6","71.4016","0.868743012048016","0.989707228915462","1.04297292903472","0.0522051405623432","Control_1_mes","STZ_1_mes","185281.7329","Coiled-coil domain-containing protein 7A OS=Mus musculus OX=10090 GN=Ccdc7a PE=2 SV=2","18833.0633609083","11360.8158041267","9703.25643467491","7475.51628710025","14043.3526373577","16734.4111838141","12957.2111093459","9894.35443882217","5194.4895683614","7411.62424246664","9269.5836221931","11623.6453910619"
"A0A2I3BR96;A6H603;A6H603-2;A6H603-3;E0CX99","4","1","21.6347","0.875023202033332","0.991258897118111","1.01568486384971","0.0519966138311501","Control_1_mes","STZ_1_mes","175578.3999","NACHT domain- and WD repeat-containing protein 1 OS=Mus musculus OX=10090 GN=Nwd1 PE=1 SV=1","1905.04911819943","2245.03040502081","1486.92751959894","2344.45403091128","1207.53871647148","1997.9639797988","1310.68021835577","1955.24044542116","796.003851023128","2324.41635647763","797.059035574726","1387.77663284373"
"Q60997;A0A140LI59;A0A1D5RM72;E9QPG8;Q60997-2;Q60997-3;Q60997-4;A0A140LHB2","14","11","80.1533","0.882706101031956","0.991258897118111","1.27270695233928","0.0517560782401204","Control_1_mes","STZ_1_mes","232233.1624","Scavenger receptor cysteine-rich domain-containing protein DMBT1 OS=Mus musculus OX=10090 GN=Dmbt1 PE=1 SV=2","2342.41028506829","10082.3942887364","4234.99720625813","4213.06230461342","3870.54071636702","5006.45023082393","1611.58617622094","8780.9523897463","2267.14082618023","4177.05393348928","2554.82446107812","3477.45740868271"
"Q8VED5","17","7","136.8788","0.886753515202916","0.991258897118111","1.0866118268768","0.0516357649475607","Control_1_mes","STZ_1_mes","57837.5262","Keratin_ type II cytoskeletal 79 OS=Mus musculus OX=10090 GN=Krt79 PE=1 SV=2","21862.530115923","57810.8387106654","88509.0621604686","92745.4633075872","36409.0849266954","25622.3710179739","15041.4944540805","50348.5786998793","47381.9694649148","91952.7826346232","24032.5131790634","17797.1815990283"
"A2AAN0;O35250;O35250-2;A2AAN3;A2AAN4","7","7","40.0101","0.894777783784089","0.991258897118111","1.01465641409217","0.0514102069686136","STZ_1_mes","Control_1_mes","78733.7579","Exocyst complex component 7 OS=Mus musculus OX=10090 GN=Exoc7 PE=1 SV=1","24347.3693241385","17933.4560744381","16997.3931086046","16780.1412563354","22408.4956896778","20958.3876782553","16751.0722097874","15618.5941021142","9099.29380784651","16636.7240670828","14791.1563575252","14557.600124949"
"Q921L8","1","1","4.9434","0.898528095501524","0.991258897118111","1.16646732254173","0.0513106690098131","Control_1_mes","STZ_1_mes","70056.9367","Polypeptide N-acetylgalactosaminyltransferase 11 OS=Mus musculus OX=10090 GN=Galnt11 PE=1 SV=1","547.883787557632","1355.55439996846","1804.5993015533","846.342153276639","1134.0221736247","1198.49668139471","376.945893651467","1180.57857161288","966.064569157698","839.108601966509","748.533034759225","832.470307671828"
"P08071;A0A0G2JDN0;A0A0G2JFM6;A0A0G2JGN1","25","15","144.8557","0.898565047385554","0.991258897118111","1.05721356650394","0.0513097068275","Control_1_mes","STZ_1_mes","79719.739","Lactotransferrin OS=Mus musculus OX=10090 GN=Ltf PE=1 SV=4","8896.58840580694","16965.9670714336","4156.82674264108","7930.98863147171","7124.23468481772","13339.590343879","6120.88282813701","14775.9891979917","2225.29346694095","7863.20373740292","4702.48742307961","9265.61837856926"
"Q9CPN9","9","6","36.0488","0.899287762938795","0.991258897118111","1.02066196865234","0.0512909609247755","Control_1_mes","STZ_1_mes","27106.3718","trypsin OS=Mus musculus OX=10090 GN=Prss3b PE=1 SV=1","105882.155448783","70850.6900202103","125881.251771914","61961.7059324773","128369.832288035","106156.5318116","72847.280050583","61705.2376679184","67388.5982075862","61432.1291207936","84732.9641068341","73735.8409668154"
"O88990","29","12","186.0878","0.899575353333181","0.991258897118111","1.04253940429361","0.0512835398422646","STZ_1_mes","Control_1_mes","103670.2402","Alpha-actinin-3 OS=Mus musculus OX=10090 GN=Actn3 PE=1 SV=1","48351.0038971249","38427.0876293432","56922.5792743741","35246.6740955946","62239.604894728","52327.3327429796","33265.6537514904","33466.894597331","30472.6301150122","34945.4263973737","41082.4421405751","36346.3257466025"
"P50446;A2AKJ2;E9Q0F0","42","14","242.2377","0.902192319407834","0.991258897118111","1.12459070143657","0.0512170162730444","Control_1_mes","STZ_1_mes","59677.3792","Keratin_ type II cytoskeletal 6A OS=Mus musculus OX=10090 GN=Krt6a PE=1 SV=3","2829.91089008887","5076.56637507525","10768.9464807257","8383.96964491101","5434.53619637654","2787.91258457491","1946.98823663651","4421.27994267418","5764.99039605625","8312.31319441491","3587.16960408295","1936.47131700224"
"A2ALR9;Q3V0C5;Q3V0C5-2;Q3V0C5-5","3","2","13.917","0.906746132297276","0.991258897118111","1.16725430761765","0.0511055677397059","Control_1_mes","STZ_1_mes","120766.7659","Ubiquitin carboxyl-terminal hydrolase 48 OS=Mus musculus OX=10090 GN=Usp48 PE=1 SV=1","45.4369993632782","467.441689701266","249.967542162566","474.058080801311","84.2042435712612","95.2766912889471","31.2608088043314","407.104017627525","133.81629135888","470.006382043094","55.5806221835488","66.1787535522945"
"A0A1D5RLF0","3","2","16.0697","0.910768800847859","0.991258897118111","19.3249814240397","0.0510116566786731","STZ_1_mes","Control_1_mes","54724.9729","F-box and WD-40 domain protein 27 OS=Mus musculus OX=10090 GN=Fbxw27 PE=4 SV=1","16.5981548833596","0","5.18403238799177","420.94036439382","0","0","11.4195865392628","0","2.7751922607385","417.342654280293","0","0"
"Q6KCD5;Q6KCD5-3","5","4","20.9353","0.91428985010936","0.991258897118111","1.02895908245178","0.0509329382205574","STZ_1_mes","Control_1_mes","317503.8569","Nipped-B-like protein OS=Mus musculus OX=10090 GN=Nipbl PE=1 SV=1","5673.38086977362","9905.19373460972","6045.26261351589","7733.63628908602","5078.70657042926","9437.70084330092","3903.30517264485","8626.62499640473","3236.23865815781","7667.5381339907","3352.29745081965","6555.38379596889"
"Q8K203","1","1","4.618","0.914782287122293","0.991258897118111","1.18483116304474","0.0509221875523757","Control_1_mes","STZ_1_mes","69184.3257","Endonuclease 8-like 3 OS=Mus musculus OX=10090 GN=Neil3 PE=1 SV=1","842.286276074449","217.73613466367","308.059070650988","276.673937224437","575.455905828852","302.533812039519","579.495798663055","189.630615234419","164.914700514073","274.309249239394","379.840681759672","210.138600714844"
"REVERSE15920","2","1","14.797","0.917119431321152","0.991258897118111","1.00599929778871","0.0508720275935064","STZ_1_mes","Control_1_mes","44399.3448","Reversed Sequence 15920","44328.2733735867","32109.9873106139","53634.8838947878","26462.1744074028","62400.8343055248","41990.4833947043","30498.001584096","27965.2096253416","28712.6127983326","26236.0064260344","41188.8646982315","29166.3975157607"
"Q6IFZ6","26","12","196.6626","0.917582387206801","0.991258897118111","1.05248674107247","0.0508622607284487","STZ_1_mes","Control_1_mes","61415.8812","Keratin_ type II cytoskeletal 1b OS=Mus musculus OX=10090 GN=Krt77 PE=1 SV=1","12284.5997886868","26310.3503867954","14136.5804494362","28783.4264081749","13947.2350488636","12768.575362145","8451.84608608275","22914.1935425092","7567.80161085769","28537.4190564214","9206.13936873615","8868.99398660499"
"G3X977;Q61703;F6SGM1","6","5","32.0148","0.9176665542166","0.991258897118111","1.00359349980478","0.0508604910815997","Control_1_mes","STZ_1_mes","106760.7795","Inter-alpha-trypsin inhibitor heavy chain H2 OS=Mus musculus OX=10090 GN=Itih2 PE=1 SV=1","2460.97613773278","1524.70550456275","1888.92002649509","1998.27966620238","1968.62768592806","1886.65952522911","1693.15988273341","1327.89554351257","1011.20437650542","1981.2006888154","1299.4303729959","1310.46506829851"
"Q8CCX5;Q8CCX5-2","7","3","44.6141","0.919597449186928","0.991258897118111","1.00334113499348","0.0508204001252927","STZ_1_mes","Control_1_mes","34425.9595","Keratin-like protein KRT222 OS=Mus musculus OX=10090 GN=Krt222 PE=2 SV=1","23649.0718077005","24774.3685100278","18618.7018158668","21869.0471063187","21620.9696433957","23776.122231001","16270.6411633757","21576.4771881232","9967.23656744127","21682.1358509419","14271.3347216825","16514.785644505"
"P57780;A0A1L1SV25;E9Q2W9;A0A1L1SVJ6;D3Z0L8;D3Z761","45","20","310.6523","0.92576481996621","0.991258897118111","1.00893018826057","0.0506988415992926","Control_1_mes","STZ_1_mes","105433.5004","Alpha-actinin-4 OS=Mus musculus OX=10090 GN=Actn4 PE=1 SV=1","30729.7066457264","48867.2618751668","62777.7913982356","43935.8408293254","56479.4888582886","40699.2504644455","21142.1418123315","42559.4444786273","33607.1281572626","43560.3282097989","37280.3673332194","28269.5130342137"
"Q9EPQ2;E7CHD7;E9QQ97;M0QW58;M0QWL3;M0QWM1;Q9EPQ2-3;Q9EPQ2-4;Q9EPQ2-5","3","3","10.122","0.930491490190441","0.991258897118111","1.01208675478348","0.0506123537729697","Control_1_mes","STZ_1_mes","153079.9543","X-linked retinitis pigmentosa GTPase regulator-interacting protein 1 OS=Mus musculus OX=10090 GN=Rpgrip1 PE=1 SV=1","46039.3952136137","120382.043241755","105418.916493034","108109.838671136","58626.6651746591","101857.422182373","31675.2591810232","104843.052157477","56434.4007310957","107185.841134052","38697.6521461951","70749.6991014974"
"REVERSE17784","5","2","35.939","0.933463799746544","0.991258897118111","1.02186937692803","0.0505609238530498","STZ_1_mes","Control_1_mes","45134.8528","Reversed Sequence 17784","27032.5934333571","30568.4629674355","19228.1865500841","29847.3309598874","18887.9232475123","29774.1964166648","18598.5154532095","26622.6662296516","10293.5148756857","29592.2305857267","12467.335152336","20681.0205121455"
"B1AZS9;O08807","3","2","16.0775","0.93783897462069","0.991258897118111","1.10453775874478","0.0504893632463675","Control_1_mes","STZ_1_mes","26562.0169","thioredoxin-dependent peroxiredoxin (Fragment) OS=Mus musculus OX=10090 GN=Prdx4 PE=1 SV=1","634.225246162107","191.476023408025","200.052041707099","355.690108384832","364.067020324638","208.914891016606","436.349108369536","166.760175923902","107.094793461649","352.650081795649","240.309403041301","145.111326799363"
"Q01320","16","7","85.8109","0.939600730191797","0.991258897118111","1.0163324196352","0.0504619387522016","Control_1_mes","STZ_1_mes","173588.9291","DNA topoisomerase 2-alpha OS=Mus musculus OX=10090 GN=Top2a PE=1 SV=2","31156.9421593814","121998.399184159","55073.8840135949","129783.502351407","35067.4512207833","40032.0368099109","21436.0812866354","106250.767841735","29482.9594501331","128674.263469906","23146.9421798547","27806.0694845604"
"F6XVM5","1","1","14.7008","0.942638659465538","0.991258897118111","1.03387429017229","0.0504165210771139","STZ_1_mes","Control_1_mes","7839.2361","Oligomycin sensitivity conferral protein (Fragment) OS=Mus musculus OX=10090 GN=Atp5po PE=1 SV=1","72974.0439848827","59108.5732713178","97995.9017149917","52314.2249883061","100575.654288353","84982.3862085743","50206.3883763846","51478.8008539907","52460.6035744481","51867.1036565403","66386.8850877252","59028.3763751521"
"B1AQ77;Q61414","17","4","160.3329","0.944076280922332","0.991258897118111","1.01020004591897","0.0503958536421387","STZ_1_mes","Control_1_mes","49665.1683","Keratin 15 OS=Mus musculus OX=10090 GN=Krt15 PE=1 SV=1","6093.92554188271","5413.32156833003","6391.79312282207","5246.28593338399","6829.72013193206","6005.60520000119","4192.6413253994","4714.56656034529","3421.74845353716","5201.44676480444","4508.0874570299","4171.465875719"
"P14069","3","2","21.4435","0.946226749460253","0.991258897118111","1.01438715950865","0.0503659267985541","STZ_1_mes","Control_1_mes","10107.6646","Protein S100-A6 OS=Mus musculus OX=10090 GN=S100a6 PE=1 SV=3","5266.02369105021","4766.61533919139","6717.26867850768","4747.97451027357","6993.03404522621","5249.8827472105","3623.04205981622","4151.33758460857","3595.98680229643","4707.39432989819","4615.88593044576","3646.54452002776"
"REVERSE35176","1","1","6.9377","0.947223293853933","0.991258897118111","1.34755735254175","0.0503524599386392","Control_1_mes","STZ_1_mes","26310.3022","Reversed Sequence 35176","11.3373577675757","0","0","0","8.41326548824901","0","7.80014038085709","0","0","0","5.55333686997047","0"
"P17156","25","10","159.0606","0.951653462102745","0.991258897118111","1.01323502442865","0.0502956672213218","STZ_1_mes","Control_1_mes","69926.8927","Heat shock-related 70 kDa protein 2 OS=Mus musculus OX=10090 GN=Hspa2 PE=1 SV=2","82723.4799848252","71360.4775966873","57849.7360145883","55655.9198320017","78876.4918593593","80206.2295167383","56914.0332256301","62149.2215381911","30968.9692613289","55180.2375677324","52063.9377217215","55710.8798042691"
"Q80WJ6;D6RCU5;D6RGU5;Q80WJ6-2;Q80WJ6-3;Q80WJ6-4","3","2","19.9351","0.95189153943656","0.991258897118111","1.98473354900711","0.0502927570898463","STZ_1_mes","Control_1_mes","154429.2033","ATP-binding cassette sub-family C member 12 OS=Mus musculus OX=10090 GN=Abcc12 PE=1 SV=1","817.347293994615","15013.3793139806","1774.46175596952","33540.0305570993","803.0575179296","598.519907481869","562.337694882055","13075.4427162745","949.930896178434","33253.3692688262","530.073480892087","415.729187459511"
"Q6NXH9","28","15","193.1777","0.952162797937821","0.991258897118111","1.03711987029186","0.0502894590054608","Control_1_mes","STZ_1_mes","59538.823","Keratin_ type II cytoskeletal 73 OS=Mus musculus OX=10090 GN=Krt73 PE=1 SV=1","16616.7722376957","11104.3659982284","29900.5781419407","10981.4066441481","27846.0322293993","16731.9212625663","11432.3953418355","9671.00733778011","16006.8160923018","10887.5503141635","18380.3063956434","11621.915903163"
"Q9CQV3;A0A087WST6","18","16","127.2771","0.952709940007962","0.991258897118111","1.05131811692324","0.0502828637529313","Control_1_mes","STZ_1_mes","43767.4408","Serpin B11 OS=Mus musculus OX=10090 GN=Serpinb11 PE=2 SV=1","2957.6119884581","5841.54165921045","2297.3051510607","4308.00584551062","3046.50140451397","3200.29877881462","2034.84702300368","5087.51172819639","1229.82709184966","4271.18600709516","2010.90154562867","2222.91287944265"
"P62737;P63268;P68033;P68134;A0A494B9T3;D3YZY0;D3Z2K3;A0A0U1RQ96;A0A1D5RM20","12","2","108.2916","0.964388630798862","0.992826748878252","3.48259767171709","0.0501602798814789","STZ_1_mes","Control_1_mes","42408.2561","Actin_ aortic smooth muscle OS=Mus musculus OX=10090 GN=Acta2 PE=1 SV=1","219.915530186269","241.801825830718","347.340600409532","113.872909020939","2631.25666012456","72.4937861896812","151.302626462878","210.589891603949","185.943465231747","112.899655441346","1736.81130655324","50.3538519801243"
"P48756","1","1","5.3779","0.96755142183844","0.992826748878252","1.01680281663346","0.0501330506985598","STZ_1_mes","Control_1_mes","16502.8957","Gastric inhibitory polypeptide OS=Mus musculus OX=10090 GN=Gip PE=2 SV=2","2482.01256813274","2017.7733728153","685.16769311234","1094.86492231001","1085.95290330716","3091.2576336093","1707.63301779678","1757.31789618492","366.794019967538","1085.50728655652","716.803993099979","2147.17339921954"
"P02815;A0A2I3BRY2","15","12","65.6697","0.969669100879676","0.992826748878252","1.0198854790356","0.0501162382323397","STZ_1_mes","Control_1_mes","14859.5094","Mucin-like protein 2 OS=Mus musculus OX=10090 GN=Mucl2 PE=2 SV=2","140889.758156674","102392.986913536","87791.3847179223","76279.7234924265","134064.248711808","127313.725251028","96932.6287814639","89176.0347178769","46997.7718490059","75627.7728697749","88491.6726277142","88431.5306632579"
"Q792Z1","7","6","43.8866","0.971002415754628","0.992826748878252","1.00101251545406","0.0501062364550383","Control_1_mes","STZ_1_mes","26905.2215","trypsin OS=Mus musculus OX=10090 GN=Try10 PE=1 SV=1","34846.7321827379","37071.5127562599","50477.0583167436","37257.6552468997","47770.417013419","37243.4292105917","23974.6692670181","32286.298195286","27022.1192888302","36939.2200137258","31531.7778174258","25869.1154134989"
"Q7TPR4;A1BN54","27","7","202.7225","0.973700114087785","0.992826748878252","1.03726389041059","0.0500873781803394","Control_1_mes","STZ_1_mes","103695.9952","Alpha-actinin-1 OS=Mus musculus OX=10090 GN=Actn1 PE=1 SV=1","11418.9047808762","19749.6159765391","26126.8022484977","18684.9160799049","21409.860870825","15142.2013492025","7856.24500103613","17200.3229232466","13986.5830247956","18525.2190842322","14131.9883368658","10517.703729751"
"P97821;D3Z220","7","6","43.7478","0.976137095001477","0.992826748878252","1.01929701724323","0.0500719276091136","Control_1_mes","STZ_1_mes","53174.8526","Dipeptidyl peptidase 1 OS=Mus musculus OX=10090 GN=Ctsc PE=1 SV=1","6349.76150208859","6796.02745821646","3543.1132116883","4380.01834433614","5492.88840965224","6500.04626134557","4368.65732886226","5918.79189020355","1896.75133719734","4342.58302658621","3625.68609900171","4514.90237316842"
"P07356;B0V2N7;B0V2N8;B0V2N5","15","13","90.0874","0.97644266754503","0.992826748878252","1.02420602969885","0.0500700963824445","STZ_1_mes","Control_1_mes","38961.4131","Annexin A2 OS=Mus musculus OX=10090 GN=Anxa2 PE=1 SV=2","8441.19330150173","5518.93827310452","9274.10655914036","5688.5052556687","11885.1960155728","6222.94552080069","5807.56946049374","4806.55019336217","4964.75076193743","5639.8865091186","7845.05104852492","4322.42946747038"
"O54827","8","2","38.4857","0.979331702390861","0.992826748878252","1.07746342125858","0.0500539512210992","Control_1_mes","STZ_1_mes","170955.0129","Phospholipid-transporting ATPase VA OS=Mus musculus OX=10090 GN=Atp10a PE=1 SV=4","1451.01705417851","950.593493893914","2376.59830685194","1606.33483384263","1349.95072049305","1478.39757332258","998.30462702513","827.890278126706","1272.27546713201","1592.60574638448","891.060803825589","1026.8881857002"
"Q91YW3","4","3","20.9713","0.981891572580453","0.992826748878252","1.04096684917813","0.0500414103629447","Control_1_mes","STZ_1_mes","57920.3176","DnaJ homolog subfamily C member 3 OS=Mus musculus OX=10090 GN=Dnajc3 PE=1 SV=1","9831.10261890856","13312.0806716522","23027.3180231444","17223.4595771467","17156.5713515568","9973.44809914269","6763.83175852589","11593.7487900892","12327.321664005","17076.2534169585","11324.5232046883","6927.51138699894"
"A0A8D3UE05;Q09PK2","1","1","6.6871","0.982449610084442","0.992826748878252","1.72251542810107","0.0500388965791836","STZ_1_mes","Control_1_mes","28222.7707","Retroviral-like aspartic protease 1 OS=Mus musculus OX=10090 GN=Asprv1 PE=1 SV=1","0","848.098931629621","196.798413802087","1722.94780626135","0","76.9039920266256","0","738.62577946927","105.353013645183","1708.22204633906","0","53.4171607626774"
"B2RQ06;Q9JKD9;Q9JKD9-2","2","2","11.0093","0.985390440539801","0.992826748878252","1.85660121007965","0.0500269499904312","STZ_1_mes","Control_1_mes","51597.8792","Zinc finger and BTB domain-containing protein 32 OS=Mus musculus OX=10090 GN=Zbtb32 PE=1 SV=1","1720.00825692605","1568.25610276355","858.47774400557","1793.08607474518","5664.79768194854","240.962650914964","1183.37148172447","1365.82460266208","459.572898637586","1777.76085423604","3739.15810359567","167.371554096557"
"A0A571BE72","2","1","20.0534","0.989695299432158","0.992826748878252","1.02784536179081","0.0500134044378447","STZ_1_mes","Control_1_mes","11312.0878","Myosin VIIA (Fragment) OS=Mus musculus OX=10090 GN=Myo7a PE=1 SV=1","143.675887927319","214.02348978383","328.310218383927","218.466153115832","354.15283964403","132.492788730449","98.8494954602654","186.39720092862","175.755841975632","216.59895777176","233.765358379206","92.0288844441199"
"Q14C51;A0A0U1RP36;A0A0U1RQ61","5","5","17.9806","0.990068896798034","0.992826748878252","1.0266321009324","0.0500124497202029","Control_1_mes","STZ_1_mes","78366.5906","Small ribosomal subunit protein mS39 OS=Mus musculus OX=10090 GN=Ptcd3 PE=1 SV=2","19263.1342465424","12104.6068493708","10136.0865647946","10566.5850700478","16048.2340091475","13812.3481825858","13253.1013291342","10542.1364605493","5426.19854265424","10476.2741538526","10592.9439342418","9593.99380884957"
"P62331","4","2","30.506","0.993677562094196","0.993677562094196","1.1365103171063","0.0500050434659269","STZ_1_mes","Control_1_mes","20196.2516","ADP-ribosylation factor 6 OS=Mus musculus OX=10090 GN=Arf6 PE=1 SV=2","1017.05124523192","3777.91065705278","505.780072047633","3855.27159196697","272.504280841269","1896.57206933884","699.734686861773","3290.2555347747","270.761607283496","3822.32120096138","179.871664829106","1317.35027605331"
"A0A0B4J1I0;A0A0G2JDE5;A0A140T8M0;A0A140T8M9;A0A140T8N1;F6XWB2;P01631","1","0","6.874",,,,,"---","---","13193.0706","Immunoglobulin kappa variable 1-110 (Fragment) OS=Mus musculus OX=10090 GN=Igkv1-110 PE=1 SV=5",,,,,,,"0","0","0","0","0","0"
"A0A1N9M8B2;Q8K1K9","1","0","5.6529",,,,,"---","---","49630.958","Histone H4 transcription factor (Fragment) OS=Mus musculus OX=10090 GN=Hinfp PE=1 SV=1",,,,,,,"0","0","0","0","0","0"
"A0A9L6KDW7","3","0","13.6442",,,,,"---","---","55178.6398","Zinc finger protein 33B OS=Mus musculus OX=10090 GN=Zfp33b PE=4 SV=1",,,,,,,"0","0","0","0","0","0"
"A0A140LHZ2;A0A140LIW0;A0A286YDU8","1","0","5.9726",,,,,"---","---","13550.9817","Coiled-coil and C2 domain containing 2B (Fragment) OS=Mus musculus OX=10090 GN=Cc2d2b PE=4 SV=1",,,,,,,"0","0","0","0","0","0"
"A0A338P675;P47941","1","0","5.8145",,,,,"---","---","16872.7876","V-crk avian sarcoma virus CT10 oncogene homolog-like (Fragment) OS=Mus musculus OX=10090 GN=Crkl PE=1 SV=1",,,,,,,"0","0","0","0","0","0"
"A2ALV1;A2ALV3;Q62420;Q8BXU5","1","0","5.4154",,,,,"---","---","20289.2667","SH3-domain GRB2-like 2 OS=Mus musculus OX=10090 GN=Sh3gl2 PE=1 SV=1",,,,,,,"0","0","0","0","0","0"
"B1ARJ2;G5E8M9;P35330","1","0","5.7733",,,,,"---","---","16077.3512","Intercellular adhesion molecule 2 (Fragment) OS=Mus musculus OX=10090 GN=Icam2 PE=1 SV=1",,,,,,,"0","0","0","0","0","0"
"F6Y6L6;A0A1B0GT66","6","0","49.2224",,,,,"---","---","30241.4076","Cathepsin D (Fragment) OS=Mus musculus OX=10090 GN=Gm49369 PE=1 SV=1",,,,,,,"0","0","0","0","0","0"
"F8WIV2;Q60854","3","0","17.6819",,,,,"---","---","45230.8328","Serpin B6 OS=Mus musculus OX=10090 GN=Serpinb6a PE=1 SV=1",,,,,,,"0","0","0","0","0","0"
"H3BKI6;Q925I1;Q925I1-2;V9GWS5","2","0","10.5337",,,,,"---","---","24122.8183","ATPase family_ AAA domain containing 3A OS=Mus musculus OX=10090 GN=Atad3a PE=1 SV=1",,,,,,,"0","0","0","0","0","0"
"O35691;Q3TUQ5","1","0","4.3773",,,,,"---","---","82606.8288","Pinin OS=Mus musculus OX=10090 GN=Pnn PE=1 SV=4",,,,,,,"0","0","0","0","0","0"
"P10853;P10854;P70696;Q64475;Q64478;Q64524;Q64525;Q6ZWY9;Q8CBB6;Q8CGP0;Q8CGP1;Q8CGP2;Q8CGP2-2;Q9D2U9","1","0","8.2054",,,,,"---","---","13936.1889","Histone H2B type 1-F/J/L OS=Mus musculus OX=10090 GN=H2bc7 PE=1 SV=2",,,,,,,"0","0","0","0","0","0"
"Q3UT41","8","0","61.9159",,,,,"---","---","45036.8738","Lipase OS=Mus musculus OX=10090 GN=Lipo3 PE=1 SV=1",,,,,,,"0","0","0","0","0","0"
"Q5EBJ4","2","0","19.4136",,,,,"---","---","32319.0178","Ermin OS=Mus musculus OX=10090 GN=Ermn PE=1 SV=1",,,,,,,"0","0","0","0","0","0"
"Q5I2A0;Q80X76","3","0","19.3868",,,,,"---","---","49420.694","Serine protease inhibitor A3G OS=Mus musculus OX=10090 GN=Serpina3g PE=1 SV=2",,,,,,,"0","0","0","0","0","0"
"Q8BGW3","1","0","14.8236",,,,,"---","---","23928.9659","Class E basic helix-loop-helix protein 23 OS=Mus musculus OX=10090 GN=Bhlhe23 PE=2 SV=1",,,,,,,"0","0","0","0","0","0"
"Q8BR26","2","0","10.5499",,,,,"---","---","21954.1295","Interferon-induced transmembrane protein 10 OS=Mus musculus OX=10090 GN=Ifitm10 PE=2 SV=3",,,,,,,"0","0","0","0","0","0"
"Q9CQV8;Q9CQV8-2;A2A5N1","7","0","44.2273",,,,,"---","---","28200.542","14-3-3 protein beta/alpha OS=Mus musculus OX=10090 GN=Ywhab PE=1 SV=3",,,,,,,"0","0","0","0","0","0"
"Q9CW03","5","0","29.9584",,,,,"---","---","141955.1436","Structural maintenance of chromosomes protein 3 OS=Mus musculus OX=10090 GN=Smc3 PE=1 SV=2",,,,,,,"0","0","0","0","0","0"
"Q9JM54","2","0","8.871",,,,,"---","---","11679.6802","Phorbol-12-myristate-13-acetate-induced protein 1 OS=Mus musculus OX=10090 GN=Pmaip1 PE=1 SV=1",,,,,,,"0","0","0","0","0","0"
"Q9Z2T6","5","0","30.6568",,,,,"---","---","57413.2213","Keratin_ type II cuticular Hb5 OS=Mus musculus OX=10090 GN=Krt85 PE=1 SV=2",,,,,,,"0","0","0","0","0","0"
"Q91VN6;A0A1S6GWJ4","4","0","10.7127",,,,,"---","---","70504.041","Probable ATP-dependent RNA helicase DDX41 OS=Mus musculus OX=10090 GN=Ddx41 PE=1 SV=2",,,,,,,"0","0","0","0","0","0"
"Q99PW8;A2AM72","3","0","15.8203",,,,,"---","---","117000.436","Kinesin-like protein KIF17 OS=Mus musculus OX=10090 GN=Kif17 PE=1 SV=1",,,,,,,"0","0","0","0","0","0"
"Q61765","6","0","45.2307",,,,,"---","---","48942.2702","Keratin_ type I cuticular Ha1 OS=Mus musculus OX=10090 GN=Krt31 PE=1 SV=2",,,,,,,"0","0","0","0","0","0"
"Q61897","6","0","44.8786",,,,,"---","---","47517.4968","Keratin_ type I cuticular Ha3-II OS=Mus musculus OX=10090 GN=Krt33b PE=1 SV=2",,,,,,,"0","0","0","0","0","0"
"Q64437","2","0","13.1591",,,,,"---","---","40702.7986","All-trans-retinol dehydrogenase [NAD(+)] ADH7 OS=Mus musculus OX=10090 GN=Adh7 PE=2 SV=2",,,,,,,"0","0","0","0","0","0"
"REVERSE1833","1","0","4.9834",,,,,"---","---","5679.487","Reversed Sequence 1833",,,,,,,"0","0","0","0","0","0"
"REVERSE1939","2","0","11.226",,,,,"---","---","73577.3165","Reversed Sequence 1939",,,,,,,"0","0","0","0","0","0"
"REVERSE11332","1","0","4.4795",,,,,"---","---","35401.6505","Reversed Sequence 11332",,,,,,,"0","0","0","0","0","0"
"REVERSE33424","1","0","13.1868",,,,,"---","---","12542.5964","Reversed Sequence 33424",,,,,,,"0","0","0","0","0","0"
"REVERSE52262","1","0","5.9583",,,,,"---","---","16135.144","Reversed Sequence 52262",,,,,,,"0","0","0","0","0","0"
